N_followers,active_count,active_indices,actuator_tau_s,alpha_mps2,budget_ok,case_id,command_delay_s,controller,disturbance_end_s,disturbance_half_duration_s,disturbance_location,disturbance_start_s,disturbance_waveform,dt_s,equipped_count,equipped_indices,failure_count,first_limit_kind,first_limit_time_s,first_limit_value,first_limit_vehicle,hdv_model,heavy_indices,horizon_s,information_delay_s,layout,mean_loss_m_per_follower,min_gap_m,normalized_loss,peak_braking_mps2,peak_constraint_kind,peak_constraint_time_s,peak_constraint_usage,peak_constraint_vehicle,peak_jerk_mps3,predicted_bottleneck_constraint,predicted_bottleneck_margin,predicted_bottleneck_time_s,predicted_bottleneck_vehicle,pulse_internal_gain,pulse_tail_gain,reaction_delay_s,recovered,run_id,safe,seed,studies,success,target_gap_m,target_speed_mps,terminal_acceleration_error_mps2,terminal_gap_error_m,terminal_speed_error_mps,throughput_loss_vehicle_m,total_vehicles
40,4,"[1,14,27,40]",0.35,2.5,0.0,even_idm_leader_d02,0.2,acc,8.0,1.5,0,5.0,closed symmetric acceleration-command pulse,0.1,4,"[1,14,27,40]",130.0,jerk_saturation,5.0,-25.0,0,idm,[],60.0,0.2,even,247.5855639233213,-2.5209032320621247,0.2063213032694344,4.5,gap_lower,42.0,1.3260451616031061,25,5.000000000000004,gap_lower,-0.5015451616031072,41.5,25,5.333333333333333,3.9015643986758923,0.7,0.0,002afbc14ad7203d,0.0,131,controller_comparison,0.0,24.0,20.0,4.5,98.46008829366508,20.0,9903.422556932852,41
40,4,"[1,14,27,40]",0.35,2.5,1.0,even_idm_leader_cmd04,0.4,margin,8.0,1.5,0,5.0,closed symmetric acceleration-command pulse,0.1,4,"[1,14,27,40]",1.0,jerk_saturation,5.0,-25.0,0,idm,[],60.0,0.2,even,7.4474863941533185,17.768573398377953,0.006206238661794432,2.5,gap_lower,8.5,0.3115713300811024,1,5.0,gap_lower,0.6226531178538599,7.2,1,0.35790496768155816,0.0,0.7,1.0,003eefdb7d2c0837,1.0,113,prediction_scope,1.0,24.0,20.0,0.18492294877134527,1.7049999999999272,0.5250000000000021,297.89945576613275,41
40,4,"[1,14,27,40]",0.35,1.8,0.0,even_idm_leader_d02,0.2,acc,8.0,1.5,0,5.0,closed symmetric acceleration-command pulse,0.1,4,"[1,14,27,40]",111.0,jerk_saturation,5.0,-18.0,0,idm,[],60.0,0.2,even,185.35765860090058,-2.5955090085491292,0.15446471550075047,4.5,gap_lower,55.1,1.3297754504274564,35,5.000000000000004,gap_lower,-0.5052754504274564,54.6,35,7.4074074074074066,5.03150315383677,0.7,0.0,00851ac6754e553b,0.0,149,controller_comparison,0.0,24.0,20.0,4.5,135.63300768116505,20.0,7414.306344036023,41
40,4,"[19,20,21,22]",0.35,1.8,0.0,middle_idm_leader_d02,0.2,margin,8.0,1.5,0,5.0,closed symmetric acceleration-command pulse,0.1,4,"[19,20,21,22]",76.0,jerk_saturation,5.0,-18.0,0,idm,[],60.0,0.2,middle,106.45276366870527,-87.84655400485923,0.08871063639058774,4.5,gap_lower,45.800000000000004,5.592327700242961,19,5.000000000000004,gap_lower,-4.596397308741561,44.800000000000004,19,7.4074074074074066,0.001326156803665044,0.7,0.0,00dda82f66caca36,0.0,3,layout_comparison,0.0,24.0,20.0,4.5,116.33631334415253,20.0,4258.110546748211,41
20,2,"[1,20]",0.35,1.8,1.0,even_idm_leader_N20,0.2,margin,8.0,1.5,0,5.0,closed symmetric acceleration-command pulse,0.1,2,"[1,20]",1.0,jerk_saturation,5.0,-18.0,0,idm,[],60.0,0.2,even,7.771538562539126,20.118271619165995,0.006476282135449272,1.8,jerk,6.1000000000000005,0.1949187838400666,1,5.0,gap_lower,0.7314541031193812,6.7,1,0.3239786377755459,0.1666666666666585,0.7,1.0,015f2900dd912b11,1.0,131,chain_length_scope,1.0,24.0,20.0,0.04031010569304862,1.599499999999125,0.1600775264232439,155.43077125078253,21
40,0,[],0.35,0.25,1.0,even_idm_leader_d02,0.2,human,8.0,1.5,0,5.0,closed symmetric acceleration-command pulse,0.1,0,[],0.0,acceleration_upper,8.9,0.08939207863011335,1,idm,[],60.0,0.2,even,0.3859761191482568,23.598827532064817,0.0003216467659568807,0.25,acceleration_upper,8.9,0.08939207863011335,1,5.0,acceleration_upper,0.9131947058832561,8.9,1,0.742536747692308,0.00011533551545047278,0.7,1.0,019f5b1e8ac929e4,1.0,79,controller_comparison,1.0,24.0,20.0,0.007114859798563741,0.06756446730543075,0.03270760497555969,15.439044765930273,41
40,0,[],0.35,2.0,0.0,even_idm_leader_d02,0.2,human,8.0,1.5,0,5.0,closed symmetric acceleration-command pulse,0.1,0,[],132.0,jerk_saturation,5.0,-20.0,0,idm,[],60.0,0.2,even,250.77577853099933,-2.3872579874730064,0.20897981544249944,4.5,gap_lower,29.400000000000002,1.3193628993736504,15,5.000000000000004,gap_lower,-0.4948628993736506,28.900000000000002,15,6.666666666666667,4.816488980145055,0.7,0.0,01a62d29aefbc162,0.0,79,controller_comparison,0.0,24.0,20.0,4.5,81.25169759537653,20.0,10031.031141239973,41
40,4,"[1,14,27,40]",0.35,2.1,1.0,even_idm_internal8_d02,0.2,margin,8.0,1.5,8,5.0,closed symmetric acceleration-command pulse,0.1,4,"[1,14,27,40]",2.0,jerk_saturation,5.0,-21.0,8,idm,[],60.0,0.2,even,6.183134583731552,17.241663822861682,0.0051526121531096265,2.1,jerk,5.1000000000000005,1.0,8,5.0,acceleration_upper,0.0,6.5,8,0.9528352348331521,0.1349198177707324,0.7,1.0,01c3cdf1b1735dcb,1.0,149,prediction_scope,1.0,24.0,20.0,0.17798578232183326,2.5523006077786476,0.4315215519642557,247.32538334926207,41
20,2,"[1,20]",0.35,2.0,1.0,even_idm_leader_N20,0.2,predictive,8.0,1.5,0,5.0,closed symmetric acceleration-command pulse,0.1,2,"[1,20]",1.0,jerk_saturation,5.0,-20.0,0,idm,[],60.0,0.2,even,6.431901381863476,19.272922396420682,0.005359917818219563,2.0,gap_lower,8.3,0.23635388017896589,1,5.0,gap_lower,0.6939790965800888,6.800000000000001,1,0.2611927729978933,0.05833333333333476,0.7,1.0,01e1a665d6c0d582,1.0,191,chain_length_scope,1.0,24.0,20.0,0.013996278479447807,2.0691350790790466,0.17500000000000426,128.63802763726952,21
40,0,[],0.35,0.0,1.0,even_idm_leader_d02,0.2,human,8.0,1.5,0,5.0,closed symmetric acceleration-command pulse,0.1,0,[],0.0,jerk,0.1,3.078257215171215e-16,20,idm,[],60.0,0.2,even,0.0,24.0,0.0,1.5350796098647517e-16,jerk,0.1,3.078257215171215e-16,20,1.5391286075856077e-15,acceleration_upper,0.9999999999999999,0.0,2,0.0,0.0,0.7,1.0,01ef9c35c30caaee,1.0,47,controller_comparison,1.0,24.0,20.0,1.5391286075856078e-16,0.0,0.0,0.0,41
20,2,"[1,20]",0.35,2.5,1.0,even_idm_leader_N20,0.2,predictive,8.0,1.5,0,5.0,closed symmetric acceleration-command pulse,0.1,2,"[1,20]",1.0,jerk_saturation,5.0,-25.0,0,idm,[],60.0,0.2,even,9.061055946680494,17.44987155700528,0.0075508799555670785,2.5,gap_lower,8.8,0.32750642214973597,1,5.0,gap_lower,0.616796615564511,7.0,1,0.2666430711583966,0.08666666666667026,0.7,1.0,020f5bdeaa39e847,1.0,97,chain_length_scope,1.0,24.0,20.0,0.016231578019592234,1.790814733583261,0.3250000000000135,181.2211189336099,21
40,4,"[1,14,27,40]",0.35,2.0,1.0,even_idm_leader_d02,0.2,predictive,8.0,1.5,0,5.0,closed symmetric acceleration-command pulse,0.1,4,"[1,14,27,40]",1.0,jerk_saturation,5.0,-20.0,0,idm,[],60.0,0.2,even,3.766346948879869,19.272922396420682,0.0031386224573998907,2.0,gap_lower,8.3,0.23635388017896589,1,5.0,gap_lower,0.6939790965800888,6.800000000000001,1,0.2535656969648474,0.0,0.7,1.0,028cc190ef6f39be,1.0,11,controller_comparison,1.0,24.0,20.0,0.08387264539436089,1.4429409077075661,0.2233846717797725,150.65387795519476,41
40,4,"[1,14,27,40]",0.35,1.0,1.0,even_idm_leader_d02,0.2,acc,8.0,1.5,0,5.0,closed symmetric acceleration-command pulse,0.1,4,"[1,14,27,40]",1.0,jerk_saturation,5.0,-10.0,0,idm,[],60.0,0.2,even,2.7262708075545348,22.244023710325138,0.002271892339628779,1.0,acceleration_upper,9.1,0.4260524990731095,1,5.0,acceleration_upper,0.5444537387124273,8.5,1,0.8778495915594012,0.00130536156133824,0.7,1.0,02a68b9fa0c9e0b1,1.0,3,controller_comparison,1.0,24.0,20.0,0.08590222780071606,0.6159666151475847,0.372586252619179,109.05083230218139,41
40,4,"[1,14,27,40]",0.35,2.0,1.0,even_ovm_leader_d02,0.2,margin,8.0,1.5,0,5.0,closed symmetric acceleration-command pulse,0.1,4,"[1,14,27,40]",2.0,jerk_saturation,5.0,-20.0,0,ovm,[],60.0,0.2,even,8.100756676679405,17.516437750607338,0.006750630563899503,2.0,gap_lower,55.300000000000004,0.32417811246963313,27,5.0,gap_lower,0.6722794375799686,54.2,27,0.6635231554192641,0.0,0.7,0.0,02cb85cfa7b78b15,1.0,149,prediction_scope,0.0,24.0,20.0,0.3627944650464592,5.749839801786379,1.3085449061732568,324.03026706717617,41
40,4,"[1,2,3,4]",0.35,0.25,1.0,front_idm_leader_d02,0.2,margin,8.0,1.5,0,5.0,closed symmetric acceleration-command pulse,0.1,4,"[1,2,3,4]",0.0,gap_lower,12.9,0.028125,1,idm,[],60.0,0.2,front,0.0,23.4375,0.0,0.25,gap_lower,12.9,0.028125,1,5.0,gap_lower,0.9535000000000021,6.7,1,0.0,0.0,0.7,1.0,0302e92376907c45,1.0,61,layout_comparison,1.0,24.0,20.0,1.5288806931485106e-16,0.5625,0.0,0.0,41
40,4,"[1,14,27,40]",0.35,1.9,1.0,even_idm_leader_d02,0.2,margin,8.0,1.5,0,5.0,closed symmetric acceleration-command pulse,0.1,4,"[1,14,27,40]",1.0,jerk_saturation,5.0,-18.999999999999996,0,idm,[],60.0,0.2,even,5.125868164168128,19.858526954864345,0.00427155680347344,1.9,jerk,6.0,0.2157434402332361,1,5.0,gap_lower,0.7185493977653218,6.7,1,0.3157433198713496,0.0,0.7,1.0,03323250131adb36,1.0,191,controller_comparison;layout_comparison;prediction_scope,1.0,24.0,20.0,0.09918171685721197,1.6780495319743522,0.3999999999998707,205.0347265667251,41
80,8,"[1,12,24,35,46,57,69,80]",0.35,2.2,0.0,even_idm_leader_N80,0.2,wave,8.0,1.5,0,5.0,closed symmetric acceleration-command pulse,0.1,8,"[1,12,24,35,46,57,69,80]",100.0,jerk_saturation,5.0,-22.0,0,idm,[],60.0,0.2,even,76.50468657979431,-31.43760203063377,0.06375390548316193,4.5,gap_lower,53.7,2.7718801015316883,24,5.000000000000004,gap_lower,-1.9341392606324839,52.400000000000006,24,6.0606060606060606,0.0,0.7,0.0,033704e30d84a9c5,0.0,149,chain_length_scope,0.0,24.0,20.0,4.5,82.11376533626367,20.0,6120.374926383544,81
40,4,"[1,14,27,40]",0.35,2.1,0.0,even_idm_leader_d02,0.2,wave,8.0,1.5,0,5.0,closed symmetric acceleration-command pulse,0.1,4,"[1,14,27,40]",100.0,jerk_saturation,5.0,-21.0,0,idm,[],60.0,0.2,even,157.4213324944731,-33.0219489041756,0.13118444374539423,4.5,gap_lower,60.0,2.8510974452087803,27,5.000000000000004,gap_lower,-2.032107853263478,59.900000000000006,27,6.349206349206349,3.5350447489545602,0.7,0.0,033f46aabcdf3f7a,0.0,61,controller_comparison,0.0,24.0,20.0,4.5,100.77123160942972,20.0,6296.853299778923,41
80,8,"[1,12,24,35,46,57,69,80]",0.35,2.5,1.0,even_idm_leader_N80,0.2,predictive,8.0,1.5,0,5.0,closed symmetric acceleration-command pulse,0.1,8,"[1,12,24,35,46,57,69,80]",1.0,jerk_saturation,5.0,-25.0,0,idm,[],60.0,0.2,even,2.5571123424241886,17.44987155700528,0.002130926952020157,2.5,gap_lower,8.8,0.32750642214973597,1,5.0,gap_lower,0.616796615564511,7.0,1,0.2666430711583966,0.0,0.7,1.0,035616848bc03074,1.0,149,chain_length_scope,1.0,24.0,20.0,0.08364910685288877,2.3345707290972655,0.317387242153643,204.5689873939351,81
20,2,"[1,20]",0.35,1.0,1.0,even_idm_leader_N20,0.2,margin,8.0,1.5,0,5.0,closed symmetric acceleration-command pulse,0.1,2,"[1,20]",1.0,jerk_saturation,5.0,-10.0,0,idm,[],60.0,0.2,even,5.208770742482104,22.041091224490145,0.004340642285401753,1.0,jerk,7.7,0.15796767347454377,1,5.0,gap_lower,0.8475557889641916,6.7,1,0.40167470081902934,0.23333333333334613,0.7,1.0,036bf9c9e63f0e8f,1.0,167,chain_length_scope,1.0,24.0,20.0,0.15889212827988353,1.7932741587750343,0.2000000000006068,104.17541484964208,21
40,4,"[1,14,27,40]",0.35,2.0,1.0,even_idm_leader_d02,0.2,margin,8.0,1.5,0,5.0,closed symmetric acceleration-command pulse,0.1,4,"[1,14,27,40]",1.0,jerk_saturation,5.0,-20.0,0,idm,[],60.0,0.2,even,6.045176440567992,19.56003271057392,0.005037647033806661,2.0,gap_lower,8.1,0.22199836447130394,1,5.0,gap_lower,0.7028209984038035,6.800000000000001,1,0.32117421141414937,0.0,0.7,1.0,0396338a6bf7a0a0,1.0,11,controller_comparison;layout_comparison,1.0,24.0,20.0,0.11906423774503173,2.3075000000003456,0.42759855402708524,241.8070576227197,41
40,4,"[1,14,27,40]",0.35,2.0,0.0,even_idm_leader_d02,0.2,wave,8.0,1.5,0,5.0,closed symmetric acceleration-command pulse,0.1,4,"[1,14,27,40]",100.0,jerk_saturation,5.0,-20.0,0,idm,[],60.0,0.2,even,153.54561612492265,-33.07201563117556,0.1279546801041022,4.5,gap_lower,60.0,2.853600781558778,27,5.000000000000004,gap_lower,-2.0342792038011677,59.900000000000006,27,6.666666666666667,3.788092342132106,0.7,0.0,03a197b1eaffbe14,0.0,149,controller_comparison,0.0,24.0,20.0,4.5,104.08900256336204,20.0,6141.824644996906,41
20,2,"[1,20]",0.35,2.5,1.0,even_idm_leader_N20,0.2,predictive,8.0,1.5,0,5.0,closed symmetric acceleration-command pulse,0.1,2,"[1,20]",1.0,jerk_saturation,5.0,-25.0,0,idm,[],60.0,0.2,even,9.297980114353672,17.44987155700528,0.007748316761961393,2.5,gap_lower,8.8,0.32750642214973597,1,5.0,gap_lower,0.616796615564511,7.0,1,0.2666430711583966,0.09333333333333277,0.7,1.0,03bad386eb54e88f,1.0,131,chain_length_scope,1.0,24.0,20.0,0.21679742284252312,1.4781358100162834,0.34999999999999787,185.95960228707344,21
40,4,"[37,38,39,40]",0.35,2.5,0.0,rear_idm_leader_d02,0.2,margin,8.0,1.5,0,5.0,closed symmetric acceleration-command pulse,0.1,4,"[37,38,39,40]",133.0,jerk_saturation,5.0,-25.0,0,idm,[],60.0,0.2,rear,283.37084432426434,-57.15914956636828,0.2361423702702203,4.5,gap_lower,60.0,4.057957478318414,37,5.000000000000004,gap_lower,-3.5386913701056057,59.900000000000006,37,5.333333333333333,0.16333522302864764,0.7,0.0,03be7ae82f6bc451,0.0,47,layout_comparison,0.0,24.0,20.0,4.5,147.07801689593907,20.0,11334.833772970575,41
40,4,"[1,14,27,40]",0.35,1.9,1.0,even_idm_leader_d02,0.2,margin,8.0,1.5,0,5.0,closed symmetric acceleration-command pulse,0.1,4,"[1,14,27,40]",1.0,jerk_saturation,5.0,-18.999999999999996,0,idm,[],60.0,0.2,even,5.520444380242931,19.858526954864345,0.004600370316869109,1.9,jerk,6.0,0.2157434402332361,1,5.0,gap_lower,0.7185493977653218,6.7,1,0.3157433198713496,0.0,0.7,1.0,03cdb777c7894ae9,1.0,29,controller_comparison;layout_comparison,1.0,24.0,20.0,0.20351639197953236,1.952807689336396,0.4347883915265278,220.81777520971724,41
40,4,"[1,14,27,40]",0.35,0.0,1.0,even_idm_leader_d02,0.2,margin,8.0,1.5,0,5.0,closed symmetric acceleration-command pulse,0.1,4,"[1,14,27,40]",0.0,jerk,0.1,3.092860462114067e-16,6,idm,[],60.0,0.2,even,0.0,24.0,0.0,1.5331773592430868e-16,jerk,0.1,3.092860462114067e-16,6,1.5464302310570335e-15,acceleration_upper,0.9999999999999999,0.0,3,0.0,0.0,0.7,1.0,0428f29f0ff63554,1.0,97,controller_comparison;layout_comparison;prediction_scope,1.0,24.0,20.0,1.5464302310570336e-16,0.0,0.0,0.0,41
40,4,"[1,2,3,4]",0.35,1.7,1.0,front_idm_leader_d02,0.2,margin,8.0,1.5,0,5.0,closed symmetric acceleration-command pulse,0.1,4,"[1,2,3,4]",1.0,jerk_saturation,5.0,-17.0,0,idm,[],60.0,0.2,front,6.786089381015937,20.398261426893157,0.005655074484179947,1.7,jerk,6.1000000000000005,0.1949187838400666,1,5.0,gap_lower,0.7461541031193801,6.7,1,0.32347790797516185,3.757372473287165e-06,0.7,1.0,0465cb78131b70d2,1.0,11,layout_comparison,1.0,24.0,20.0,0.047478600220033425,2.854250000015554,0.41734994762054,271.4435752406375,41
40,4,"[1,14,27,40]",0.35,2.1,1.0,even_idm_leader_cmd04,0.4,margin,8.0,1.5,0,5.0,closed symmetric acceleration-command pulse,0.1,4,"[1,14,27,40]",1.0,jerk_saturation,5.0,-21.0,0,idm,[],60.0,0.2,even,6.210675952477534,19.164326437784013,0.005175563293731278,2.1,gap_lower,8.1,0.24178367811079937,1,5.0,gap_lower,0.6828209984038016,7.0,1,0.36259899702053916,0.0,0.7,1.0,04745a38d4389560,1.0,113,prediction_scope,1.0,24.0,20.0,0.23305990961316825,1.8620648342644017,0.4928571428561632,248.42703809910137,41
40,4,"[37,38,39,40]",0.35,1.8,0.0,rear_idm_leader_d02,0.2,margin,8.0,1.5,0,5.0,closed symmetric acceleration-command pulse,0.1,4,"[37,38,39,40]",119.0,jerk_saturation,5.0,-18.0,0,idm,[],60.0,0.2,rear,229.81881365576777,-53.726726675867965,0.19151567804647315,4.5,gap_lower,60.0,3.8863363337933983,37,5.000000000000004,gap_lower,-3.384519658827638,59.900000000000006,37,7.4074074074074066,0.18982489738915015,0.7,0.0,050b5098d2fac8b8,0.0,149,layout_comparison;prediction_scope,0.0,24.0,20.0,4.5,127.77017296830752,20.0,9192.752546230711,41
40,4,"[1,14,27,40]",0.35,0.0,1.0,even_idm_leader_d02,0.2,wave,8.0,1.5,0,5.0,closed symmetric acceleration-command pulse,0.1,4,"[1,14,27,40]",0.0,jerk,0.1,3.033043242170331e-16,32,idm,[],60.0,0.2,even,0.0,24.0,0.0,1.4158437991504552e-16,jerk,0.1,3.033043242170331e-16,32,1.5165216210851655e-15,acceleration_upper,0.9999999999999999,0.0,2,0.0,0.0,0.7,1.0,0536c879edaf8aca,1.0,131,controller_comparison,1.0,24.0,20.0,1.5165216210851655e-16,0.0,0.0,0.0,41
40,4,"[1,2,3,4]",0.35,0.0,1.0,front_idm_leader_d02,0.2,margin,8.0,1.5,0,5.0,closed symmetric acceleration-command pulse,0.1,4,"[1,2,3,4]",0.0,jerk,0.1,8.431356589244537e-16,34,idm,[],60.0,0.2,front,0.0,24.0,0.0,1.4937857699229206e-16,jerk,0.1,8.431356589244537e-16,34,4.215678294622268e-15,acceleration_upper,0.9999999999999998,0.0,34,0.0,0.0,0.7,1.0,0555b435aceeb9c5,1.0,11,layout_comparison,1.0,24.0,20.0,4.215678294622269e-16,0.0,0.0,0.0,41
40,4,"[37,38,39,40]",0.35,2.5,0.0,rear_idm_leader_d02,0.2,margin,8.0,1.5,0,5.0,closed symmetric acceleration-command pulse,0.1,4,"[37,38,39,40]",136.0,jerk_saturation,5.0,-25.0,0,idm,[],60.0,0.2,rear,292.5272907163568,-57.46458310946696,0.24377274226363063,4.5,gap_lower,60.0,4.0732291554733475,37,5.000000000000004,gap_lower,-3.5523442823082356,59.900000000000006,37,5.333333333333333,0.17000134978236758,0.7,0.0,058a9c4f50e00c0e,0.0,79,layout_comparison,0.0,24.0,20.0,4.5,101.2295156261979,20.0,11701.09162865427,41
40,4,"[1,14,27,40]",0.35,0.0,1.0,even_idm_leader_d02,0.2,acc,8.0,1.5,0,5.0,closed symmetric acceleration-command pulse,0.1,4,"[1,14,27,40]",0.0,jerk,0.1,3.092860462114067e-16,6,idm,[],60.0,0.2,even,0.0,24.0,0.0,1.5331773592430868e-16,jerk,0.1,3.092860462114067e-16,6,1.5464302310570335e-15,acceleration_upper,0.9999999999999999,0.0,3,0.0,0.0,0.7,1.0,05f7df3f840e54db,1.0,97,controller_comparison,1.0,24.0,20.0,1.5464302310570336e-16,0.0,0.0,0.0,41
40,4,"[1,14,27,40]",0.35,2.1,0.0,even_idm_leader_d02,0.2,wave,8.0,1.5,0,5.0,closed symmetric acceleration-command pulse,0.1,4,"[1,14,27,40]",91.0,jerk_saturation,5.0,-21.0,0,idm,[],60.0,0.2,even,135.90727194972527,-32.83215666837586,0.11325605995810441,4.5,gap_lower,60.0,2.841607833418793,27,5.000000000000004,gap_lower,-2.023876410698638,59.900000000000006,27,6.349206349206349,3.1083072119035746,0.7,0.0,06202649eee579af,0.0,167,controller_comparison,0.0,24.0,20.0,4.5,107.0915857572906,20.0,5436.290877989011,41
40,4,"[1,14,27,40]",0.35,0.25,1.0,even_idm_leader_d02,0.2,acc,8.0,1.5,0,5.0,closed symmetric acceleration-command pulse,0.1,4,"[1,14,27,40]",0.0,acceleration_upper,8.9,0.11045353428495491,1,idm,[],60.0,0.2,even,0.4019824942067355,23.60495247716439,0.00033498541183894624,0.25,acceleration_upper,8.9,0.11045353428495491,1,5.0,acceleration_upper,0.8798395296158674,8.3,1,0.8070695198907742,0.000484368741401416,0.7,1.0,06406249e9ac2cb4,1.0,149,controller_comparison,1.0,24.0,20.0,0.007140762725533455,0.0594551755187922,0.02944182136656437,16.07929976826942,41
80,8,"[1,12,24,35,46,57,69,80]",0.35,1.0,1.0,even_idm_leader_N80,0.2,predictive,8.0,1.5,0,5.0,closed symmetric acceleration-command pulse,0.1,8,"[1,12,24,35,46,57,69,80]",1.0,jerk_saturation,5.0,-10.0,0,idm,[],60.0,0.2,even,0.8380631398343027,21.882056486128107,0.000698385949861919,1.0,jerk,11.200000000000001,0.14285753923608713,1,5.0,gap_lower,0.836886763385144,6.7,1,0.2333332177228229,0.0,0.7,1.0,066ae2ab1ab6a198,1.0,131,chain_length_scope,1.0,24.0,20.0,0.20351639197953236,1.1585969387929254,0.12500000000001066,67.04505118674422,81
40,4,"[19,20,21,22]",0.35,1.8,0.0,middle_idm_leader_d02,0.2,margin,8.0,1.5,0,5.0,closed symmetric acceleration-command pulse,0.1,4,"[19,20,21,22]",76.0,jerk_saturation,5.0,-18.0,0,idm,[],60.0,0.2,middle,101.65719542954662,-85.9589485655087,0.08471432952462218,4.5,gap_lower,45.300000000000004,5.4979474282754355,19,5.000000000000004,gap_lower,-4.502162452501703,44.300000000000004,19,7.4074074074074066,0.0006266031511167377,0.7,0.0,06c1f646870175d6,0.0,97,layout_comparison;prediction_scope,0.0,24.0,20.0,4.5,98.84721424155725,20.0,4066.2878171818647,41
20,2,"[1,20]",0.35,0.0,1.0,even_idm_leader_N20,0.2,margin,8.0,1.5,0,5.0,closed symmetric acceleration-command pulse,0.1,2,"[1,20]",0.0,jerk,0.1,3.038634963225178e-16,2,idm,[],60.0,0.2,even,0.0,24.0,0.0,1.4809356839139917e-16,jerk,0.1,3.038634963225178e-16,2,1.519317481612589e-15,acceleration_upper,0.9999999999999999,0.0,2,0.0,0.0,0.7,1.0,06e132e7a7ea4af8,1.0,113,chain_length_scope,1.0,24.0,20.0,1.519317481612589e-16,0.0,0.0,0.0,21
40,4,"[1,14,27,40]",0.35,2.5,1.0,even_idm_leader_d02,0.2,margin,8.0,1.5,0,5.0,closed symmetric acceleration-command pulse,0.1,4,"[1,14,27,40]",1.0,jerk_saturation,5.0,-25.0,0,idm,[],60.0,0.2,even,7.433461497860739,17.940824239627887,0.006194551248217282,2.5,gap_lower,8.6,0.30295878801860565,1,5.0,gap_lower,0.6284722142964542,7.1000000000000005,1,0.3329445331574059,0.0,0.7,1.0,07228adc073871ce,1.0,131,controller_comparison;layout_comparison;prediction_scope,1.0,24.0,20.0,0.11437566801709889,1.9137499999919783,0.44517702603809894,297.33845991442956,41
40,4,"[1,14,27,40]",0.35,2.1,0.0,even_idm_leader_d02,0.2,acc,8.0,1.5,0,5.0,closed symmetric acceleration-command pulse,0.1,4,"[1,14,27,40]",111.0,jerk_saturation,5.0,-21.0,0,idm,[],60.0,0.2,even,191.9753746428431,-2.516027785828726,0.1599794788690359,4.5,gap_lower,42.5,1.3258013892914362,25,5.000000000000004,gap_lower,-0.5013013892914367,42.0,25,6.349206349206349,3.94306772865,0.7,0.0,074c777b89edcb8b,0.0,131,controller_comparison,0.0,24.0,20.0,4.5,112.75563056773655,20.0,7679.014985713724,41
20,2,"[1,20]",0.35,0.0,1.0,even_idm_leader_N20,0.2,margin,8.0,1.5,0,5.0,closed symmetric acceleration-command pulse,0.1,2,"[1,20]",0.0,jerk,0.1,3.078502823138461e-16,7,idm,[],60.0,0.2,even,0.0,24.0,0.0,1.2990403960446745e-16,jerk,0.1,3.078502823138461e-16,7,1.5392514115692306e-15,acceleration_upper,0.9999999999999999,0.0,4,0.0,0.0,0.7,1.0,077b71e22dd7818c,1.0,191,chain_length_scope,1.0,24.0,20.0,1.5392514115692307e-16,0.0,0.0,0.0,21
40,4,"[1,14,27,40]",0.35,0.25,1.0,even_idm_internal8_d02,0.2,margin,8.0,1.5,8,5.0,closed symmetric acceleration-command pulse,0.1,4,"[1,14,27,40]",1.0,jerk_saturation,6.5,5.170578699408694,8,idm,[],60.0,0.2,even,0.054590850722593176,23.66916430219169,4.549237560216098e-05,0.24999999999999986,jerk,6.6000000000000005,1.0,8,5.0,acceleration_upper,0.7719125154490333,7.2,8,0.8703346273732109,0.0,0.7,1.0,07c8253ca5e3ede7,1.0,131,prediction_scope,1.0,24.0,20.0,8.37202973136337e-06,0.00031277361563297745,5.342076486059e-05,2.183634028903727,41
40,4,"[1,14,27,40]",0.35,0.0,1.0,even_idm_leader_cmd04,0.4,margin,8.0,1.5,0,5.0,closed symmetric acceleration-command pulse,0.1,4,"[1,14,27,40]",0.0,jerk,0.1,3.0946089165499e-16,17,idm,[],60.0,0.2,even,0.0,24.0,0.0,1.54730445827495e-16,jerk,0.1,3.0946089165499e-16,17,1.5473044582749498e-15,acceleration_upper,0.9999999999999999,0.0,8,0.0,0.0,0.7,1.0,08594027076bbb1f,1.0,191,prediction_scope,1.0,24.0,20.0,1.54730445827495e-16,0.0,0.0,0.0,41
40,4,"[1,14,27,40]",0.35,2.0,1.0,even_idm_leader_d02,0.2,predictive,8.0,1.5,0,5.0,closed symmetric acceleration-command pulse,0.1,4,"[1,14,27,40]",1.0,jerk_saturation,5.0,-20.0,0,idm,[],60.0,0.2,even,3.486743871908284,19.272922396420682,0.0029056198932569033,2.0,gap_lower,8.3,0.23635388017896589,1,5.0,gap_lower,0.6939790965800888,6.800000000000001,1,0.249984159893175,0.0,0.7,1.0,08d1c7128634f2fa,1.0,61,controller_comparison,1.0,24.0,20.0,0.21679742284252312,1.3047736062337663,0.20000000000000995,139.46975487633136,41
40,4,"[1,14,27,40]",0.35,0.25,1.0,even_idm_leader_d02,0.2,margin,8.0,1.5,0,5.0,closed symmetric acceleration-command pulse,0.1,4,"[1,14,27,40]",0.0,gap_lower,12.9,0.028125,1,idm,[],60.0,0.2,even,0.0,23.4375,0.0,0.25,gap_lower,12.9,0.028125,1,5.0,gap_lower,0.9535000000000021,6.7,1,0.0,0.0,0.7,1.0,08ea1b1e49eba625,1.0,11,controller_comparison;layout_comparison,1.0,24.0,20.0,4.215678294622269e-16,0.5625,0.0,0.0,41
40,4,"[1,2,3,4]",0.35,0.25,1.0,front_idm_leader_d02,0.2,margin,8.0,1.5,0,5.0,closed symmetric acceleration-command pulse,0.1,4,"[1,2,3,4]",0.0,gap_lower,12.9,0.028125,1,idm,[],60.0,0.2,front,0.0,23.4375,0.0,0.25,gap_lower,12.9,0.028125,1,5.0,gap_lower,0.9535000000000021,6.7,1,0.0,0.0,0.7,1.0,093114bdfd60469e,1.0,97,layout_comparison;prediction_scope,1.0,24.0,20.0,1.5464302310570336e-16,0.5625,0.0,0.0,41
20,2,"[1,20]",0.35,2.0,0.0,even_idm_leader_N20,0.2,wave,8.0,1.5,0,5.0,closed symmetric acceleration-command pulse,0.1,2,"[1,20]",31.0,jerk_saturation,5.0,-20.0,0,idm,[],60.0,0.2,even,109.60283768819457,-26.84050796068074,0.09133569807349547,4.5,gap_lower,44.400000000000006,2.542025398034037,20,5.000000000000004,gap_lower,-1.6694699520520693,42.2,20,6.666666666666667,6.199317922992175,0.7,0.0,094ebd5f2ca018e4,0.0,167,chain_length_scope,0.0,24.0,20.0,0.9870632438955806,102.96231349134587,7.593517643770523,2192.0567537638913,21
40,4,"[1,14,27,40]",0.35,2.1,1.0,even_idm_leader_cmd0,0.0,margin,8.0,1.5,0,5.0,closed symmetric acceleration-command pulse,0.1,4,"[1,14,27,40]",1.0,jerk_saturation,5.0,-21.0,0,idm,[],60.0,0.2,even,6.13600523106267,19.3695272593217,0.005113337692552225,2.1,gap_lower,8.3,0.23152363703391501,1,5.0,gap_lower,0.6974331624509172,6.800000000000001,1,0.29364557248179435,0.0,0.7,1.0,09a1376c7b029a70,1.0,97,prediction_scope,1.0,24.0,20.0,0.15889214981196026,2.6330000000007203,0.3924937337022776,245.4402092425068,41
40,4,"[1,14,27,40]",0.35,1.7,1.0,even_idm_leader_d02,0.2,predictive,8.0,1.5,0,5.0,closed symmetric acceleration-command pulse,0.1,4,"[1,14,27,40]",1.0,jerk_saturation,5.0,-17.0,0,idm,[],60.0,0.2,even,2.8716608842327465,20.126428094831113,0.002393050736860622,1.7,gap_lower,8.1,0.19367859525844439,1,5.0,gap_lower,0.7405207352121215,6.7,1,0.24508576040922214,0.0,0.7,1.0,09afa183c303884f,1.0,167,controller_comparison,1.0,24.0,20.0,0.1849229487713453,1.2696699906867366,0.17500000000000426,114.86643536930985,41
40,4,"[19,20,21,22]",0.35,1.9,0.0,middle_idm_leader_d02,0.2,margin,8.0,1.5,0,5.0,closed symmetric acceleration-command pulse,0.1,4,"[19,20,21,22]",90.0,jerk_saturation,5.0,-18.999999999999996,0,idm,[],60.0,0.2,middle,139.5671131214412,-96.80780422964604,0.11630592760120098,4.5,gap_lower,49.6,6.040390211482302,19,5.000000000000004,gap_lower,-5.172220743179179,47.400000000000006,19,7.017543859649123,0.0009138725674119,0.7,0.0,09c8d83b3c62a377,0.0,61,layout_comparison,0.0,24.0,20.0,4.5,108.89825936561837,20.0,5582.684524857647,41
40,4,"[19,20,21,22]",0.35,0.0,1.0,middle_idm_leader_d02,0.2,margin,8.0,1.5,0,5.0,closed symmetric acceleration-command pulse,0.1,4,"[19,20,21,22]",0.0,jerk,0.1,3.092860462114067e-16,6,idm,[],60.0,0.2,middle,0.0,24.0,0.0,1.5331773592430868e-16,jerk,0.1,3.092860462114067e-16,6,1.5464302310570335e-15,acceleration_upper,0.9999999999999999,0.0,3,0.0,0.0,0.7,1.0,09dacb34eade9fb6,1.0,97,layout_comparison;prediction_scope,1.0,24.0,20.0,1.5464302310570336e-16,0.0,0.0,0.0,41
40,4,"[1,14,27,40]",0.35,1.5,1.0,even_idm_leader_d02,0.2,wave,8.0,1.5,0,5.0,closed symmetric acceleration-command pulse,0.1,4,"[1,14,27,40]",1.0,jerk_saturation,5.0,-15.0,0,idm,[],60.0,0.2,even,4.25593653124768,21.546420964520223,0.0035466137760397335,1.5,acceleration_upper,9.0,0.6910652464529088,1,5.0,acceleration_upper,0.2408760651583718,8.4,1,0.7855481259587296,0.0015674897317599819,0.7,1.0,0a20251881b9b7d4,1.0,3,controller_comparison,1.0,24.0,20.0,0.10034091985272199,0.7516443057680249,0.44777272596259365,170.2374612499072,41
40,4,"[1,14,27,40]",0.35,0.0,1.0,even_idm_leader_cmd0,0.0,margin,8.0,1.5,0,5.0,closed symmetric acceleration-command pulse,0.1,4,"[1,14,27,40]",0.0,jerk,0.1,3.077579334592651e-16,16,idm,[],60.0,0.2,even,0.0,24.0,0.0,1.5387896672963254e-16,jerk,0.1,3.077579334592651e-16,16,1.5387896672963253e-15,acceleration_upper,0.9999999999999999,0.0,10,0.0,0.0,0.7,1.0,0a4ee0e5753d4f1e,1.0,149,prediction_scope,1.0,24.0,20.0,1.5387896672963254e-16,0.0,0.0,0.0,41
40,4,"[37,38,39,40]",0.35,1.0,1.0,rear_idm_leader_d02,0.2,margin,8.0,1.5,0,5.0,closed symmetric acceleration-command pulse,0.1,4,"[37,38,39,40]",1.0,jerk_saturation,5.0,-10.0,0,idm,[],60.0,0.2,rear,2.412611458866361,22.192689592625925,0.002010509549055301,1.0228703202101725,jerk,7.9,0.3029398899398116,1,5.0,acceleration_upper,0.7118406433459226,9.1,1,0.8537349307289711,0.0,0.7,1.0,0a6df7f4576bad55,1.0,29,layout_comparison,1.0,24.0,20.0,0.06371626110643894,0.5597260961489781,0.2697539884232185,96.50445835465445,41
80,8,"[1,12,24,35,46,57,69,80]",0.35,2.2,1.0,even_idm_leader_N80,0.2,predictive,8.0,1.5,0,5.0,closed symmetric acceleration-command pulse,0.1,8,"[1,12,24,35,46,57,69,80]",1.0,jerk_saturation,5.0,-22.0,0,idm,[],60.0,0.2,even,1.9964328525872823,18.552015762797367,0.0016636940438227352,2.2,gap_lower,8.6,0.2723992118601316,1,5.0,gap_lower,0.6637930717799548,6.9,1,0.2641750522989071,0.0,0.7,1.0,0a8949ba286d883b,1.0,191,chain_length_scope,1.0,24.0,20.0,0.21679742284252312,1.6768399767499318,0.22499999999999432,159.71462820698258,81
40,4,"[37,38,39,40]",0.35,1.5,0.0,rear_idm_leader_d02,0.2,margin,8.0,1.5,0,5.0,closed symmetric acceleration-command pulse,0.1,4,"[37,38,39,40]",78.0,jerk_saturation,5.0,-15.0,0,idm,[],60.0,0.2,rear,106.13451951093785,-41.72081917154338,0.08844543292578154,4.5,gap_lower,60.0,3.286040958577169,37,5.000000000000004,gap_lower,-2.8724285104680427,59.900000000000006,37,8.88888888888889,0.07356667384019665,0.7,0.0,0ab18bdcce93e37f,0.0,79,layout_comparison,0.0,24.0,20.0,4.5,87.19683948786161,20.0,4245.380780437514,41
40,4,"[1,2,3,4]",0.35,1.9,1.0,front_idm_leader_d02,0.2,margin,8.0,1.5,0,5.0,closed symmetric acceleration-command pulse,0.1,4,"[1,2,3,4]",1.0,jerk_saturation,5.0,-18.999999999999996,0,idm,[],60.0,0.2,front,6.718299529334405,19.858526954864345,0.005598582941112004,1.9,jerk,6.0,0.2157434402332361,1,5.0,gap_lower,0.7185493977653218,6.7,1,0.3157433198713496,3.2311839473059563e-06,0.7,1.0,0af3d45d097d872d,1.0,79,layout_comparison,1.0,24.0,20.0,0.20351639197953236,2.9747802255089937,0.4043890794317768,268.7319811733762,41
80,8,"[1,12,24,35,46,57,69,80]",0.35,2.0,0.0,even_idm_leader_N80,0.2,wave,8.0,1.5,0,5.0,closed symmetric acceleration-command pulse,0.1,8,"[1,12,24,35,46,57,69,80]",98.0,jerk_saturation,5.0,-20.0,0,idm,[],60.0,0.2,even,76.00945614178411,-31.239918680441676,0.06334121345148677,4.5,gap_lower,53.400000000000006,2.761995934022084,24,5.000000000000004,gap_lower,-1.9226922699870979,52.0,24,6.666666666666667,0.0,0.7,0.0,0afb33683d89ef5e,0.0,113,chain_length_scope,0.0,24.0,20.0,4.5,91.28452831346897,20.0,6080.7564913427295,81
80,8,"[1,12,24,35,46,57,69,80]",0.35,1.0,1.0,even_idm_leader_N80,0.2,predictive,8.0,1.5,0,5.0,closed symmetric acceleration-command pulse,0.1,8,"[1,12,24,35,46,57,69,80]",1.0,jerk_saturation,5.0,-10.0,0,idm,[],60.0,0.2,even,0.9046090514816841,21.882056486128107,0.0007538408762347368,1.0,jerk,11.200000000000001,0.14285753923608713,1,5.0,gap_lower,0.836886763385144,6.7,1,0.2333332177228229,0.0,0.7,1.0,0bb43acd4e08bc0f,1.0,149,chain_length_scope,1.0,24.0,20.0,0.20351639197953236,1.293635885852268,0.14020520943025971,72.36872411853473,81
40,4,"[1,2,3,4]",0.35,1.9,1.0,front_idm_leader_d02,0.2,margin,8.0,1.5,0,5.0,closed symmetric acceleration-command pulse,0.1,4,"[1,2,3,4]",1.0,jerk_saturation,5.0,-18.999999999999996,0,idm,[],60.0,0.2,front,6.739815133839099,19.858526954864345,0.005616512611532582,1.9,jerk,6.0,0.2157434402332361,1,5.0,gap_lower,0.7185493977653218,6.7,1,0.3157433198713496,3.830338318958607e-06,0.7,1.0,0be0d673a1da879a,1.0,29,layout_comparison,1.0,24.0,20.0,0.20351639197953236,2.9747802255089937,0.41458285011712803,269.59260535356395,41
40,4,"[1,14,27,40]",0.35,1.9,0.0,even_idm_leader_d02,0.2,acc,8.0,1.5,0,5.0,closed symmetric acceleration-command pulse,0.1,4,"[1,14,27,40]",116.0,jerk_saturation,5.0,-18.999999999999996,0,idm,[],60.0,0.2,even,198.85197913479354,-2.5281097999524746,0.16570998261232794,4.5,gap_lower,41.0,1.3264054899976236,24,5.000000000000004,gap_lower,-0.5019054899976243,40.5,24,7.017543859649123,4.934802379704501,0.7,0.0,0cacffb4e99f10f3,0.0,11,controller_comparison,0.0,24.0,20.0,4.5,130.01752691205036,20.0,7954.079165391741,41
40,4,"[1,2,3,4]",0.35,2.5,1.0,front_idm_leader_d02,0.2,margin,8.0,1.5,0,5.0,closed symmetric acceleration-command pulse,0.1,4,"[1,2,3,4]",1.0,jerk_saturation,5.0,-25.0,0,idm,[],60.0,0.2,front,8.12942115582797,17.940824239627887,0.0067745176298566415,2.5,gap_lower,8.6,0.30295878801860565,1,5.0,gap_lower,0.6284722142964542,7.1000000000000005,1,0.3329445331574059,2.3195502308226425e-06,0.7,1.0,0cafdd62d54df668,1.0,167,layout_comparison;prediction_scope,1.0,24.0,20.0,0.20351639197953236,2.983819241997253,0.5188403552917471,325.1768462331188,41
40,4,"[1,14,27,40]",0.35,2.0,1.0,even_idm_internal8_d02,0.2,margin,8.0,1.5,8,5.0,closed symmetric acceleration-command pulse,0.1,4,"[1,14,27,40]",2.0,jerk_saturation,5.0,-20.0,8,idm,[],60.0,0.2,even,5.533163290387977,18.178921466153234,0.004610969408656647,2.0,jerk,5.1000000000000005,1.0,8,5.0,acceleration_upper,0.0,6.5,8,0.873221875918811,0.14166205209697225,0.7,1.0,0ccdfcda4602fdc9,1.0,149,prediction_scope,1.0,24.0,20.0,0.24918009525056659,2.582163643015406,0.42498615629091674,221.32653161551906,41
40,4,"[1,14,27,40]",0.35,1.8,1.0,even_idm_leader_d02,0.2,predictive,8.0,1.5,0,5.0,closed symmetric acceleration-command pulse,0.1,4,"[1,14,27,40]",1.0,jerk_saturation,5.0,-18.0,0,idm,[],60.0,0.2,even,3.3583113833004603,19.848370192974244,0.00279859281941705,1.8,gap_lower,8.200000000000001,0.2075814903512878,1,5.0,gap_lower,0.7253314111035014,6.800000000000001,1,0.2407364782618002,0.0,0.7,1.0,0d0d432c757a64c9,1.0,113,controller_comparison,1.0,24.0,20.0,0.21679742284252312,1.3116739573364384,0.20000000000000995,134.3324553320184,41
40,4,"[1,14,27,40]",0.35,0.0,1.0,even_idm_leader_d02,0.2,acc,8.0,1.5,0,5.0,closed symmetric acceleration-command pulse,0.1,4,"[1,14,27,40]",0.0,jerk,0.1,3.002655725429388e-16,18,idm,[],60.0,0.2,even,0.0,24.0,0.0,1.477107317951692e-16,jerk,0.1,3.002655725429388e-16,18,1.5013278627146939e-15,acceleration_upper,0.9999999999999999,0.0,16,0.0,0.0,0.7,1.0,0d135074e544a1f7,1.0,29,controller_comparison,1.0,24.0,20.0,1.501327862714694e-16,0.0,0.0,0.0,41
40,4,"[1,14,27,40]",0.35,1.7,1.0,even_idm_leader_cmd0,0.0,margin,8.0,1.5,0,5.0,closed symmetric acceleration-command pulse,0.1,4,"[1,14,27,40]",1.0,jerk_saturation,5.0,-17.0,0,idm,[],60.0,0.2,even,5.268752129932104,20.532852342178046,0.00439062677494342,1.7,jerk,5.9,0.1949187838400666,1,5.0,gap_lower,0.7545714811833555,6.7,1,0.3039147381425787,0.0,0.7,1.0,0d513e853a46a2cf,1.0,97,prediction_scope,1.0,24.0,20.0,0.1093794782393333,2.6554999999909796,0.34695056021763193,210.75008519728416,41
40,4,"[1,14,27,40]",0.35,1.5,1.0,even_idm_leader_d02,0.2,wave,8.0,1.5,0,5.0,closed symmetric acceleration-command pulse,0.1,4,"[1,14,27,40]",1.0,jerk_saturation,5.0,-15.0,0,idm,[],60.0,0.2,even,3.2078061471863086,21.546420964520223,0.002673171789321924,1.5,acceleration_upper,9.0,0.6910652464529088,1,5.0,acceleration_upper,0.2408760651583718,8.4,1,0.7855481259587296,0.0002660779837747719,0.7,1.0,0dee7b05c1dce2ad,1.0,191,controller_comparison,1.0,24.0,20.0,0.035706713121443155,0.44642528764427425,0.20926536873775348,128.31224588745235,41
20,2,"[1,20]",0.35,2.2,1.0,even_idm_leader_N20,0.2,margin,8.0,1.5,0,5.0,closed symmetric acceleration-command pulse,0.1,2,"[1,20]",1.0,jerk_saturation,5.0,-22.0,0,idm,[],60.0,0.2,even,9.4047211425963,18.90519299544539,0.00783726761883025,2.2,gap_lower,8.4,0.2547403502277305,1,5.0,gap_lower,0.672686427431288,6.9,1,0.33265898468050115,0.1515151515151418,0.7,1.0,0e0f12d602902424,1.0,191,chain_length_scope,1.0,24.0,20.0,0.019273558874402272,2.136500000000069,0.20133839939446574,188.094422851926,21
40,4,"[1,14,27,40]",0.35,1.5,1.0,even_ovm_leader_d02,0.2,margin,8.0,1.5,0,5.0,closed symmetric acceleration-command pulse,0.1,4,"[1,14,27,40]",1.0,jerk_saturation,5.0,-15.0,0,ovm,[],60.0,0.2,even,6.211970384711719,20.10505497638934,0.005176641987259766,1.5,gap_lower,55.0,0.194747251180533,27,5.0,gap_lower,0.7739406906150658,6.7,1,0.5467312908050417,0.0,0.7,1.0,0e4c0266eec75293,1.0,149,prediction_scope,1.0,24.0,20.0,0.23305990960651277,3.549864176404242,0.8812837739654817,248.47881538846877,41
40,4,"[1,14,27,40]",0.35,0.0,1.0,even_idm_leader_d02,0.2,margin,8.0,1.5,0,5.0,closed symmetric acceleration-command pulse,0.1,4,"[1,14,27,40]",0.0,jerk,0.1,3.0438989830050984e-16,32,idm,[],60.0,0.2,even,0.0,24.0,0.0,1.519770894331564e-16,jerk,0.1,3.0438989830050984e-16,32,1.5219494915025492e-15,acceleration_upper,0.9999999999999999,0.0,21,0.0,0.0,0.7,1.0,0e53c001328b8273,1.0,3,controller_comparison;layout_comparison,1.0,24.0,20.0,1.5219494915025492e-16,0.0,0.0,0.0,41
40,4,"[1,14,27,40]",0.35,1.5,1.0,even_idm_leader_cmd0,0.0,margin,8.0,1.5,0,5.0,closed symmetric acceleration-command pulse,0.1,4,"[1,14,27,40]",1.0,jerk_saturation,5.0,-15.0,0,idm,[],60.0,0.2,even,4.735824961226115,21.017591806340647,0.003946520801021762,1.5,jerk,6.0,0.18004402927351704,1,5.0,gap_lower,0.7820105564362583,6.7,1,0.31110560405746274,0.0,0.7,1.0,0e8c8535dcd253eb,1.0,131,prediction_scope,1.0,24.0,20.0,0.15889212833461142,2.3037499999927604,0.32533112141770104,189.4329984490446,41
40,4,"[1,2,3,4]",0.35,1.9,1.0,front_idm_leader_d02,0.2,margin,8.0,1.5,0,5.0,closed symmetric acceleration-command pulse,0.1,4,"[1,2,3,4]",1.0,jerk_saturation,5.0,-18.999999999999996,0,idm,[],60.0,0.2,front,6.4743042025723625,19.858526954864345,0.005395253502143636,1.9,jerk,6.0,0.2157434402332361,1,5.0,gap_lower,0.7185493977653218,6.7,1,0.3157433198713496,1.4202832051966511e-06,0.7,1.0,0ee6ffdfccdff666,1.0,191,layout_comparison;prediction_scope,1.0,24.0,20.0,0.20351639197953236,2.9747802255089937,0.4060734906421892,258.9721681028945,41
40,0,[],0.35,1.8,0.0,even_idm_leader_d02,0.2,human,8.0,1.5,0,5.0,closed symmetric acceleration-command pulse,0.1,0,[],119.0,jerk_saturation,5.0,-18.0,0,idm,[],60.0,0.2,even,203.7264071847364,-2.389398867249028,0.16977200598728034,4.5,gap_lower,40.0,1.3194699433624515,23,5.000000000000004,gap_lower,-0.4949699433624522,39.5,23,7.4074074074074066,4.495331731438572,0.7,0.0,0ef910fe1ba20f3e,0.0,167,controller_comparison,0.0,24.0,20.0,4.5,114.84517642227809,20.0,8149.056287389456,41
40,4,"[37,38,39,40]",0.35,2.1,0.0,rear_idm_leader_d02,0.2,margin,8.0,1.5,0,5.0,closed symmetric acceleration-command pulse,0.1,4,"[37,38,39,40]",124.0,jerk_saturation,5.0,-21.0,0,idm,[],60.0,0.2,rear,250.88634527816544,-55.92529524633656,0.2090719543984712,4.5,gap_lower,60.0,3.996264762316828,37,5.000000000000004,gap_lower,-3.486324789559659,59.900000000000006,37,6.349206349206349,0.18651108600012758,0.7,0.0,0f7480ba2340db96,0.0,3,layout_comparison,0.0,24.0,20.0,4.5,85.49933780063509,20.0,10035.453811126617,41
40,4,"[19,20,21,22]",0.35,2.0,0.0,middle_idm_leader_d02,0.2,margin,8.0,1.5,0,5.0,closed symmetric acceleration-command pulse,0.1,4,"[19,20,21,22]",86.0,jerk_saturation,5.0,-20.0,0,idm,[],60.0,0.2,middle,129.42815632656524,-94.85018045990084,0.10785679693880437,4.5,gap_lower,48.7,5.942509022995042,19,5.000000000000004,gap_lower,-5.060547292656844,46.400000000000006,19,6.666666666666667,0.0005301405026022129,0.7,0.0,0fbf3953cfbffcba,0.0,191,layout_comparison;prediction_scope,0.0,24.0,20.0,4.5,104.63168539387021,20.0,5177.12625306261,41
40,4,"[1,14,27,40]",0.35,1.5,1.0,even_idm_leader_cmd0,0.0,margin,8.0,1.5,0,5.0,closed symmetric acceleration-command pulse,0.1,4,"[1,14,27,40]",1.0,jerk_saturation,5.0,-15.0,0,idm,[],60.0,0.2,even,4.733814185192415,21.017591806340647,0.003944845154327013,1.5,jerk,6.0,0.18004402927351704,1,5.0,gap_lower,0.7820105564362583,6.7,1,0.31110560405746274,0.0,0.7,1.0,0fcc31d6eaa9f0a7,1.0,97,prediction_scope,1.0,24.0,20.0,0.15889212831897484,2.3037499999927604,0.32499549613434553,189.3525674076966,41
80,8,"[1,12,24,35,46,57,69,80]",0.35,1.5,1.0,even_idm_leader_N80,0.2,margin,8.0,1.5,0,5.0,closed symmetric acceleration-command pulse,0.1,8,"[1,12,24,35,46,57,69,80]",1.0,jerk_saturation,5.0,-15.0,0,idm,[],60.0,0.2,even,2.3396475166774904,20.903158065760977,0.0019497062638979088,1.5,jerk,6.2,0.18004402927351704,1,5.0,gap_lower,0.7739406906150658,6.7,1,0.34720794460491944,0.0,0.7,1.0,0fe47fa9f25d33b5,1.0,191,chain_length_scope,1.0,24.0,20.0,0.2167974228425231,2.140000000000782,0.42499999999999005,187.17180133419924,81
40,4,"[1,14,27,40]",0.35,0.0,1.0,even_idm_leader_d02,0.2,margin,8.0,1.5,0,5.0,closed symmetric acceleration-command pulse,0.1,4,"[1,14,27,40]",0.0,jerk,0.1,3.057761386297021e-16,6,idm,[],60.0,0.2,even,0.0,24.0,0.0,1.4435554130338614e-16,jerk,0.1,3.057761386297021e-16,6,1.5288806931485105e-15,acceleration_upper,0.9999999999999999,0.0,2,0.0,0.0,0.7,1.0,0ff33fbb689a009b,1.0,61,controller_comparison;layout_comparison,1.0,24.0,20.0,1.5288806931485106e-16,0.0,0.0,0.0,41
40,4,"[1,2,3,4]",0.35,1.0,1.0,front_idm_leader_d02,0.2,margin,8.0,1.5,0,5.0,closed symmetric acceleration-command pulse,0.1,4,"[1,2,3,4]",1.0,jerk_saturation,5.0,-10.0,0,idm,[],60.0,0.2,front,5.592534029801312,22.041091224490145,0.004660445024834427,1.0,jerk,7.7,0.15796767347454377,1,5.0,gap_lower,0.8475557889641916,6.7,1,0.38330523773824393,2.023179637452207e-06,0.7,1.0,0ff4aa8996cf7192,1.0,29,layout_comparison,1.0,24.0,20.0,0.03501422966864022,2.802500000000009,0.3500795548535116,223.7013611920525,41
40,4,"[19,20,21,22]",0.35,2.0,0.0,middle_idm_leader_d02,0.2,margin,8.0,1.5,0,5.0,closed symmetric acceleration-command pulse,0.1,4,"[19,20,21,22]",79.0,jerk_saturation,5.0,-20.0,0,idm,[],60.0,0.2,middle,130.38715865512347,-97.16455448374823,0.10865596554593622,4.5,gap_lower,49.900000000000006,6.058227724187412,19,5.000000000000004,gap_lower,-5.197959110952452,47.900000000000006,19,6.666666666666667,0.0011308437831729634,0.7,0.0,100ed9dc8fe8c05b,0.0,47,layout_comparison,0.0,24.0,20.0,4.5,109.47045518011069,20.0,5215.486346204939,41
40,4,"[19,20,21,22]",0.35,1.0,1.0,middle_idm_leader_d02,0.2,margin,8.0,1.5,0,5.0,closed symmetric acceleration-command pulse,0.1,4,"[19,20,21,22]",1.0,jerk_saturation,5.0,-10.0,0,idm,[],60.0,0.2,middle,3.505828138416864,22.021959542715223,0.00292152344868072,1.0705040853267938,acceleration_upper,9.1,0.3397114649353293,1,5.0,acceleration_upper,0.6683160895773707,9.0,1,0.9153918386734267,1.8928076883639733e-09,0.7,1.0,10a9aa05f135b95c,1.0,149,layout_comparison;prediction_scope,1.0,24.0,20.0,0.07709388369833681,2.3173126952985967,0.449999999999978,140.23312553667455,41
40,4,"[1,14,27,40]",0.35,1.9,1.0,even_idm_leader_d02,0.2,predictive,8.0,1.5,0,5.0,closed symmetric acceleration-command pulse,0.1,4,"[1,14,27,40]",1.0,jerk_saturation,5.0,-18.999999999999996,0,idm,[],60.0,0.2,even,3.199858574729215,19.577656259410332,0.0026665488122743462,1.9,gap_lower,8.3,0.22111718702948338,1,5.0,gap_lower,0.7099290965800863,6.800000000000001,1,0.24560556476260004,0.0,0.7,1.0,110e9c9582e9299f,1.0,29,controller_comparison,1.0,24.0,20.0,0.20351639197953236,1.3361993480348247,0.17500000000000426,127.99434298916862,41
20,2,"[1,20]",0.35,2.5,1.0,even_idm_leader_N20,0.2,margin,8.0,1.5,0,5.0,closed symmetric acceleration-command pulse,0.1,2,"[1,20]",1.0,jerk_saturation,5.0,-25.0,0,idm,[],60.0,0.2,even,11.229264089086083,17.940824239627887,0.009357720074238404,2.5,gap_lower,8.6,0.30295878801860565,1,5.0,gap_lower,0.6284722142964542,7.1000000000000005,1,0.3736887062019567,0.15333333333332935,0.7,1.0,11d74000b7acf6dc,1.0,167,chain_length_scope,1.0,24.0,20.0,0.01998769795163796,1.9137499999919783,0.27500001028263554,224.58528178172168,21
40,4,"[1,14,27,40]",0.35,1.8,0.0,even_idm_leader_d02,0.2,acc,8.0,1.5,0,5.0,closed symmetric acceleration-command pulse,0.1,4,"[1,14,27,40]",97.0,jerk_saturation,5.0,-18.0,0,idm,[],60.0,0.2,even,143.97703739285197,-2.3739118370460375,0.11998086449404331,4.5,gap_lower,40.400000000000006,1.3186955918523018,23,5.000000000000004,gap_lower,-0.4941955918523019,39.900000000000006,23,7.4074074074074066,3.920023372454998,0.7,0.0,11e2a0397ccf4d2f,0.0,167,controller_comparison,0.0,24.0,20.0,4.5,115.73077758251947,20.0,5759.081495714079,41
80,8,"[1,12,24,35,46,57,69,80]",0.35,0.25,1.0,even_idm_leader_N80,0.2,wave,8.0,1.5,0,5.0,closed symmetric acceleration-command pulse,0.1,8,"[1,12,24,35,46,57,69,80]",0.0,acceleration_upper,8.700000000000001,0.12363052410794312,1,idm,[],60.0,0.2,even,0.18485627249052974,23.63545048406307,0.00015404689374210812,0.25,acceleration_upper,8.700000000000001,0.12363052410794312,1,5.0,acceleration_upper,0.8602823717271342,8.200000000000001,1,0.7078878072353424,0.0,0.7,1.0,1213cc0b6e44d18e,1.0,167,chain_length_scope,1.0,24.0,20.0,0.003384898440281286,0.043895980629827136,0.019887495430495505,14.788501799242379,81
40,4,"[37,38,39,40]",0.35,2.5,0.0,rear_idm_leader_d02,0.2,margin,8.0,1.5,0,5.0,closed symmetric acceleration-command pulse,0.1,4,"[37,38,39,40]",136.0,jerk_saturation,5.0,-25.0,0,idm,[],60.0,0.2,rear,288.01109692151186,-57.460347699334946,0.2400092474345932,4.5,gap_lower,60.0,4.0730173849667475,37,5.000000000000004,gap_lower,-3.552136396838951,59.900000000000006,37,5.333333333333333,0.17000134978236758,0.7,0.0,122f0c17788c4f50,0.0,11,layout_comparison,0.0,24.0,20.0,4.5,100.53058395946198,20.0,11520.443876860474,41
80,8,"[1,12,24,35,46,57,69,80]",0.35,2.0,0.0,even_idm_leader_N80,0.2,wave,8.0,1.5,0,5.0,closed symmetric acceleration-command pulse,0.1,8,"[1,12,24,35,46,57,69,80]",68.0,jerk_saturation,5.0,-20.0,0,idm,[],60.0,0.2,even,42.756986434149255,-19.73409742107374,0.03563082202845771,4.5,gap_lower,60.0,2.186704871053687,35,5.000000000000004,gap_lower,-1.4561554368062128,59.900000000000006,35,6.666666666666667,0.0,0.7,0.0,1236a154545c43ba,0.0,191,chain_length_scope,0.0,24.0,20.0,4.5,75.81013029399367,20.0,3420.55891473194,81
20,2,"[1,20]",0.35,2.5,0.0,even_idm_leader_N20,0.2,wave,8.0,1.5,0,5.0,closed symmetric acceleration-command pulse,0.1,2,"[1,20]",47.0,jerk_saturation,5.0,-25.0,0,idm,[],60.0,0.2,even,206.40285876246722,-33.76713521188891,0.172002382302056,4.5,gap_lower,52.7,2.8883567605944456,20,5.000000000000004,gap_lower,-2.052726775779947,51.7,20,5.333333333333333,5.250430775812354,0.7,0.0,123ada03ecd2730e,0.0,191,chain_length_scope,0.0,24.0,20.0,1.1378927708275721,128.19534561931584,16.74300007278456,4128.057175249344,21
40,4,"[19,20,21,22]",0.35,2.1,0.0,middle_idm_leader_d02,0.2,margin,8.0,1.5,0,5.0,closed symmetric acceleration-command pulse,0.1,4,"[19,20,21,22]",91.0,jerk_saturation,5.0,-21.0,0,idm,[],60.0,0.2,middle,140.33936399607916,-97.44797462265912,0.11694946999673263,4.5,gap_lower,50.400000000000006,6.072398731132956,19,5.000000000000004,gap_lower,-5.210365675397123,48.300000000000004,19,6.349206349206349,0.0007979392264321486,0.7,0.0,125c91c4020bb3df,0.0,131,layout_comparison;prediction_scope,0.0,24.0,20.0,4.5,119.59829544440663,20.0,5613.574559843166,41
40,4,"[1,14,27,40]",0.35,2.1,1.0,even_idm_leader_cmd04,0.4,margin,8.0,1.5,0,5.0,closed symmetric acceleration-command pulse,0.1,4,"[1,14,27,40]",1.0,jerk_saturation,5.0,-21.0,0,idm,[],60.0,0.2,even,6.078100513655983,19.164326437784013,0.005065083761379986,2.1,gap_lower,8.1,0.24178367811079937,1,5.0,gap_lower,0.6828209984038016,7.0,1,0.36259899702053916,0.0,0.7,1.0,12ad3478c4465927,1.0,97,prediction_scope,1.0,24.0,20.0,0.2330599096135322,2.0077232758428636,0.5230481344499367,243.1240205462393,41
80,8,"[1,12,24,35,46,57,69,80]",0.35,1.8,1.0,even_idm_leader_N80,0.2,predictive,8.0,1.5,0,5.0,closed symmetric acceleration-command pulse,0.1,8,"[1,12,24,35,46,57,69,80]",1.0,jerk_saturation,5.0,-18.0,0,idm,[],60.0,0.2,even,1.5994304800183763,19.848370192974244,0.001332858733348647,1.8,gap_lower,8.200000000000001,0.2075814903512878,1,5.0,gap_lower,0.7253314111035014,6.800000000000001,1,0.2439162183097473,0.0,0.7,1.0,12b31c0bc533392e,1.0,113,chain_length_scope,1.0,24.0,20.0,0.0602372523785145,1.4082361655327418,0.19700644662058409,127.9544384014701,81
40,4,"[1,14,27,40]",0.35,2.5,0.0,even_idm_internal8_d02,0.2,margin,8.0,1.5,8,5.0,closed symmetric acceleration-command pulse,0.1,4,"[1,14,27,40]",71.0,jerk_saturation,5.0,-25.0,8,idm,[],60.0,0.2,even,154.5390516642429,-90.34614097425462,0.12878254305353573,4.5,gap_lower,47.1,5.7173070487127315,27,5.000000000000004,gap_lower,-4.783463972497923,44.400000000000006,27,5.333333333333333,4.28460176445829,0.7,0.0,12ba0314f4ba88c6,0.0,131,prediction_scope,0.0,24.0,20.0,4.5,103.2061060090083,20.0,6181.562066569715,41
40,4,"[1,14,27,40]",0.35,1.0,1.0,even_idm_leader_d02,0.2,acc,8.0,1.5,0,5.0,closed symmetric acceleration-command pulse,0.1,4,"[1,14,27,40]",1.0,jerk_saturation,5.0,-10.0,0,idm,[],60.0,0.2,even,2.6389014445277033,22.230504656730304,0.0021990845371064197,1.0,acceleration_upper,9.1,0.4260524990731095,1,5.0,acceleration_upper,0.5444537387124273,8.5,1,0.8778495915594012,0.0011228202474242721,0.7,1.0,12f66c0fd2508c89,1.0,97,controller_comparison,1.0,24.0,20.0,0.09974720439419163,0.7819976761921339,0.41695876840827495,105.55605778110814,41
40,4,"[1,14,27,40]",0.35,0.0,1.0,even_idm_leader_cmd04,0.4,margin,8.0,1.5,0,5.0,closed symmetric acceleration-command pulse,0.1,4,"[1,14,27,40]",0.0,jerk,0.1,3.033043242170331e-16,32,idm,[],60.0,0.2,even,0.0,24.0,0.0,1.4158437991504552e-16,jerk,0.1,3.033043242170331e-16,32,1.5165216210851655e-15,acceleration_upper,0.9999999999999999,0.0,2,0.0,0.0,0.7,1.0,12fad75b7758e23a,1.0,131,prediction_scope,1.0,24.0,20.0,1.5165216210851655e-16,0.0,0.0,0.0,41
40,0,[],0.35,1.9,0.0,even_idm_leader_d02,0.2,human,8.0,1.5,0,5.0,closed symmetric acceleration-command pulse,0.1,0,[],128.0,jerk_saturation,5.0,-18.999999999999996,0,idm,[],60.0,0.2,even,232.72593312999555,-2.515415890877506,0.19393827760832963,4.5,gap_lower,40.900000000000006,1.3257707945438753,24,5.000000000000004,gap_lower,-0.5012707945438754,40.400000000000006,24,7.017543859649123,4.917724677692675,0.7,0.0,13190b370c37fc72,0.0,11,controller_comparison,0.0,24.0,20.0,4.5,146.44490417836852,20.0,9309.037325199823,41
40,4,"[1,14,27,40]",0.35,1.8,1.0,even_idm_internal8_d02,0.2,margin,8.0,1.5,8,5.0,closed symmetric acceleration-command pulse,0.1,4,"[1,14,27,40]",2.0,jerk_saturation,5.0,-18.0,8,idm,[],60.0,0.2,even,5.230833568410434,18.05901432536023,0.004359027973675361,1.9359021473678222,jerk,5.1000000000000005,1.0,8,5.0,acceleration_upper,0.0,6.5,8,0.9840969402589808,0.15736880122003677,0.7,1.0,13807dc9b88bc354,1.0,167,prediction_scope,1.0,24.0,20.0,0.24918009525056659,2.750860882623215,0.4248957632940993,209.23334273641734,41
40,4,"[1,14,27,40]",0.35,0.25,1.0,even_idm_leader_d02,0.2,acc,8.0,1.5,0,5.0,closed symmetric acceleration-command pulse,0.1,4,"[1,14,27,40]",0.0,acceleration_upper,8.9,0.11045353428495491,1,idm,[],60.0,0.2,even,0.36364022783734373,23.584586594184046,0.00030303352319778644,0.25,acceleration_upper,8.9,0.11045353428495491,1,5.0,acceleration_upper,0.8798395296158674,8.3,1,0.8070695198907742,0.00015233936725659683,0.7,1.0,138081301053b4bf,1.0,191,controller_comparison,1.0,24.0,20.0,0.004374274824534309,0.051355310192263914,0.02458414630047656,14.54560911349375,41
40,4,"[1,14,27,40]",0.35,2.1,1.0,even_idm_leader_cmd0,0.0,margin,8.0,1.5,0,5.0,closed symmetric acceleration-command pulse,0.1,4,"[1,14,27,40]",1.0,jerk_saturation,5.0,-21.0,0,idm,[],60.0,0.2,even,6.339219569172893,19.3695272593217,0.005282682974310744,2.1,gap_lower,8.3,0.23152363703391501,1,5.0,gap_lower,0.6974331624509172,6.800000000000001,1,0.29364557248179435,0.0,0.7,1.0,1381aca6829f8456,1.0,113,prediction_scope,1.0,24.0,20.0,0.0890320177523696,2.6330000000007203,0.3885114747638738,253.56878276691572,41
40,4,"[1,14,27,40]",0.35,1.7,0.0,even_idm_leader_d02,0.2,acc,8.0,1.5,0,5.0,closed symmetric acceleration-command pulse,0.1,4,"[1,14,27,40]",60.0,jerk_saturation,5.0,-17.0,0,idm,[],60.0,0.2,even,65.09087429343008,-1.9221903606221247,0.054242395244525066,4.5,gap_lower,54.6,1.2961095180311062,33,5.000000000000004,gap_lower,-0.47160951803110596,54.1,33,7.843137254901961,1.4216100910763578,0.7,0.0,13840f22e806a1b5,0.0,131,controller_comparison,0.0,24.0,20.0,4.5,56.713072439080804,20.0,2603.634971737203,41
40,4,"[1,2,3,4]",0.35,1.0,1.0,front_idm_leader_d02,0.2,margin,8.0,1.5,0,5.0,closed symmetric acceleration-command pulse,0.1,4,"[1,2,3,4]",1.0,jerk_saturation,5.0,-10.0,0,idm,[],60.0,0.2,front,5.863743181076957,22.041091224490145,0.004886452650897464,1.0,jerk,7.7,0.15796767347454377,1,5.0,gap_lower,0.8475557889641916,6.7,1,0.38330523773824393,2.070013953433166e-06,0.7,1.0,138908dfe54e8603,1.0,97,layout_comparison;prediction_scope,1.0,24.0,20.0,0.041325257816803095,2.802500000000009,0.3786958910349796,234.54972724307828,41
40,4,"[1,14,27,40]",0.35,2.5,1.0,even_idm_leader_d02,0.2,predictive,8.0,1.5,0,5.0,closed symmetric acceleration-command pulse,0.1,4,"[1,14,27,40]",1.0,jerk_saturation,5.0,-25.0,0,idm,[],60.0,0.2,even,5.622820946503268,17.44987155700528,0.004685684122086056,2.5,gap_lower,8.8,0.32750642214973597,1,5.0,gap_lower,0.616796615564511,7.0,1,0.2734362412766084,0.0,0.7,1.0,139fad5da3a88647,1.0,11,controller_comparison,1.0,24.0,20.0,0.21679742303137264,2.355395909849449,0.3628171064634138,224.9128378601307,41
40,4,"[1,14,27,40]",0.35,2.0,0.0,even_idm_leader_d02,0.2,acc,8.0,1.5,0,5.0,closed symmetric acceleration-command pulse,0.1,4,"[1,14,27,40]",92.0,jerk_saturation,5.0,-20.0,0,idm,[],60.0,0.2,even,137.78980508242455,-2.3154193519850423,0.11482483756868712,4.5,gap_lower,41.900000000000006,1.3157709675992522,24,5.000000000000004,gap_lower,-0.49127096759925204,41.400000000000006,24,6.666666666666667,3.192209338868546,0.7,0.0,13b8d2f6bc21680f,0.0,191,controller_comparison,0.0,24.0,20.0,4.5,107.04364132061414,20.0,5511.592203296982,41
40,4,"[1,14,27,40]",0.35,2.0,0.0,even_idm_leader_d02,0.2,wave,8.0,1.5,0,5.0,closed symmetric acceleration-command pulse,0.1,4,"[1,14,27,40]",91.0,jerk_saturation,5.0,-20.0,0,idm,[],60.0,0.2,even,136.80803224039238,-32.89181327083547,0.1140066935336603,4.5,gap_lower,60.0,2.8445906635417737,27,5.000000000000004,gap_lower,-2.0264638190691295,59.900000000000006,27,6.666666666666667,3.3862992763909983,0.7,0.0,13d62897a1eb070c,0.0,61,controller_comparison,0.0,24.0,20.0,4.5,95.52695937535185,20.0,5472.321289615695,41
40,4,"[1,14,27,40]",0.35,1.0,1.0,even_idm_leader_cmd0,0.0,margin,8.0,1.5,0,5.0,closed symmetric acceleration-command pulse,0.1,4,"[1,14,27,40]",1.0,jerk_saturation,5.0,-10.0,0,idm,[],60.0,0.2,even,3.653227439845587,22.034208599529606,0.0030443561998713224,1.0,jerk,11.8,0.14285724680060036,1,5.0,gap_lower,0.8432233102715522,6.7,1,0.31666663634981757,0.0,0.7,1.0,1418dc1851d1cb9b,1.0,131,prediction_scope,1.0,24.0,20.0,0.15889212828112897,2.6349999999997635,0.2786811868517276,146.12909759382347,41
40,4,"[1,14,27,40]",0.35,0.25,1.0,even_idm_leader_d02,0.2,predictive,8.0,1.5,0,5.0,closed symmetric acceleration-command pulse,0.1,4,"[1,14,27,40]",0.0,gap_lower,12.9,0.028125,1,idm,[],60.0,0.2,even,0.0,23.4375,0.0,0.25,gap_lower,12.9,0.028125,1,5.0,gap_lower,0.9535000000000021,6.7,1,0.0,0.0,0.7,1.0,141e8ccd3852cadf,1.0,191,controller_comparison,1.0,24.0,20.0,1.54730445827495e-16,0.5625,0.0,0.0,41
40,4,"[1,14,27,40]",0.35,1.7,1.0,even_idm_leader_d02,0.2,predictive,8.0,1.5,0,5.0,closed symmetric acceleration-command pulse,0.1,4,"[1,14,27,40]",1.0,jerk_saturation,5.0,-17.0,0,idm,[],60.0,0.2,even,2.9257837122643338,20.126428094831113,0.0024381530935536117,1.7,gap_lower,8.1,0.19367859525844439,1,5.0,gap_lower,0.7405207352121215,6.7,1,0.2593860566083253,0.0,0.7,1.0,142e1de00fb33e6b,1.0,149,controller_comparison,1.0,24.0,20.0,0.21679742284252312,1.3063716483308667,0.17500000000000426,117.03134849057335,41
40,4,"[1,14,27,40]",0.35,2.5,1.0,even_idm_leader_d02,0.2,predictive,8.0,1.5,0,5.0,closed symmetric acceleration-command pulse,0.1,4,"[1,14,27,40]",1.0,jerk_saturation,5.0,-25.0,0,idm,[],60.0,0.2,even,4.974932775074131,17.44987155700528,0.004145777312561776,2.5,gap_lower,8.8,0.32750642214973597,1,5.0,gap_lower,0.616796615564511,7.0,1,0.2666430711583966,0.0,0.7,1.0,148c99d5d0c1cb1f,1.0,191,controller_comparison,1.0,24.0,20.0,0.12244897959183959,1.72137634089745,0.31853391397034514,198.99731100296523,41
40,4,"[1,14,27,40]",0.35,2.0,1.0,even_ovm_leader_d02,0.2,margin,8.0,1.5,0,5.0,closed symmetric acceleration-command pulse,0.1,4,"[1,14,27,40]",2.0,jerk_saturation,5.0,-20.0,0,ovm,[],60.0,0.2,even,11.178775819224112,9.785419323176598,0.009315646516020093,2.0,gap_lower,56.2,0.7107290338411701,27,5.0,gap_lower,0.2735651287407217,55.5,27,1.4466878525564983,0.0,0.7,0.0,14b8e2babf8c63c5,1.0,131,prediction_scope,0.0,24.0,20.0,1.289628108516423,13.696116895906755,3.021494691037489,447.1510327689645,41
40,4,"[19,20,21,22]",0.35,1.5,1.0,middle_idm_leader_d02,0.2,margin,8.0,1.5,0,5.0,closed symmetric acceleration-command pulse,0.1,4,"[19,20,21,22]",1.0,jerk_saturation,5.0,-15.0,0,idm,[],60.0,0.2,middle,5.706467782262453,20.114716511902486,0.004755389818552044,1.7626037614282686,jerk,7.9,0.5834528048057639,1,5.0,acceleration_upper,0.5746710540209137,9.200000000000001,1,0.9875781390118021,1.3039254061671576e-07,0.7,1.0,150b26ca2da156b5,1.0,191,layout_comparison;prediction_scope,1.0,24.0,20.0,0.21679742691517107,2.8502822804055086,0.47499999999998366,228.25871129049813,41
20,2,"[1,20]",0.35,0.0,1.0,even_idm_leader_N20,0.2,wave,8.0,1.5,0,5.0,closed symmetric acceleration-command pulse,0.1,2,"[1,20]",0.0,jerk,0.1,3.038634963225178e-16,2,idm,[],60.0,0.2,even,0.0,24.0,0.0,1.4809356839139917e-16,jerk,0.1,3.038634963225178e-16,2,1.519317481612589e-15,acceleration_upper,0.9999999999999999,0.0,2,0.0,0.0,0.7,1.0,155f0eca702c8504,1.0,113,chain_length_scope,1.0,24.0,20.0,1.519317481612589e-16,0.0,0.0,0.0,21
20,2,"[1,20]",0.35,2.0,1.0,even_idm_leader_N20,0.2,margin,8.0,1.5,0,5.0,closed symmetric acceleration-command pulse,0.1,2,"[1,20]",1.0,jerk_saturation,5.0,-20.0,0,idm,[],60.0,0.2,even,8.513194443920833,19.56003271057392,0.007094328703267361,2.0,gap_lower,8.1,0.22199836447130394,1,5.0,gap_lower,0.7028209984038035,6.800000000000001,1,0.33182379957755853,0.15833333333332553,0.7,1.0,156a5988a5233783,1.0,167,chain_length_scope,1.0,24.0,20.0,0.017805383097792074,2.3075000000003456,0.17517775323663898,170.26388887841665,21
40,4,"[37,38,39,40]",0.35,1.7,0.0,rear_idm_leader_d02,0.2,margin,8.0,1.5,0,5.0,closed symmetric acceleration-command pulse,0.1,4,"[37,38,39,40]",95.0,jerk_saturation,5.0,-17.0,0,idm,[],60.0,0.2,rear,153.75148800701382,-48.218433469910394,0.12812624000584485,4.5,gap_lower,60.0,3.6109216734955196,37,5.000000000000004,gap_lower,-3.153329757415299,59.900000000000006,37,7.843137254901961,0.13246547712247056,0.7,0.0,157fba32615a52d0,0.0,97,layout_comparison;prediction_scope,0.0,24.0,20.0,4.5,82.03718222234852,20.0,6150.0595202805525,41
40,4,"[37,38,39,40]",0.35,1.8,0.0,rear_idm_leader_d02,0.2,margin,8.0,1.5,0,5.0,closed symmetric acceleration-command pulse,0.1,4,"[37,38,39,40]",95.0,jerk_saturation,5.0,-18.0,0,idm,[],60.0,0.2,rear,154.43134073052715,-44.264525041626555,0.12869278394210595,4.5,gap_lower,60.0,3.4132262520813277,37,5.000000000000004,gap_lower,-2.97714978055578,59.900000000000006,37,7.4074074074074066,0.08837126338144448,0.7,0.0,158b4fa50218cf17,0.0,191,layout_comparison;prediction_scope,0.0,24.0,20.0,4.5,94.1261887984079,20.0,6177.253629221086,41
40,4,"[37,38,39,40]",0.35,0.0,1.0,rear_idm_leader_d02,0.2,margin,8.0,1.5,0,5.0,closed symmetric acceleration-command pulse,0.1,4,"[37,38,39,40]",0.0,jerk,0.1,3.002655725429388e-16,18,idm,[],60.0,0.2,rear,0.0,24.0,0.0,1.477107317951692e-16,jerk,0.1,3.002655725429388e-16,18,1.5013278627146939e-15,acceleration_upper,0.9999999999999999,0.0,16,0.0,0.0,0.7,1.0,1656b86d63bf748d,1.0,29,layout_comparison,1.0,24.0,20.0,1.501327862714694e-16,0.0,0.0,0.0,41
80,8,"[1,12,24,35,46,57,69,80]",0.35,1.5,1.0,even_idm_leader_N80,0.2,predictive,8.0,1.5,0,5.0,closed symmetric acceleration-command pulse,0.1,8,"[1,12,24,35,46,57,69,80]",1.0,jerk_saturation,5.0,-15.0,0,idm,[],60.0,0.2,even,1.19481387265742,20.59906245446058,0.0009956782272145166,1.5,gap_lower,8.1,0.17004687727697104,1,5.0,gap_lower,0.7612126343801773,6.7,1,0.22598556084110852,0.0,0.7,1.0,16758e717e8179fb,1.0,191,chain_length_scope,1.0,24.0,20.0,0.06601725623273295,1.3211767694186278,0.14999999999999858,95.5851098125936,81
40,4,"[1,2,3,4]",0.35,1.8,1.0,front_idm_leader_d02,0.2,margin,8.0,1.5,0,5.0,closed symmetric acceleration-command pulse,0.1,4,"[1,2,3,4]",1.0,jerk_saturation,5.0,-18.0,0,idm,[],60.0,0.2,front,6.644928266910995,20.118271619165995,0.005537440222425829,1.8,jerk,6.1000000000000005,0.1949187838400666,1,5.0,gap_lower,0.7314541031193812,6.7,1,0.3239786377755459,2.1366599038212066e-06,0.7,1.0,167df050d318b75b,1.0,167,layout_comparison;prediction_scope,1.0,24.0,20.0,0.20351639197953236,2.972280225506438,0.41184798441940274,265.7971306764398,41
40,4,"[1,2,3,4]",0.35,0.25,1.0,front_idm_leader_d02,0.2,margin,8.0,1.5,0,5.0,closed symmetric acceleration-command pulse,0.1,4,"[1,2,3,4]",0.0,gap_lower,12.9,0.028125,1,idm,[],60.0,0.2,front,0.0,23.4375,0.0,0.25,gap_lower,12.9,0.028125,1,5.0,gap_lower,0.9535000000000021,6.7,1,0.0,0.0,0.7,1.0,170800605edae376,1.0,131,layout_comparison;prediction_scope,1.0,24.0,20.0,1.5165216210851655e-16,0.5625,0.0,0.0,41
80,8,"[1,12,24,35,46,57,69,80]",0.35,1.8,1.0,even_idm_leader_N80,0.2,margin,8.0,1.5,0,5.0,closed symmetric acceleration-command pulse,0.1,8,"[1,12,24,35,46,57,69,80]",1.0,jerk_saturation,5.0,-18.0,0,idm,[],60.0,0.2,even,2.737499056645407,20.118271619165995,0.002281249213871173,1.8,jerk,6.1000000000000005,0.1949187838400666,1,5.0,gap_lower,0.7314541031193812,6.7,1,0.3239786377755459,0.0,0.7,1.0,1739be9f967f1548,1.0,97,chain_length_scope,1.0,24.0,20.0,0.09113716247047851,2.057305991685098,0.42499999999999005,218.9999245316326,81
40,4,"[1,14,27,40]",0.35,1.7,1.0,even_idm_leader_cmd0,0.0,margin,8.0,1.5,0,5.0,closed symmetric acceleration-command pulse,0.1,4,"[1,14,27,40]",1.0,jerk_saturation,5.0,-17.0,0,idm,[],60.0,0.2,even,5.3631542150218126,20.532852342178046,0.004469295179184844,1.7,jerk,5.9,0.1949187838400666,1,5.0,gap_lower,0.7545714811833555,6.7,1,0.3039147381425787,0.0,0.7,1.0,1740a0871be5b904,1.0,113,prediction_scope,1.0,24.0,20.0,0.07591318394262143,2.6554999999909796,0.3342139029308946,214.5261686008725,41
20,2,"[1,20]",0.35,2.2,1.0,even_idm_leader_N20,0.2,predictive,8.0,1.5,0,5.0,closed symmetric acceleration-command pulse,0.1,2,"[1,20]",1.0,jerk_saturation,5.0,-22.0,0,idm,[],60.0,0.2,even,7.816147447379559,18.552015762797367,0.006513456206149633,2.2,gap_lower,8.6,0.2723992118601316,1,5.0,gap_lower,0.6637930717799548,6.9,1,0.26966600607340274,0.06060606060606361,0.7,1.0,175bf98a422ae6e3,1.0,167,chain_length_scope,1.0,24.0,20.0,0.021382084611636862,2.2551870944239454,0.20000000000000995,156.3229489475912,21
40,4,"[19,20,21,22]",0.35,2.1,0.0,middle_idm_leader_d02,0.2,margin,8.0,1.5,0,5.0,closed symmetric acceleration-command pulse,0.1,4,"[19,20,21,22]",83.0,jerk_saturation,5.0,-21.0,0,idm,[],60.0,0.2,middle,147.4099093221784,-100.05764859760048,0.12284159110181533,4.5,gap_lower,52.800000000000004,6.202882429880024,19,5.000000000000004,gap_lower,-5.362672107193676,51.300000000000004,19,6.349206349206349,0.0010399892344552307,0.7,0.0,17918baa96d1b599,0.0,167,layout_comparison;prediction_scope,0.0,24.0,20.0,4.5,116.80450586193245,20.0,5896.396372887136,41
40,0,[],0.35,0.25,1.0,even_idm_leader_d02,0.2,human,8.0,1.5,0,5.0,closed symmetric acceleration-command pulse,0.1,0,[],0.0,acceleration_upper,9.0,0.07909669231471793,1,idm,[],60.0,0.2,even,0.38136680347349133,23.59351938861883,0.00031780566956124276,0.25,acceleration_upper,9.0,0.07909669231471793,1,5.0,acceleration_upper,0.923109172751686,8.9,1,0.716697190199748,9.791520164981193e-05,0.7,1.0,181bd74c7c437953,1.0,61,controller_comparison,1.0,24.0,20.0,0.005264015587706277,0.05230839488910988,0.02882491452556124,15.254672138939654,41
40,4,"[1,2,3,4]",0.35,2.5,1.0,front_idm_leader_d02,0.2,margin,8.0,1.5,0,5.0,closed symmetric acceleration-command pulse,0.1,4,"[1,2,3,4]",1.0,jerk_saturation,5.0,-25.0,0,idm,[],60.0,0.2,front,8.544984439093826,17.940824239627887,0.0071208203659115215,2.5,gap_lower,8.6,0.30295878801860565,1,5.0,gap_lower,0.6284722142964542,7.1000000000000005,1,0.3329445331574059,3.856718655962746e-06,0.7,1.0,1824ced2dba2afdc,1.0,11,layout_comparison,1.0,24.0,20.0,0.20351639197953236,2.983819241997253,0.5473054952178522,341.799377563753,41
40,4,"[37,38,39,40]",0.35,0.0,1.0,rear_idm_leader_d02,0.2,margin,8.0,1.5,0,5.0,closed symmetric acceleration-command pulse,0.1,4,"[37,38,39,40]",0.0,jerk,0.1,8.431356589244537e-16,34,idm,[],60.0,0.2,rear,0.0,24.0,0.0,1.4937857699229206e-16,jerk,0.1,8.431356589244537e-16,34,4.215678294622268e-15,acceleration_upper,0.9999999999999998,0.0,34,0.0,0.0,0.7,1.0,184a3774489b4abf,1.0,11,layout_comparison,1.0,24.0,20.0,4.215678294622269e-16,0.0,0.0,0.0,41
40,4,"[1,14,27,40]",0.35,0.25,1.0,even_idm_leader_d02,0.2,acc,8.0,1.5,0,5.0,closed symmetric acceleration-command pulse,0.1,4,"[1,14,27,40]",0.0,acceleration_upper,8.9,0.11045353428495491,1,idm,[],60.0,0.2,even,0.3871266954275496,23.58818761823106,0.000322605579522958,0.25,acceleration_upper,8.9,0.11045353428495491,1,5.0,acceleration_upper,0.8798395296158674,8.3,1,0.8070695198907742,0.00028467577048256015,0.7,1.0,18b7130d216953c0,1.0,167,controller_comparison,1.0,24.0,20.0,0.006671798978932601,0.05726945582745202,0.028627711132834577,15.485067817101985,41
40,4,"[37,38,39,40]",0.35,2.5,0.0,rear_idm_leader_d02,0.2,margin,8.0,1.5,0,5.0,closed symmetric acceleration-command pulse,0.1,4,"[37,38,39,40]",135.0,jerk_saturation,5.0,-25.0,0,idm,[],60.0,0.2,rear,282.9688283743768,-56.29349477645161,0.23580735697864733,4.5,gap_lower,60.0,4.01467473882258,37,5.000000000000004,gap_lower,-3.502562194982245,59.900000000000006,37,5.333333333333333,0.1566693122401072,0.7,0.0,18e4022afa8191c9,0.0,167,layout_comparison;prediction_scope,0.0,24.0,20.0,4.5,93.26341330911913,20.0,11318.753134975072,41
40,4,"[1,14,27,40]",0.35,1.8,1.0,even_idm_leader_d02,0.2,wave,8.0,1.5,0,5.0,closed symmetric acceleration-command pulse,0.1,4,"[1,14,27,40]",2.0,jerk_saturation,5.0,-18.0,0,idm,[],60.0,0.2,even,9.166168356093966,20.42515136071067,0.007638473630078304,1.8,acceleration_upper,9.0,0.8108967007441591,1,5.0,acceleration_upper,0.1154448318353769,8.5,1,0.9657605105602439,0.005674153715862875,0.7,0.0,18f9974fea10ffc0,1.0,47,controller_comparison,0.0,24.0,20.0,0.8735536687418719,3.0414444004902634,1.9594286916086574,366.6467342437586,41
40,0,[],0.35,1.5,0.0,even_idm_leader_d02,0.2,human,8.0,1.5,0,5.0,closed symmetric acceleration-command pulse,0.1,0,[],86.0,jerk_saturation,5.0,-15.0,0,idm,[],60.0,0.2,even,108.57981693930074,-2.333323267005298,0.09048318078275061,4.5,gap_lower,51.300000000000004,1.316666163350265,31,5.000000000000004,gap_lower,-0.4921661633502648,50.800000000000004,31,8.88888888888889,3.2472569741622106,0.7,0.0,19181b600010021d,0.0,79,controller_comparison,0.0,24.0,20.0,4.5,87.19683948786161,20.0,4343.192677572029,41
40,4,"[37,38,39,40]",0.35,1.9,0.0,rear_idm_leader_d02,0.2,margin,8.0,1.5,0,5.0,closed symmetric acceleration-command pulse,0.1,4,"[37,38,39,40]",114.0,jerk_saturation,5.0,-18.999999999999996,0,idm,[],60.0,0.2,rear,217.99563227873006,-53.92001412933212,0.1816630268989417,4.5,gap_lower,60.0,3.896000706466606,37,5.000000000000004,gap_lower,-3.3927904599984897,59.900000000000006,37,7.017543859649123,0.17983411331603702,0.7,0.0,191c88108291ca6c,0.0,3,layout_comparison,0.0,24.0,20.0,4.5,102.5069184210563,20.0,8719.825291149202,41
40,4,"[1,14,27,40]",0.35,1.9,1.0,even_ovm_leader_d02,0.2,margin,8.0,1.5,0,5.0,closed symmetric acceleration-command pulse,0.1,4,"[1,14,27,40]",2.0,jerk_saturation,5.0,-18.999999999999996,0,ovm,[],60.0,0.2,even,10.563502186557741,10.911945200732475,0.008802918488798118,1.9,gap_lower,56.1,0.6544027399633763,27,5.0,gap_lower,0.33020319585915126,55.400000000000006,27,1.406397547025019,0.0,0.7,0.0,1955b153497acf02,1.0,131,prediction_scope,0.0,24.0,20.0,1.1701559140500155,12.51992771678232,2.768612201925972,422.54008746230966,41
40,4,"[1,14,27,40]",0.35,2.0,0.0,even_idm_leader_d02,0.2,wave,8.0,1.5,0,5.0,closed symmetric acceleration-command pulse,0.1,4,"[1,14,27,40]",80.0,jerk_saturation,5.0,-20.0,0,idm,[],60.0,0.2,even,109.39741581778144,-29.28135641359883,0.09116451318148454,4.5,gap_lower,55.7,2.6640678206799415,27,5.000000000000004,gap_lower,-1.8183313278602828,54.1,27,6.666666666666667,2.780926240113225,0.7,0.0,19765d26dde3a641,0.0,47,controller_comparison,0.0,24.0,20.0,4.5,97.7876865682764,20.0,4375.896632711258,41
40,4,"[1,14,27,40]",0.35,1.9,1.0,even_idm_leader_d02,0.2,margin,8.0,1.5,0,5.0,closed symmetric acceleration-command pulse,0.1,4,"[1,14,27,40]",1.0,jerk_saturation,5.0,-18.999999999999996,0,idm,[],60.0,0.2,even,5.516991084576061,19.858526954864345,0.004597492570480051,1.9,jerk,6.0,0.2157434402332361,1,5.0,gap_lower,0.7185493977653218,6.7,1,0.33714188492828917,0.0,0.7,1.0,1984faf661731150,1.0,149,controller_comparison;layout_comparison;prediction_scope,1.0,24.0,20.0,0.08928973072718073,1.8818565424819553,0.3999999999999915,220.67964338304245,41
40,0,[],0.35,2.5,0.0,even_idm_leader_d02,0.2,human,8.0,1.5,0,5.0,closed symmetric acceleration-command pulse,0.1,0,[],144.0,jerk_saturation,5.0,-25.0,0,idm,[],60.0,0.2,even,290.639426765986,-2.6419742543805143,0.2421995223049883,4.5,gap_lower,30.400000000000002,1.3320987127190258,16,5.000000000000004,gap_lower,-0.5075987127190252,29.900000000000002,16,5.333333333333333,4.362341424551712,0.7,0.0,19c664d6cf64229f,0.0,3,controller_comparison,0.0,24.0,20.0,4.5,92.13831373812286,20.0,11625.57707063944,41
40,4,"[1,14,27,40]",0.35,1.7,1.0,even_idm_leader_d02,0.2,wave,8.0,1.5,0,5.0,closed symmetric acceleration-command pulse,0.1,4,"[1,14,27,40]",2.0,jerk_saturation,5.0,-17.0,0,idm,[],60.0,0.2,even,7.624637139077771,20.67794949791832,0.006353864282564809,1.7,acceleration_upper,9.0,0.7722007508944968,1,5.0,acceleration_upper,0.15762496776271306,8.4,1,0.9656881778325616,0.0040361430711142,0.7,0.0,19f271dffb6f3904,1.0,61,controller_comparison,0.0,24.0,20.0,0.39829211705644,2.0259089904772054,1.2239435188357035,304.98548556311084,41
20,2,"[1,20]",0.35,0.25,1.0,even_idm_leader_N20,0.2,wave,8.0,1.5,0,5.0,closed symmetric acceleration-command pulse,0.1,2,"[1,20]",0.0,acceleration_upper,8.700000000000001,0.12363052410794312,1,idm,[],60.0,0.2,even,0.5531304089289777,23.63545048406307,0.0004609420074408147,0.25,acceleration_upper,8.700000000000001,0.12363052410794312,1,5.0,acceleration_upper,0.8602823717271342,8.200000000000001,1,0.7078878072353424,0.11231750471307578,0.7,1.0,19f7dec5c9447b7f,1.0,167,chain_length_scope,1.0,24.0,20.0,0.000510813591897603,0.03039096671727748,0.008696992373575796,11.062608178579554,21
40,4,"[1,14,27,40]",0.35,0.0,1.0,even_idm_leader_d02,0.2,margin,8.0,1.5,0,5.0,closed symmetric acceleration-command pulse,0.1,4,"[1,14,27,40]",0.0,jerk,0.1,3.002655725429388e-16,18,idm,[],60.0,0.2,even,0.0,24.0,0.0,1.477107317951692e-16,jerk,0.1,3.002655725429388e-16,18,1.5013278627146939e-15,acceleration_upper,0.9999999999999999,0.0,16,0.0,0.0,0.7,1.0,1a18304bc5a56632,1.0,29,controller_comparison;layout_comparison,1.0,24.0,20.0,1.501327862714694e-16,0.0,0.0,0.0,41
40,4,"[1,14,27,40]",0.35,1.9,1.0,even_idm_leader_d02,0.2,predictive,8.0,1.5,0,5.0,closed symmetric acceleration-command pulse,0.1,4,"[1,14,27,40]",1.0,jerk_saturation,5.0,-18.999999999999996,0,idm,[],60.0,0.2,even,3.513573391485109,19.577656259410332,0.0029279778262375905,1.9,gap_lower,8.3,0.22111718702948338,1,5.0,gap_lower,0.7099290965800863,6.800000000000001,1,0.24908627253921625,0.0,0.7,1.0,1a2fce2b3c1f3528,1.0,11,controller_comparison,1.0,24.0,20.0,0.21679742284252312,1.3388347270075656,0.20000000000000995,140.54293565940435,41
20,2,"[1,20]",0.35,2.0,1.0,even_idm_leader_N20,0.2,predictive,8.0,1.5,0,5.0,closed symmetric acceleration-command pulse,0.1,2,"[1,20]",1.0,jerk_saturation,5.0,-20.0,0,idm,[],60.0,0.2,even,6.470358972249615,19.272922396420682,0.005391965810208012,2.0,gap_lower,8.3,0.23635388017896589,1,5.0,gap_lower,0.6939790965800888,6.800000000000001,1,0.2523275149773738,0.05833333333333476,0.7,1.0,1a4de630693365e4,1.0,149,chain_length_scope,1.0,24.0,20.0,0.01158593075913292,1.9803420200388473,0.17500000000000426,129.4071794449923,21
40,4,"[19,20,21,22]",0.35,2.0,0.0,middle_idm_leader_d02,0.2,margin,8.0,1.5,0,5.0,closed symmetric acceleration-command pulse,0.1,4,"[19,20,21,22]",85.0,jerk_saturation,5.0,-20.0,0,idm,[],60.0,0.2,middle,127.60820544996075,-94.55702789303461,0.10634017120830062,4.5,gap_lower,48.400000000000006,5.92785139465173,19,5.000000000000004,gap_lower,-5.049008500141488,46.2,19,6.666666666666667,0.001118134207517348,0.7,0.0,1a5794851bad97a8,0.0,29,layout_comparison,0.0,24.0,20.0,4.5,104.44185030771973,20.0,5104.32821799843,41
40,4,"[1,2,3,4]",0.35,1.8,1.0,front_idm_leader_d02,0.2,margin,8.0,1.5,0,5.0,closed symmetric acceleration-command pulse,0.1,4,"[1,2,3,4]",1.0,jerk_saturation,5.0,-18.0,0,idm,[],60.0,0.2,front,6.483747884979526,20.118271619165995,0.005403123237482939,1.8,jerk,6.1000000000000005,0.1949187838400666,1,5.0,gap_lower,0.7314541031193812,6.7,1,0.3239786377755459,3.7265194439715673e-06,0.7,1.0,1a907d7f14b53f74,1.0,3,layout_comparison,1.0,24.0,20.0,0.20351639197953236,2.972280225506438,0.40407111372897475,259.34991539918104,41
40,4,"[1,14,27,40]",0.35,1.7,1.0,even_idm_internal8_d02,0.2,margin,8.0,1.5,8,5.0,closed symmetric acceleration-command pulse,0.1,4,"[1,14,27,40]",2.0,jerk_saturation,5.0,-17.0,8,idm,[],60.0,0.2,even,3.9748413245716576,20.34371504512162,0.0033123677704763816,1.7,jerk,5.1000000000000005,1.0,8,5.0,acceleration_upper,0.0,6.5,8,0.8552736795411017,0.15626027873551748,0.7,1.0,1ab7c50c3b78879e,1.0,149,prediction_scope,1.0,24.0,20.0,0.2488521333507932,2.4436186640083974,0.3984637107755695,158.9936529828663,41
40,4,"[1,14,27,40]",0.35,1.0,1.0,even_idm_leader_d02,0.2,wave,8.0,1.5,0,5.0,closed symmetric acceleration-command pulse,0.1,4,"[1,14,27,40]",1.0,jerk_saturation,5.0,-10.0,0,idm,[],60.0,0.2,even,1.870492833384627,22.41719531546063,0.0015587440278205223,1.0,acceleration_upper,8.9,0.47616499802648427,1,5.0,acceleration_upper,0.4712842528868433,8.3,1,0.7636366299609705,0.00032078809077281295,0.7,1.0,1ad29e8779587806,1.0,167,controller_comparison,1.0,24.0,20.0,0.022516657144455703,0.25163769128573676,0.11373835217998263,74.81971333538507,41
40,4,"[1,14,27,40]",0.35,0.0,1.0,even_ovm_leader_d02,0.2,margin,8.0,1.5,0,5.0,closed symmetric acceleration-command pulse,0.1,4,"[1,14,27,40]",0.0,jerk,0.1,6.967298521003958e-16,6,ovm,[],60.0,0.2,even,0.0,24.0,0.0,3.4836492605019796e-16,jerk,0.1,6.967298521003958e-16,6,3.4836492605019793e-15,command_upper,0.9999999999999998,0.0,2,0.0,0.0,0.7,1.0,1aecf04a47710acf,1.0,149,prediction_scope,1.0,24.0,20.0,3.4836492605019796e-16,0.0,0.0,0.0,41
40,4,"[37,38,39,40]",0.35,2.1,0.0,rear_idm_leader_d02,0.2,margin,8.0,1.5,0,5.0,closed symmetric acceleration-command pulse,0.1,4,"[37,38,39,40]",123.0,jerk_saturation,5.0,-21.0,0,idm,[],60.0,0.2,rear,240.06368988343624,-55.83395789978644,0.20005307490286353,4.5,gap_lower,60.0,3.991697894989322,37,5.000000000000004,gap_lower,-3.4743845970779352,59.900000000000006,37,6.349206349206349,0.18651108600012758,0.7,0.0,1af870119c68a9de,0.0,113,layout_comparison;prediction_scope,0.0,24.0,20.0,4.5,134.09459819555263,20.0,9602.54759533745,41
40,4,"[1,2,3,4]",0.35,1.0,1.0,front_idm_leader_d02,0.2,margin,8.0,1.5,0,5.0,closed symmetric acceleration-command pulse,0.1,4,"[1,2,3,4]",1.0,jerk_saturation,5.0,-10.0,0,idm,[],60.0,0.2,front,5.791001617579197,22.041091224490145,0.004825834681315998,1.0,jerk,7.7,0.15796767347454377,1,5.0,gap_lower,0.8475557889641916,6.7,1,0.38330523773824393,1.0550375032873187e-06,0.7,1.0,1b1d82c054a6b910,1.0,131,layout_comparison;prediction_scope,1.0,24.0,20.0,0.033657903238995354,2.802500000000009,0.3829564332415494,231.6400647031679,41
40,4,"[19,20,21,22]",0.35,1.9,0.0,middle_idm_leader_d02,0.2,margin,8.0,1.5,0,5.0,closed symmetric acceleration-command pulse,0.1,4,"[19,20,21,22]",74.0,jerk_saturation,5.0,-18.999999999999996,0,idm,[],60.0,0.2,middle,116.63642947361477,-95.42924784123063,0.09719702456134564,4.5,gap_lower,49.0,5.9714623920615315,19,5.000000000000004,gap_lower,-5.09500214545537,46.800000000000004,19,7.017543859649123,0.000893671636290811,0.7,0.0,1b39abf46d387b2c,0.0,97,layout_comparison;prediction_scope,0.0,24.0,20.0,4.5,133.24604695349115,20.0,4665.457178944591,41
40,4,"[1,14,27,40]",0.35,1.0,1.0,even_idm_leader_d02,0.2,margin,8.0,1.5,0,5.0,closed symmetric acceleration-command pulse,0.1,4,"[1,14,27,40]",1.0,jerk_saturation,5.0,-10.0,0,idm,[],60.0,0.2,even,3.6399724079291973,22.041091224490145,0.0030333103399409977,1.0,jerk,7.7,0.15796767347454377,1,5.0,gap_lower,0.8475557889641916,6.7,1,0.38330523773824393,0.0,0.7,1.0,1b7b78c763471c61,1.0,61,controller_comparison;layout_comparison,1.0,24.0,20.0,0.12583071241746646,2.2168555683546174,0.3512612824205448,145.59889631716788,41
40,4,"[1,14,27,40]",0.35,2.5,1.0,even_ovm_leader_d02,0.2,margin,8.0,1.5,0,5.0,closed symmetric acceleration-command pulse,0.1,4,"[1,14,27,40]",2.0,jerk_saturation,5.0,-25.0,0,ovm,[],60.0,0.2,even,12.026663470621447,10.024293437202061,0.010022219558851206,2.5,acceleration_upper,55.6,0.7439855634519427,26,5.0,acceleration_upper,0.25928818363193606,55.5,26,1.1445712954065286,0.0,0.7,0.0,1b8b1b80ee83c817,1.0,97,prediction_scope,0.0,24.0,20.0,0.9512654767891655,11.705507890002366,3.0804145484934935,481.0665388248579,41
40,4,"[1,14,27,40]",0.35,2.5,0.0,even_idm_leader_d02,0.2,wave,8.0,1.5,0,5.0,closed symmetric acceleration-command pulse,0.1,4,"[1,14,27,40]",109.0,jerk_saturation,5.0,-25.0,0,idm,[],60.0,0.2,even,185.99866327239607,-33.05810955497037,0.15499888606033008,4.5,gap_lower,60.0,2.8529054777485188,27,5.000000000000004,gap_lower,-2.0336761142730344,59.900000000000006,27,5.333333333333333,3.0386588972687805,0.7,0.0,1bac32dfe765d98e,0.0,131,controller_comparison,0.0,24.0,20.0,4.5,93.98124750632803,20.0,7439.946530895843,41
40,4,"[1,14,27,40]",0.35,2.1,0.0,even_idm_leader_d02,0.2,acc,8.0,1.5,0,5.0,closed symmetric acceleration-command pulse,0.1,4,"[1,14,27,40]",124.0,jerk_saturation,5.0,-21.0,0,idm,[],60.0,0.2,even,227.8844634748064,-2.526894223642273,0.18990371956233867,4.5,gap_lower,40.7,1.3263447111821136,24,5.000000000000004,gap_lower,-0.5018447111821136,40.2,24,6.349206349206349,4.849968229169198,0.7,0.0,1bd751f182ce17d9,0.0,11,controller_comparison,0.0,24.0,20.0,4.5,103.28882977965372,20.0,9115.378538992256,41
80,8,"[1,12,24,35,46,57,69,80]",0.35,1.8,1.0,even_idm_leader_N80,0.2,margin,8.0,1.5,0,5.0,closed symmetric acceleration-command pulse,0.1,8,"[1,12,24,35,46,57,69,80]",1.0,jerk_saturation,5.0,-18.0,0,idm,[],60.0,0.2,even,2.5183593894325695,20.118271619165995,0.0020986328245271415,1.8,jerk,6.1000000000000005,0.1949187838400666,1,5.0,gap_lower,0.7314541031193812,6.7,1,0.3239786377755459,0.0,0.7,1.0,1be850c97baf54e6,1.0,131,chain_length_scope,1.0,24.0,20.0,0.09009800756275312,2.033749190226672,0.3999999999999915,201.46875115460557,81
40,4,"[37,38,39,40]",0.35,1.9,0.0,rear_idm_leader_d02,0.2,margin,8.0,1.5,0,5.0,closed symmetric acceleration-command pulse,0.1,4,"[37,38,39,40]",107.0,jerk_saturation,5.0,-18.999999999999996,0,idm,[],60.0,0.2,rear,193.44843907951864,-51.30244721172453,0.16120703256626553,4.5,gap_lower,60.0,3.7651223605862265,37,5.000000000000004,gap_lower,-3.282332563538349,59.900000000000006,37,7.017543859649123,0.1535349823778008,0.7,0.0,1beb013b92f9445b,0.0,29,layout_comparison,0.0,24.0,20.0,4.5,88.34749926714466,20.0,7737.937563180745,41
20,2,"[1,20]",0.35,1.0,1.0,even_idm_leader_N20,0.2,margin,8.0,1.5,0,5.0,closed symmetric acceleration-command pulse,0.1,2,"[1,20]",1.0,jerk_saturation,5.0,-10.0,0,idm,[],60.0,0.2,even,5.159149149939287,22.041091224490145,0.0042992909582827395,1.0,jerk,7.7,0.15796767347454377,1,5.0,gap_lower,0.8475557889641916,6.7,1,0.38330523773824393,0.2666666666632385,0.7,1.0,1c023d6f49eae372,1.0,131,chain_length_scope,1.0,24.0,20.0,0.020850376565918056,1.605109725763441,0.12511918861167715,103.18298299878575,21
40,4,"[1,14,27,40]",0.35,1.5,1.0,even_idm_leader_d02,0.2,wave,8.0,1.5,0,5.0,closed symmetric acceleration-command pulse,0.1,4,"[1,14,27,40]",1.0,jerk_saturation,5.0,-15.0,0,idm,[],60.0,0.2,even,5.052905873141884,21.470436104793833,0.004210754894284904,1.5,acceleration_upper,9.0,0.6910652464529088,1,5.0,acceleration_upper,0.2408760651583718,8.4,1,0.7855481259587296,0.0018768249371750774,0.7,1.0,1c3ed881fb16d9f9,1.0,113,controller_comparison,1.0,24.0,20.0,0.15823074540877435,1.0600385245645612,0.6274111349081544,202.11623492567537,41
40,4,"[1,14,27,40]",0.35,2.0,0.0,even_idm_leader_d02,0.2,acc,8.0,1.5,0,5.0,closed symmetric acceleration-command pulse,0.1,4,"[1,14,27,40]",121.0,jerk_saturation,5.0,-20.0,0,idm,[],60.0,0.2,even,222.73163406246158,-2.587378945949311,0.18560969505205133,4.5,gap_lower,54.800000000000004,1.3293689472974655,35,5.000000000000004,gap_lower,-0.5048689472974657,54.300000000000004,35,6.666666666666667,4.991089829922301,0.7,0.0,1cc6cbd92a2f2657,0.0,149,controller_comparison,0.0,24.0,20.0,4.5,120.55717214963079,20.0,8909.265362498463,41
40,4,"[1,14,27,40]",0.35,2.5,1.0,even_idm_leader_d02,0.2,margin,8.0,1.5,0,5.0,closed symmetric acceleration-command pulse,0.1,4,"[1,14,27,40]",1.0,jerk_saturation,5.0,-25.0,0,idm,[],60.0,0.2,even,7.134421624701909,17.940824239627887,0.005945351353918257,2.5,gap_lower,8.6,0.30295878801860565,1,5.0,gap_lower,0.6284722142964542,7.1000000000000005,1,0.3329445331574059,0.0,0.7,1.0,1ce3e77ed3e82767,1.0,167,controller_comparison;layout_comparison;prediction_scope,1.0,24.0,20.0,0.11173813518175844,1.9137499999919783,0.42499999999999005,285.37686498807636,41
40,4,"[1,14,27,40]",0.35,1.5,0.0,even_idm_leader_d02,0.2,acc,8.0,1.5,0,5.0,closed symmetric acceleration-command pulse,0.1,4,"[1,14,27,40]",73.0,jerk_saturation,5.0,-15.0,0,idm,[],60.0,0.2,even,86.93490843403954,-2.3477454428306714,0.07244575702836628,4.5,gap_lower,50.2,1.3173872721415336,30,5.000000000000004,gap_lower,-0.4928872721415338,49.7,30,8.88888888888889,3.1091604303275897,0.7,0.0,1cfc6fa9c334df54,0.0,11,controller_comparison,0.0,24.0,20.0,4.5,95.31060303840843,20.0,3477.3963373615816,41
40,0,[],0.35,1.8,0.0,even_idm_leader_d02,0.2,human,8.0,1.5,0,5.0,closed symmetric acceleration-command pulse,0.1,0,[],115.0,jerk_saturation,5.0,-18.0,0,idm,[],60.0,0.2,even,190.3096125103805,-2.5010779437562007,0.15859134375865042,4.5,gap_lower,51.6,1.32505389718781,32,5.000000000000004,gap_lower,-0.50055389718781,51.1,32,7.4074074074074066,4.368782815726031,0.7,0.0,1d032433c1535962,0.0,47,controller_comparison,0.0,24.0,20.0,4.5,121.9679655757958,20.0,7612.38450041522,41
40,4,"[1,14,27,40]",0.35,1.0,1.0,even_idm_leader_d02,0.2,predictive,8.0,1.5,0,5.0,closed symmetric acceleration-command pulse,0.1,4,"[1,14,27,40]",1.0,jerk_saturation,5.0,-10.0,0,idm,[],60.0,0.2,even,1.772945140595852,21.882056486128107,0.0014774542838298767,1.0,jerk,11.200000000000001,0.14285753923608713,1,5.0,gap_lower,0.836886763385144,6.7,1,0.2333332177228229,0.0,0.7,1.0,1d0f24c7ae3de65d,1.0,29,controller_comparison,1.0,24.0,20.0,0.20351639197953236,1.1585969387929254,0.12500000000001066,70.91780562383408,41
40,4,"[1,14,27,40]",0.35,1.0,1.0,even_idm_leader_d02,0.2,wave,8.0,1.5,0,5.0,closed symmetric acceleration-command pulse,0.1,4,"[1,14,27,40]",1.0,jerk_saturation,5.0,-10.0,0,idm,[],60.0,0.2,even,1.9639465045984814,22.41719531546063,0.001636622087165401,1.0,acceleration_upper,8.9,0.47616499802648427,1,5.0,acceleration_upper,0.4712842528868433,8.3,1,0.7636366299609705,0.000410981876245368,0.7,1.0,1d27ef5e0061a076,1.0,61,controller_comparison,1.0,24.0,20.0,0.026654441689552492,0.2670486488009658,0.14412482423346162,78.55786018393925,41
20,2,"[1,20]",0.35,1.8,1.0,even_idm_leader_N20,0.2,margin,8.0,1.5,0,5.0,closed symmetric acceleration-command pulse,0.1,2,"[1,20]",1.0,jerk_saturation,5.0,-18.0,0,idm,[],60.0,0.2,even,7.834428449801534,20.118271619165995,0.0065286903748346115,1.8,jerk,6.1000000000000005,0.1949187838400666,1,5.0,gap_lower,0.7314541031193812,6.7,1,0.34001678572805727,0.16666666666665456,0.7,1.0,1d35dc9292ed2b80,1.0,167,chain_length_scope,1.0,24.0,20.0,0.02119860936372354,1.599499999999125,0.150487754881361,156.68856899603068,21
40,0,[],0.35,1.0,1.0,even_idm_leader_d02,0.2,human,8.0,1.5,0,5.0,closed symmetric acceleration-command pulse,0.1,0,[],1.0,jerk_saturation,5.0,-10.0,0,idm,[],60.0,0.2,even,2.952075435964386,22.021959542715223,0.002460062863303655,1.0705040853267938,acceleration_upper,9.1,0.3397114649353293,1,5.0,acceleration_upper,0.6683160895773707,9.0,1,0.9153918386734267,0.0003235768285610637,0.7,1.0,1d4c2dca75588332,1.0,149,controller_comparison,1.0,24.0,20.0,0.06270465394030572,0.5831228489908256,0.293204876279475,118.08301743857544,41
20,2,"[1,20]",0.35,0.25,1.0,even_idm_leader_N20,0.2,margin,8.0,1.5,0,5.0,closed symmetric acceleration-command pulse,0.1,2,"[1,20]",0.0,gap_lower,12.9,0.028125,1,idm,[],60.0,0.2,even,0.0,23.4375,0.0,0.25,gap_lower,12.9,0.028125,1,5.0,gap_lower,0.9535000000000021,6.7,1,0.0,0.0,0.7,1.0,1d62ec81f7b39971,1.0,191,chain_length_scope,1.0,24.0,20.0,1.5392514115692307e-16,0.5625,0.0,0.0,21
80,8,"[1,12,24,35,46,57,69,80]",0.35,0.25,1.0,even_idm_leader_N80,0.2,margin,8.0,1.5,0,5.0,closed symmetric acceleration-command pulse,0.1,8,"[1,12,24,35,46,57,69,80]",0.0,gap_lower,12.9,0.028125,1,idm,[],60.0,0.2,even,0.0,23.4375,0.0,0.25,gap_lower,12.9,0.028125,1,5.0,gap_lower,0.9535000000000021,6.7,1,0.0,0.0,0.7,1.0,1d6c9ef4a47c9fb5,1.0,167,chain_length_scope,1.0,24.0,20.0,4.287732603563867e-16,0.5625,0.0,0.0,81
20,2,"[1,20]",0.35,1.5,1.0,even_idm_leader_N20,0.2,margin,8.0,1.5,0,5.0,closed symmetric acceleration-command pulse,0.1,2,"[1,20]",1.0,jerk_saturation,5.0,-15.0,0,idm,[],60.0,0.2,even,6.4526308585104575,20.903158065760977,0.0053771923820920475,1.5,jerk,6.2,0.18004402927351704,1,5.0,gap_lower,0.7739406906150658,6.7,1,0.34133460735243504,0.18888888888880867,0.7,1.0,1d6ee2bf803f3d54,1.0,149,chain_length_scope,1.0,24.0,20.0,0.008008056820858592,2.140000000000782,0.12595599956749837,129.05261717020915,21
40,0,[],0.35,0.25,1.0,even_idm_leader_d02,0.2,human,8.0,1.5,0,5.0,closed symmetric acceleration-command pulse,0.1,0,[],0.0,acceleration_upper,8.9,0.08119699677053889,1,idm,[],60.0,0.2,even,0.37333291481052133,23.590748613343848,0.0003111107623421011,0.25,acceleration_upper,8.9,0.08119699677053889,1,5.0,acceleration_upper,0.9213192660262588,8.9,1,0.6753344056951486,8.691768641710951e-05,0.7,1.0,1d92e91f859e9b2b,1.0,47,controller_comparison,1.0,24.0,20.0,0.0061095236778789365,0.060250557386012815,0.030027356519056525,14.933316592420853,41
40,4,"[1,14,27,40]",0.35,0.25,1.0,even_idm_leader_d02,0.2,margin,8.0,1.5,0,5.0,closed symmetric acceleration-command pulse,0.1,4,"[1,14,27,40]",0.0,gap_lower,12.9,0.028125,1,idm,[],60.0,0.2,even,0.0,23.4375,0.0,0.25,gap_lower,12.9,0.028125,1,5.0,gap_lower,0.9535000000000021,6.7,1,0.0,0.0,0.7,1.0,1dce0876a462fd39,1.0,29,controller_comparison;layout_comparison,1.0,24.0,20.0,1.501327862714694e-16,0.5625,0.0,0.0,41
40,4,"[1,14,27,40]",0.35,1.5,1.0,even_idm_leader_d02,0.2,margin,8.0,1.5,0,5.0,closed symmetric acceleration-command pulse,0.1,4,"[1,14,27,40]",1.0,jerk_saturation,5.0,-15.0,0,idm,[],60.0,0.2,even,4.6709029409001035,20.903158065760977,0.003892419117416753,1.5,jerk,6.2,0.18004402927351704,1,5.0,gap_lower,0.7739406906150658,6.7,1,0.34133460735243504,0.0,0.7,1.0,1ddd219d20046e9e,1.0,79,controller_comparison;layout_comparison,1.0,24.0,20.0,0.20351639197953236,2.1404845147836795,0.4398465351980576,186.83611763600413,41
40,4,"[19,20,21,22]",0.35,0.0,1.0,middle_idm_leader_d02,0.2,margin,8.0,1.5,0,5.0,closed symmetric acceleration-command pulse,0.1,4,"[19,20,21,22]",0.0,jerk,0.1,3.0438989830050984e-16,32,idm,[],60.0,0.2,middle,0.0,24.0,0.0,1.519770894331564e-16,jerk,0.1,3.0438989830050984e-16,32,1.5219494915025492e-15,acceleration_upper,0.9999999999999999,0.0,26,0.0,0.0,0.7,1.0,1e1bfd6c2817eabf,1.0,3,layout_comparison,1.0,24.0,20.0,1.5219494915025492e-16,0.0,0.0,0.0,41
80,8,"[1,12,24,35,46,57,69,80]",0.35,0.25,1.0,even_idm_leader_N80,0.2,wave,8.0,1.5,0,5.0,closed symmetric acceleration-command pulse,0.1,8,"[1,12,24,35,46,57,69,80]",0.0,acceleration_upper,8.700000000000001,0.12363052410794312,1,idm,[],60.0,0.2,even,0.17956833491698407,23.63545048406307,0.00014964027909748672,0.25,acceleration_upper,8.700000000000001,0.12363052410794312,1,5.0,acceleration_upper,0.8602823717271342,8.200000000000001,1,0.7078878072353424,0.0,0.7,1.0,1e2433d43f1832ed,1.0,97,chain_length_scope,1.0,24.0,20.0,0.0036999382971636937,0.04347833269179091,0.020141479385497263,14.365466793358726,81
40,4,"[19,20,21,22]",0.35,0.0,1.0,middle_idm_leader_d02,0.2,margin,8.0,1.5,0,5.0,closed symmetric acceleration-command pulse,0.1,4,"[19,20,21,22]",0.0,jerk,0.1,3.077579334592651e-16,16,idm,[],60.0,0.2,middle,0.0,24.0,0.0,1.5387896672963254e-16,jerk,0.1,3.077579334592651e-16,16,1.5387896672963253e-15,acceleration_upper,0.9999999999999999,0.0,10,0.0,0.0,0.7,1.0,1e5283967f5a8c26,1.0,149,layout_comparison;prediction_scope,1.0,24.0,20.0,1.5387896672963254e-16,0.0,0.0,0.0,41
20,2,"[1,20]",0.35,2.5,1.0,even_idm_leader_N20,0.2,margin,8.0,1.5,0,5.0,closed symmetric acceleration-command pulse,0.1,2,"[1,20]",1.0,jerk_saturation,5.0,-25.0,0,idm,[],60.0,0.2,even,11.147562008295214,17.940824239627887,0.009289635006912678,2.5,gap_lower,8.6,0.30295878801860565,1,5.0,gap_lower,0.6284722142964542,7.1000000000000005,1,0.3427914786157629,0.15333333333332366,0.7,1.0,1e8316053d714fcf,1.0,113,chain_length_scope,1.0,24.0,20.0,0.021275279395119993,1.9137499999919783,0.27500000524622337,222.95124016590427,21
40,4,"[37,38,39,40]",0.35,1.5,0.0,rear_idm_leader_d02,0.2,margin,8.0,1.5,0,5.0,closed symmetric acceleration-command pulse,0.1,4,"[37,38,39,40]",71.0,jerk_saturation,5.0,-15.0,0,idm,[],60.0,0.2,rear,92.79270161349974,-38.56724534808737,0.07732725134458311,4.5,gap_lower,60.0,3.1283622674043685,37,5.000000000000004,gap_lower,-2.7316133988914695,59.900000000000006,37,8.88888888888889,0.04257806412861006,0.7,0.0,1efa8a30e720198c,0.0,113,layout_comparison;prediction_scope,0.0,24.0,20.0,4.5,96.32179338983354,20.0,3711.7080645399897,41
40,4,"[1,14,27,40]",0.35,1.9,1.0,even_idm_leader_cmd0,0.0,margin,8.0,1.5,0,5.0,closed symmetric acceleration-command pulse,0.1,4,"[1,14,27,40]",1.0,jerk_saturation,5.0,-18.999999999999996,0,idm,[],60.0,0.2,even,5.591187576483809,20.008608001059713,0.004659322980403174,1.9,jerk,5.800000000000001,0.2157434402332361,1,5.0,gap_lower,0.7272864274312851,6.7,1,0.29823703934855367,0.0,0.7,1.0,1f10f4c12849af48,1.0,131,prediction_scope,1.0,24.0,20.0,0.15889212881159523,2.329749999994192,0.36801602458543314,223.64750305935235,41
40,4,"[1,2,3,4]",0.35,0.0,1.0,front_idm_leader_d02,0.2,margin,8.0,1.5,0,5.0,closed symmetric acceleration-command pulse,0.1,4,"[1,2,3,4]",0.0,jerk,0.1,3.078257215171215e-16,20,idm,[],60.0,0.2,front,0.0,24.0,0.0,1.5350796098647517e-16,jerk,0.1,3.078257215171215e-16,20,1.5391286075856077e-15,acceleration_upper,0.9999999999999999,0.0,7,0.0,0.0,0.7,1.0,1f4415f884e57f6d,1.0,47,layout_comparison,1.0,24.0,20.0,1.5391286075856078e-16,0.0,0.0,0.0,41
40,4,"[37,38,39,40]",0.35,2.1,0.0,rear_idm_leader_d02,0.2,margin,8.0,1.5,0,5.0,closed symmetric acceleration-command pulse,0.1,4,"[37,38,39,40]",125.0,jerk_saturation,5.0,-21.0,0,idm,[],60.0,0.2,rear,253.02326066036986,-55.776699005028235,0.21085271721697488,4.5,gap_lower,60.0,3.9888349502514115,37,5.000000000000004,gap_lower,-3.4716338431812246,59.900000000000006,37,6.349206349206349,0.18651108600012758,0.7,0.0,1f7e689c333a832d,0.0,61,layout_comparison,0.0,24.0,20.0,4.5,87.47460142329243,20.0,10120.930426414794,41
40,4,"[1,14,27,40]",0.35,0.0,1.0,even_idm_leader_d02,0.2,predictive,8.0,1.5,0,5.0,closed symmetric acceleration-command pulse,0.1,4,"[1,14,27,40]",0.0,jerk,0.1,3.033043242170331e-16,32,idm,[],60.0,0.2,even,0.0,24.0,0.0,1.4158437991504552e-16,jerk,0.1,3.033043242170331e-16,32,1.5165216210851655e-15,acceleration_upper,0.9999999999999999,0.0,2,0.0,0.0,0.7,1.0,2030a09d7680cd72,1.0,131,controller_comparison,1.0,24.0,20.0,1.5165216210851655e-16,0.0,0.0,0.0,41
40,4,"[37,38,39,40]",0.35,2.0,0.0,rear_idm_leader_d02,0.2,margin,8.0,1.5,0,5.0,closed symmetric acceleration-command pulse,0.1,4,"[37,38,39,40]",119.0,jerk_saturation,5.0,-20.0,0,idm,[],60.0,0.2,rear,227.3355433773016,-55.048096524764745,0.18944628614775133,4.5,gap_lower,60.0,3.9524048262382374,37,5.000000000000004,gap_lower,-3.4413504909049166,59.900000000000006,37,6.666666666666667,0.18750462975352158,0.7,0.0,2036e5dc0cdd48c9,0.0,113,layout_comparison;prediction_scope,0.0,24.0,20.0,4.5,139.5429533435418,20.0,9093.421735092064,41
40,4,"[1,14,27,40]",0.35,0.0,1.0,even_idm_leader_d02,0.2,predictive,8.0,1.5,0,5.0,closed symmetric acceleration-command pulse,0.1,4,"[1,14,27,40]",0.0,jerk,0.1,3.092860462114067e-16,6,idm,[],60.0,0.2,even,0.0,24.0,0.0,1.5331773592430868e-16,jerk,0.1,3.092860462114067e-16,6,1.5464302310570335e-15,acceleration_upper,0.9999999999999999,0.0,3,0.0,0.0,0.7,1.0,204b1cbb8233b3df,1.0,97,controller_comparison,1.0,24.0,20.0,1.5464302310570336e-16,0.0,0.0,0.0,41
20,2,"[1,20]",0.35,2.0,1.0,even_idm_leader_N20,0.2,predictive,8.0,1.5,0,5.0,closed symmetric acceleration-command pulse,0.1,2,"[1,20]",1.0,jerk_saturation,5.0,-20.0,0,idm,[],60.0,0.2,even,6.46112844930204,19.272922396420682,0.0053842737077517,2.0,gap_lower,8.3,0.23635388017896589,1,5.0,gap_lower,0.6939790965800888,6.800000000000001,1,0.25634148605131557,0.05833333333333476,0.7,1.0,207c2585a32ca9c8,1.0,113,chain_length_scope,1.0,24.0,20.0,0.008822254510113859,1.9670812517507557,0.17500000000000426,129.2225689860408,21
80,8,"[1,12,24,35,46,57,69,80]",0.35,1.8,1.0,even_idm_leader_N80,0.2,margin,8.0,1.5,0,5.0,closed symmetric acceleration-command pulse,0.1,8,"[1,12,24,35,46,57,69,80]",1.0,jerk_saturation,5.0,-18.0,0,idm,[],60.0,0.2,even,2.6524732182820308,20.118271619165995,0.002210394348568359,1.8,jerk,6.1000000000000005,0.1949187838400666,1,5.0,gap_lower,0.7314541031193812,6.7,1,0.3239786377755459,0.0,0.7,1.0,2088eab6d49d0a6b,1.0,149,chain_length_scope,1.0,24.0,20.0,0.08279700617230243,2.0820116552073387,0.3999999999999915,212.19785746256247,81
40,4,"[1,14,27,40]",0.35,2.0,1.0,even_idm_leader_d02,0.2,wave,8.0,1.5,0,5.0,closed symmetric acceleration-command pulse,0.1,4,"[1,14,27,40]",1.0,jerk_saturation,5.0,-20.0,0,idm,[],60.0,0.2,even,6.782533753586939,20.634170796010167,0.0056521114613224495,2.0,acceleration_upper,9.1,0.88821329777608,1,5.0,acceleration_upper,0.03278903783535214,8.5,1,0.8040214289815353,0.001078948564167348,0.7,1.0,20c281c3999f721d,1.0,191,controller_comparison,1.0,24.0,20.0,0.18087001469766378,1.3038304918780739,0.6961987928695272,271.3013501434776,41
40,4,"[1,14,27,40]",0.35,1.8,1.0,even_idm_leader_cmd0,0.0,margin,8.0,1.5,0,5.0,closed symmetric acceleration-command pulse,0.1,4,"[1,14,27,40]",1.0,jerk_saturation,5.0,-18.0,0,idm,[],60.0,0.2,even,5.537490693169528,20.24543240660705,0.0046145755776412735,1.8,jerk,5.9,0.1949187838400666,1,5.0,gap_lower,0.7398714811833569,6.7,1,0.29629195513215,0.0,0.7,1.0,20c323df552c1483,1.0,113,prediction_scope,1.0,24.0,20.0,0.08310270134504193,2.6369999999992615,0.34559529180758375,221.4996277267811,41
40,4,"[1,14,27,40]",0.35,0.25,1.0,even_idm_leader_cmd0,0.0,margin,8.0,1.5,0,5.0,closed symmetric acceleration-command pulse,0.1,4,"[1,14,27,40]",0.0,gap_lower,12.9,0.028125,1,idm,[],60.0,0.2,even,0.0,23.4375,0.0,0.25,gap_lower,12.9,0.028125,1,5.0,gap_lower,0.9535000000000021,6.7,1,0.0,0.0,0.7,1.0,20ff1d2498857528,1.0,191,prediction_scope,1.0,24.0,20.0,1.54730445827495e-16,0.5625,0.0,0.0,41
40,0,[],0.35,1.9,0.0,even_idm_leader_d02,0.2,human,8.0,1.5,0,5.0,closed symmetric acceleration-command pulse,0.1,0,[],123.0,jerk_saturation,5.0,-18.999999999999996,0,idm,[],60.0,0.2,even,221.10006821977927,-2.6222421152774444,0.18425005684981605,4.5,gap_lower,43.6,1.3311121057638722,26,5.000000000000004,gap_lower,-0.5066121057638722,43.1,26,7.017543859649123,4.689477242513539,0.7,0.0,2105bf75a2580333,0.0,97,controller_comparison,0.0,24.0,20.0,4.5,133.24604695349115,20.0,8844.00272879117,41
20,2,"[1,20]",0.35,1.5,1.0,even_idm_leader_N20,0.2,wave,8.0,1.5,0,5.0,closed symmetric acceleration-command pulse,0.1,2,"[1,20]",1.0,jerk_saturation,5.0,-15.0,0,idm,[],60.0,0.2,even,4.9487081309101395,21.546420964520223,0.004123923442425116,1.5,acceleration_upper,9.0,0.6910652464529088,1,5.0,acceleration_upper,0.2408760651583718,8.4,1,0.7855481259587296,0.27723094720177244,0.7,1.0,2124ef63c52f51e2,1.0,97,chain_length_scope,1.0,24.0,20.0,0.0026654171799608724,0.08710670571167611,0.012655978265065926,98.97416261820278,21
40,4,"[1,2,3,4]",0.35,2.1,1.0,front_idm_leader_d02,0.2,margin,8.0,1.5,0,5.0,closed symmetric acceleration-command pulse,0.1,4,"[1,2,3,4]",1.0,jerk_saturation,5.0,-21.0,0,idm,[],60.0,0.2,front,7.352246231825174,19.221536821795013,0.006126871859854312,2.1,gap_lower,8.200000000000001,0.23892315891024934,1,5.0,gap_lower,0.688120998403801,6.800000000000001,1,0.3173783908256328,4.007437828774874e-06,0.7,1.0,2147f55f8d449eae,1.0,11,layout_comparison,1.0,24.0,20.0,0.0729098012529706,2.3587499999998727,0.4324160844396374,294.08984927300696,41
40,4,"[1,14,27,40]",0.35,1.7,0.0,even_idm_leader_d02,0.2,acc,8.0,1.5,0,5.0,closed symmetric acceleration-command pulse,0.1,4,"[1,14,27,40]",102.0,jerk_saturation,5.0,-17.0,0,idm,[],60.0,0.2,even,159.5890618419175,-2.569817190169317,0.13299088486826458,4.5,gap_lower,55.300000000000004,1.328490859508466,35,5.000000000000004,gap_lower,-0.5039908595084661,54.800000000000004,35,7.843137254901961,4.878153006457936,0.7,0.0,21540f22c0db1d07,0.0,149,controller_comparison,0.0,24.0,20.0,4.5,78.29432610634285,20.0,6383.5624736766995,41
40,4,"[1,14,27,40]",0.35,2.5,0.0,even_idm_leader_d02,0.2,wave,8.0,1.5,0,5.0,closed symmetric acceleration-command pulse,0.1,4,"[1,14,27,40]",116.0,jerk_saturation,5.0,-25.0,0,idm,[],60.0,0.2,even,203.03043648629844,-33.28767678007505,0.1691920304052487,4.5,gap_lower,60.0,2.864383839003753,27,5.000000000000004,gap_lower,-2.043631948513042,59.900000000000006,27,5.333333333333333,3.4772893001210656,0.7,0.0,2177b21d5f9f826a,0.0,113,controller_comparison,0.0,24.0,20.0,4.5,83.25709549716623,20.0,8121.217459451937,41
40,4,"[1,14,27,40]",0.35,1.9,0.0,even_idm_leader_d02,0.2,wave,8.0,1.5,0,5.0,closed symmetric acceleration-command pulse,0.1,4,"[1,14,27,40]",89.0,jerk_saturation,5.0,-18.999999999999996,0,idm,[],60.0,0.2,even,129.17372455991043,-32.35717554983658,0.10764477046659202,4.5,gap_lower,59.1,2.8178587774918293,27,5.000000000000004,gap_lower,-1.9810772761051667,57.900000000000006,27,7.017543859649123,3.5976188273062872,0.7,0.0,21aa5d62f29f0505,0.0,149,controller_comparison,0.0,24.0,20.0,4.5,117.45179986444128,20.0,5166.948982396417,41
40,4,"[1,2,3,4]",0.35,2.1,1.0,front_idm_leader_d02,0.2,margin,8.0,1.5,0,5.0,closed symmetric acceleration-command pulse,0.1,4,"[1,2,3,4]",1.0,jerk_saturation,5.0,-21.0,0,idm,[],60.0,0.2,front,6.9532242865623175,19.221536821795013,0.005794353572135265,2.1,gap_lower,8.200000000000001,0.23892315891024934,1,5.0,gap_lower,0.688120998403801,6.800000000000001,1,0.3173783908256328,3.969798168356415e-06,0.7,1.0,21b369aabe15da78,1.0,29,layout_comparison,1.0,24.0,20.0,0.06607854543276136,2.3587499999998727,0.426428007055506,278.1289714624927,41
40,4,"[1,14,27,40]",0.35,1.9,0.0,even_idm_leader_d02,0.2,acc,8.0,1.5,0,5.0,closed symmetric acceleration-command pulse,0.1,4,"[1,14,27,40]",111.0,jerk_saturation,5.0,-18.999999999999996,0,idm,[],60.0,0.2,even,185.56707917240072,-2.47983427654097,0.15463923264366727,4.5,gap_lower,57.6,1.3239917138270485,37,5.000000000000004,gap_lower,-0.4994917138270486,57.1,37,7.017543859649123,4.711275504274387,0.7,0.0,2212490978929289,0.0,113,controller_comparison,0.0,24.0,20.0,4.5,104.24010652888256,20.0,7422.683166896029,41
40,4,"[1,14,27,40]",0.35,0.25,1.0,even_idm_leader_d02,0.2,predictive,8.0,1.5,0,5.0,closed symmetric acceleration-command pulse,0.1,4,"[1,14,27,40]",0.0,gap_lower,12.9,0.028125,1,idm,[],60.0,0.2,even,0.0,23.4375,0.0,0.25,gap_lower,12.9,0.028125,1,5.0,gap_lower,0.9535000000000021,6.7,1,0.0,0.0,0.7,1.0,221c41e7a38a64f9,1.0,79,controller_comparison,1.0,24.0,20.0,1.5420368381941088e-16,0.5625,0.0,0.0,41
40,4,"[37,38,39,40]",0.35,2.0,0.0,rear_idm_leader_d02,0.2,margin,8.0,1.5,0,5.0,closed symmetric acceleration-command pulse,0.1,4,"[37,38,39,40]",111.0,jerk_saturation,5.0,-20.0,0,idm,[],60.0,0.2,rear,207.95920744573164,-51.12415621683037,0.1732993395381097,4.5,gap_lower,60.0,3.7562078108415187,37,5.000000000000004,gap_lower,-3.2743583065546202,59.900000000000006,37,6.666666666666667,0.14585823325891076,0.7,0.0,2253313d44e61da9,0.0,131,layout_comparison;prediction_scope,0.0,24.0,20.0,4.5,109.89521381304382,20.0,8318.368297829265,41
40,4,"[1,14,27,40]",0.35,2.0,1.0,even_idm_leader_d02,0.2,margin,8.0,1.5,0,5.0,closed symmetric acceleration-command pulse,0.1,4,"[1,14,27,40]",1.0,jerk_saturation,5.0,-20.0,0,idm,[],60.0,0.2,even,5.803492581569907,19.56003271057392,0.004836243817974923,2.0,gap_lower,8.1,0.22199836447130394,1,5.0,gap_lower,0.7028209984038035,6.800000000000001,1,0.3165806789364443,0.0,0.7,1.0,22b036cb5c005ed6,1.0,47,controller_comparison;layout_comparison,1.0,24.0,20.0,0.09412553149201046,2.3075000000003456,0.42499999999999005,232.13970326279627,41
40,4,"[19,20,21,22]",0.35,1.5,1.0,middle_idm_leader_d02,0.2,margin,8.0,1.5,0,5.0,closed symmetric acceleration-command pulse,0.1,4,"[19,20,21,22]",3.0,jerk_saturation,5.0,-15.0,0,idm,[],60.0,0.2,middle,10.700752715245542,6.32551559672865,0.008917293929371285,4.5,acceleration_lower,31.3,1.0,18,5.0,acceleration_lower,0.0,31.3,18,3.0975060698252452,9.953379580451838e-05,0.7,0.0,22cce95ce267a56a,1.0,113,layout_comparison;prediction_scope,0.0,24.0,20.0,0.24686040283656252,7.078517321186496,1.0953198979860588,428.0301086098217,41
40,4,"[1,14,27,40]",0.35,1.7,1.0,even_idm_leader_d02,0.2,wave,8.0,1.5,0,5.0,closed symmetric acceleration-command pulse,0.1,4,"[1,14,27,40]",1.0,jerk_saturation,5.0,-17.0,0,idm,[],60.0,0.2,even,5.461216607083901,21.194869123199226,0.004551013839236584,1.7,acceleration_upper,9.0,0.7722007508944968,1,5.0,acceleration_upper,0.15762496776271306,8.4,1,0.7907956668683235,0.0020375890585636754,0.7,1.0,22d6fc5483e8748e,1.0,97,controller_comparison,1.0,24.0,20.0,0.20082554024958688,1.2608782782914147,0.722614326882848,218.44866428335604,41
40,4,"[19,20,21,22]",0.35,1.9,0.0,middle_idm_leader_d02,0.2,margin,8.0,1.5,0,5.0,closed symmetric acceleration-command pulse,0.1,4,"[19,20,21,22]",94.0,jerk_saturation,5.0,-18.999999999999996,0,idm,[],60.0,0.2,middle,155.34025387542582,-99.47859390065052,0.12945021156285486,4.5,gap_lower,52.1,6.173929695032526,19,5.000000000000004,gap_lower,-5.337812744004324,50.6,19,7.017543859649123,0.0013198168751534225,0.7,0.0,22d853a71402c417,0.0,149,layout_comparison;prediction_scope,0.0,24.0,20.0,4.5,115.38956307778085,20.0,6213.610155017032,41
40,4,"[1,14,27,40]",0.35,1.9,1.0,even_ovm_leader_d02,0.2,margin,8.0,1.5,0,5.0,closed symmetric acceleration-command pulse,0.1,4,"[1,14,27,40]",2.0,jerk_saturation,5.0,-18.999999999999996,0,ovm,[],60.0,0.2,even,8.200998818950948,16.617520255036425,0.006834165682459124,1.9,gap_lower,55.800000000000004,0.36912398724817874,27,5.0,gap_lower,0.6257508496581273,54.7,27,0.8089184195361343,0.0,0.7,0.0,23006fbddf316166,1.0,113,prediction_scope,0.0,24.0,20.0,0.5361440096939659,6.9072399585937205,1.571412295987539,328.03995275803794,41
20,2,"[1,20]",0.35,0.25,1.0,even_idm_leader_N20,0.2,predictive,8.0,1.5,0,5.0,closed symmetric acceleration-command pulse,0.1,2,"[1,20]",0.0,gap_lower,12.9,0.028125,1,idm,[],60.0,0.2,even,0.0,23.4375,0.0,0.25,gap_lower,12.9,0.028125,1,5.0,gap_lower,0.9535000000000021,6.7,1,0.0,0.0,0.7,1.0,2326908ede135d48,1.0,167,chain_length_scope,1.0,24.0,20.0,1.4958925616692478e-16,0.5625,0.0,0.0,21
40,4,"[1,14,27,40]",0.35,0.25,1.0,even_idm_leader_d02,0.2,predictive,8.0,1.5,0,5.0,closed symmetric acceleration-command pulse,0.1,4,"[1,14,27,40]",0.0,gap_lower,12.9,0.028125,1,idm,[],60.0,0.2,even,0.0,23.4375,0.0,0.25,gap_lower,12.9,0.028125,1,5.0,gap_lower,0.9535000000000021,6.7,1,0.0,0.0,0.7,1.0,232aca0693a7923a,1.0,167,controller_comparison,1.0,24.0,20.0,1.543402220074675e-16,0.5625,0.0,0.0,41
40,4,"[1,14,27,40]",0.35,0.0,1.0,even_idm_leader_cmd04,0.4,margin,8.0,1.5,0,5.0,closed symmetric acceleration-command pulse,0.1,4,"[1,14,27,40]",0.0,jerk,0.1,3.077579334592651e-16,16,idm,[],60.0,0.2,even,0.0,24.0,0.0,1.5387896672963254e-16,jerk,0.1,3.077579334592651e-16,16,1.5387896672963253e-15,acceleration_upper,0.9999999999999999,0.0,10,0.0,0.0,0.7,1.0,232bd6337d9909be,1.0,149,prediction_scope,1.0,24.0,20.0,1.5387896672963254e-16,0.0,0.0,0.0,41
40,0,[],0.35,2.5,0.0,even_idm_leader_d02,0.2,human,8.0,1.5,0,5.0,closed symmetric acceleration-command pulse,0.1,0,[],142.0,jerk_saturation,5.0,-25.0,0,idm,[],60.0,0.2,even,284.7857819963132,-2.484585125056583,0.23732148499692762,4.5,gap_lower,57.1,1.324229256252829,37,5.000000000000004,gap_lower,-0.4997292562528293,56.6,37,5.333333333333333,4.179187270025826,0.7,0.0,2334fc1f302b0d7b,0.0,113,controller_comparison,0.0,24.0,20.0,4.5,106.7814271775124,20.0,11391.431279852526,41
80,8,"[1,12,24,35,46,57,69,80]",0.35,2.2,1.0,even_idm_leader_N80,0.2,margin,8.0,1.5,0,5.0,closed symmetric acceleration-command pulse,0.1,8,"[1,12,24,35,46,57,69,80]",1.0,jerk_saturation,5.0,-22.0,0,idm,[],60.0,0.2,even,3.241894829656863,18.90519299544539,0.0027015790247140524,2.2,gap_lower,8.4,0.2547403502277305,1,5.0,gap_lower,0.672686427431288,6.9,1,0.3181025637066063,0.0,0.7,1.0,23570ff89a61b82d,1.0,97,chain_length_scope,1.0,24.0,20.0,0.09691403335361976,2.136500000000069,0.449999999999978,259.35158637254904,81
20,2,"[1,20]",0.35,0.25,1.0,even_idm_leader_N20,0.2,predictive,8.0,1.5,0,5.0,closed symmetric acceleration-command pulse,0.1,2,"[1,20]",0.0,gap_lower,12.9,0.028125,1,idm,[],60.0,0.2,even,0.0,23.4375,0.0,0.25,gap_lower,12.9,0.028125,1,5.0,gap_lower,0.9535000000000021,6.7,1,0.0,0.0,0.7,1.0,23a47d8684bcb911,1.0,131,chain_length_scope,1.0,24.0,20.0,1.469391379753045e-16,0.5625,0.0,0.0,21
40,4,"[1,14,27,40]",0.35,1.5,1.0,even_ovm_leader_d02,0.2,margin,8.0,1.5,0,5.0,closed symmetric acceleration-command pulse,0.1,4,"[1,14,27,40]",2.0,jerk_saturation,5.0,-15.0,0,ovm,[],60.0,0.2,even,6.36114886554723,19.235779999502654,0.005300957387956025,1.5,gap_lower,56.300000000000004,0.2382110000248673,27,5.0,gap_lower,0.7598763068043783,55.300000000000004,27,0.6397298916973063,0.0,0.7,0.0,23b117241fb9e5ee,1.0,167,prediction_scope,0.0,24.0,20.0,0.28036361479105454,4.676411877385306,1.1055690290731306,254.4459546218892,41
40,4,"[1,14,27,40]",0.35,0.25,1.0,even_idm_leader_cmd04,0.4,margin,8.0,1.5,0,5.0,closed symmetric acceleration-command pulse,0.1,4,"[1,14,27,40]",0.0,gap_lower,12.9,0.028125,1,idm,[],60.0,0.2,even,0.0,23.4375,0.0,0.25,gap_lower,12.9,0.028125,1,5.0,gap_lower,0.9535000000000021,6.7,1,0.0,0.0,0.7,1.0,23f1f3d555809de4,1.0,97,prediction_scope,1.0,24.0,20.0,1.5464302310570336e-16,0.5625,0.0,0.0,41
40,4,"[1,14,27,40]",0.35,1.7,0.0,even_idm_leader_d02,0.2,acc,8.0,1.5,0,5.0,closed symmetric acceleration-command pulse,0.1,4,"[1,14,27,40]",95.0,jerk_saturation,5.0,-17.0,0,idm,[],60.0,0.2,even,140.2965982282658,-2.458543685838549,0.11691383185688817,4.5,gap_lower,58.1,1.3229271842919275,37,5.000000000000004,gap_lower,-0.49842718429192734,57.6,37,7.843137254901961,4.242251857312108,0.7,0.0,23f5773cc73bfd6d,0.0,113,controller_comparison,0.0,24.0,20.0,4.5,127.89318546813257,20.0,5611.863929130632,41
40,4,"[1,14,27,40]",0.35,2.0,0.0,even_idm_leader_d02,0.2,acc,8.0,1.5,0,5.0,closed symmetric acceleration-command pulse,0.1,4,"[1,14,27,40]",105.0,jerk_saturation,5.0,-20.0,0,idm,[],60.0,0.2,even,167.76892903796744,-2.4495426597678716,0.13980744086497288,4.5,gap_lower,54.0,1.3224771329883935,34,5.000000000000004,gap_lower,-0.49797713298839386,53.5,34,6.666666666666667,4.177568039938648,0.7,0.0,242cb6465f0027e4,0.0,29,controller_comparison,0.0,24.0,20.0,4.5,86.0558340064955,20.0,6710.757161518698,41
40,4,"[1,14,27,40]",0.35,2.1,1.0,even_idm_leader_d02,0.2,margin,8.0,1.5,0,5.0,closed symmetric acceleration-command pulse,0.1,4,"[1,14,27,40]",1.0,jerk_saturation,5.0,-21.0,0,idm,[],60.0,0.2,even,5.597640723028792,19.221536821795013,0.004664700602523993,2.1,gap_lower,8.200000000000001,0.23892315891024934,1,5.0,gap_lower,0.688120998403801,6.800000000000001,1,0.3173783908256328,0.0,0.7,1.0,24310d37886bec69,1.0,191,controller_comparison;layout_comparison;prediction_scope,1.0,24.0,20.0,0.09649664851243486,2.148000000000593,0.39999999999996305,223.90562892115167,41
20,2,"[1,20]",0.35,1.0,1.0,even_idm_leader_N20,0.2,predictive,8.0,1.5,0,5.0,closed symmetric acceleration-command pulse,0.1,2,"[1,20]",1.0,jerk_saturation,5.0,-10.0,0,idm,[],60.0,0.2,even,3.315663107821819,21.882056486128107,0.002763052589851516,1.0,jerk,11.200000000000001,0.14285753923608713,1,5.0,gap_lower,0.836886763385144,6.7,1,0.23812468626844682,0.08333333333334043,0.7,1.0,2466e8d969833b2a,1.0,113,chain_length_scope,1.0,24.0,20.0,0.20351639197953236,1.1585969387929254,0.12500000000001066,66.31326215643638,21
80,8,"[1,12,24,35,46,57,69,80]",0.35,0.0,1.0,even_idm_leader_N80,0.2,wave,8.0,1.5,0,5.0,closed symmetric acceleration-command pulse,0.1,8,"[1,12,24,35,46,57,69,80]",0.0,jerk,0.1,3.0868142572597697e-16,65,idm,[],60.0,0.2,even,0.0,24.0,0.0,1.5434071286298848e-16,jerk,0.1,3.0868142572597697e-16,65,1.5434071286298848e-15,acceleration_upper,0.9999999999999999,0.0,3,0.0,0.0,0.7,1.0,2471b7641be985fd,1.0,191,chain_length_scope,1.0,24.0,20.0,1.5434071286298848e-16,0.0,0.0,0.0,81
40,4,"[1,14,27,40]",0.35,0.0,1.0,even_idm_leader_d02,0.2,margin,8.0,1.5,0,5.0,closed symmetric acceleration-command pulse,0.1,4,"[1,14,27,40]",0.0,jerk,0.1,3.077579334592651e-16,16,idm,[],60.0,0.2,even,0.0,24.0,0.0,1.5387896672963254e-16,jerk,0.1,3.077579334592651e-16,16,1.5387896672963253e-15,acceleration_upper,0.9999999999999999,0.0,10,0.0,0.0,0.7,1.0,248fdb713c707bea,1.0,149,controller_comparison;layout_comparison;prediction_scope,1.0,24.0,20.0,1.5387896672963254e-16,0.0,0.0,0.0,41
20,2,"[1,20]",0.35,0.0,1.0,even_idm_leader_N20,0.2,predictive,8.0,1.5,0,5.0,closed symmetric acceleration-command pulse,0.1,2,"[1,20]",0.0,jerk,0.1,3.0486472582862366e-16,13,idm,[],60.0,0.2,even,0.0,24.0,0.0,1.5243236291431183e-16,jerk,0.1,3.0486472582862366e-16,13,1.5243236291431182e-15,acceleration_upper,0.9999999999999999,0.0,5,0.0,0.0,0.7,1.0,24ba8f7454337118,1.0,97,chain_length_scope,1.0,24.0,20.0,1.5243236291431183e-16,0.0,0.0,0.0,21
40,4,"[1,14,27,40]",0.35,2.5,1.0,even_idm_internal8_d02,0.2,margin,8.0,1.5,8,5.0,closed symmetric acceleration-command pulse,0.1,4,"[1,14,27,40]",3.0,jerk_saturation,5.0,-25.0,8,idm,[],60.0,0.2,even,11.504669213067633,11.132654774598073,0.009587224344223027,4.081812200059523,jerk,5.1000000000000005,1.0,8,5.0,acceleration_upper,0.0,6.5,8,1.4759859194332292,0.13333333322414376,0.7,1.0,24c3fe7279393613,1.0,149,prediction_scope,1.0,24.0,20.0,0.09840075249614506,3.2757807784195165,0.7640999431583495,460.1867685227053,41
40,4,"[37,38,39,40]",0.35,2.0,0.0,rear_idm_leader_d02,0.2,margin,8.0,1.5,0,5.0,closed symmetric acceleration-command pulse,0.1,4,"[37,38,39,40]",120.0,jerk_saturation,5.0,-20.0,0,idm,[],60.0,0.2,rear,236.48279483399944,-55.11438136213855,0.19706899569499953,4.5,gap_lower,60.0,3.9557190681069274,37,5.000000000000004,gap_lower,-3.443833513727257,59.900000000000006,37,6.666666666666667,0.18750462975352158,0.7,0.0,24c7bd3048e65a08,0.0,3,layout_comparison,0.0,24.0,20.0,4.5,89.89595494569119,20.0,9459.311793359977,41
40,0,[],0.35,0.0,1.0,even_idm_leader_d02,0.2,human,8.0,1.5,0,5.0,closed symmetric acceleration-command pulse,0.1,0,[],0.0,jerk,0.1,3.077579334592651e-16,16,idm,[],60.0,0.2,even,0.0,24.0,0.0,1.5387896672963254e-16,jerk,0.1,3.077579334592651e-16,16,1.5387896672963253e-15,acceleration_upper,0.9999999999999999,0.0,10,0.0,0.0,0.7,1.0,250345b6190c893b,1.0,149,controller_comparison,1.0,24.0,20.0,1.5387896672963254e-16,0.0,0.0,0.0,41
40,4,"[1,14,27,40]",0.35,2.0,0.0,even_idm_leader_d02,0.2,acc,8.0,1.5,0,5.0,closed symmetric acceleration-command pulse,0.1,4,"[1,14,27,40]",112.0,jerk_saturation,5.0,-20.0,0,idm,[],60.0,0.2,even,195.3555869191004,-2.387142586860932,0.16279632243258366,4.5,gap_lower,39.900000000000006,1.3193571293430466,23,5.000000000000004,gap_lower,-0.4948571293430463,39.400000000000006,23,6.666666666666667,4.333682709521171,0.7,0.0,2510142ed15c5102,0.0,167,controller_comparison,0.0,24.0,20.0,4.5,123.89518325279471,20.0,7814.223476764016,41
40,0,[],0.35,1.7,0.0,even_idm_leader_d02,0.2,human,8.0,1.5,0,5.0,closed symmetric acceleration-command pulse,0.1,0,[],107.0,jerk_saturation,5.0,-17.0,0,idm,[],60.0,0.2,even,166.18239479142773,-2.4728980017929203,0.13848532899285643,4.5,gap_lower,58.2,1.323644900089646,37,5.000000000000004,gap_lower,-0.4991449000896459,57.7,37,7.843137254901961,4.233510639365171,0.7,0.0,25d76441883e9e75,0.0,113,controller_comparison,0.0,24.0,20.0,4.5,120.56023953530172,20.0,6647.295791657109,41
80,8,"[1,12,24,35,46,57,69,80]",0.35,2.5,1.0,even_idm_leader_N80,0.2,margin,8.0,1.5,0,5.0,closed symmetric acceleration-command pulse,0.1,8,"[1,12,24,35,46,57,69,80]",1.0,jerk_saturation,5.0,-25.0,0,idm,[],60.0,0.2,even,3.8384920531404787,17.940824239627887,0.0031987433776170656,2.5,gap_lower,8.6,0.30295878801860565,1,5.0,gap_lower,0.6284722142964542,7.1000000000000005,1,0.3567601767768262,0.0,0.7,1.0,25fa9d10064fdb89,1.0,167,chain_length_scope,1.0,24.0,20.0,0.08590745723012516,1.9691841377289165,0.449999999999978,307.0793642512383,81
40,4,"[1,14,27,40]",0.35,1.0,1.0,even_idm_leader_cmd04,0.4,margin,8.0,1.5,0,5.0,closed symmetric acceleration-command pulse,0.1,4,"[1,14,27,40]",1.0,jerk_saturation,5.0,-10.0,0,idm,[],60.0,0.2,even,3.4477583481214644,21.96675522775942,0.002873131956767887,1.0,jerk,6.7,0.1618300440899868,1,5.0,gap_lower,0.8437995695711498,6.7,1,0.4289121016803463,0.0,0.7,1.0,2611391cb6e9a011,1.0,131,prediction_scope,1.0,24.0,20.0,0.23789993484207111,2.3854049717331236,0.4545111136902271,137.91033392485858,41
80,8,"[1,12,24,35,46,57,69,80]",0.35,1.0,1.0,even_idm_leader_N80,0.2,predictive,8.0,1.5,0,5.0,closed symmetric acceleration-command pulse,0.1,8,"[1,12,24,35,46,57,69,80]",1.0,jerk_saturation,5.0,-10.0,0,idm,[],60.0,0.2,even,0.9552623484013492,21.882056486128107,0.0007960519570011243,1.0,jerk,11.200000000000001,0.14285753923608713,1,5.0,gap_lower,0.836886763385144,6.7,1,0.2402263875010604,0.0,0.7,1.0,262d18826ec34510,1.0,167,chain_length_scope,1.0,24.0,20.0,0.20351639197953236,1.3178516433268896,0.14408123118293048,76.42098787210793,81
40,4,"[19,20,21,22]",0.35,0.25,1.0,middle_idm_leader_d02,0.2,margin,8.0,1.5,0,5.0,closed symmetric acceleration-command pulse,0.1,4,"[19,20,21,22]",0.0,acceleration_upper,8.9,0.09161797046247376,1,idm,[],60.0,0.2,middle,0.2579786371277157,23.499540387997058,0.00021498219760642974,0.25,acceleration_upper,8.9,0.09161797046247376,1,5.0,acceleration_upper,0.9110630758062596,8.9,1,0.7398922934055557,0.0,0.7,1.0,2634638dedbc2df6,1.0,149,layout_comparison;prediction_scope,1.0,24.0,20.0,0.00039450700015222496,0.5004596120029419,0.00573143261732767,10.319145485108628,41
40,4,"[1,14,27,40]",0.35,1.8,0.0,even_idm_leader_d02,0.2,acc,8.0,1.5,0,5.0,closed symmetric acceleration-command pulse,0.1,4,"[1,14,27,40]",100.0,jerk_saturation,5.0,-18.0,0,idm,[],60.0,0.2,even,159.04206546537245,-2.309839750608724,0.13253505455447706,4.5,gap_lower,50.300000000000004,1.3154919875304363,31,5.000000000000004,gap_lower,-0.49099198753043644,49.800000000000004,31,7.4074074074074066,4.4141291750940885,0.7,0.0,26a0832535b4ed1e,0.0,79,controller_comparison,0.0,24.0,20.0,4.5,90.76421388612187,20.0,6361.682618614898,41
80,8,"[1,12,24,35,46,57,69,80]",0.35,0.0,1.0,even_idm_leader_N80,0.2,wave,8.0,1.5,0,5.0,closed symmetric acceleration-command pulse,0.1,8,"[1,12,24,35,46,57,69,80]",0.0,jerk,0.1,3.1044160633324413e-16,76,idm,[],60.0,0.2,even,0.0,24.0,0.0,1.5522080316662207e-16,jerk,0.1,3.1044160633324413e-16,76,1.5522080316662206e-15,acceleration_upper,0.9999999999999999,0.0,2,0.0,0.0,0.7,1.0,26a63666b0bf6d6a,1.0,149,chain_length_scope,1.0,24.0,20.0,1.5522080316662207e-16,0.0,0.0,0.0,81
40,0,[],0.35,1.7,0.0,even_idm_leader_d02,0.2,human,8.0,1.5,0,5.0,closed symmetric acceleration-command pulse,0.1,0,[],89.0,jerk_saturation,5.0,-17.0,0,idm,[],60.0,0.2,even,114.71167807198535,-2.547066879284756,0.0955930650599878,4.5,gap_lower,43.800000000000004,1.3273533439642378,25,5.000000000000004,gap_lower,-0.5028533439642375,43.300000000000004,25,7.843137254901961,2.571098547245414,0.7,0.0,26e7408cea99b455,0.0,131,controller_comparison,0.0,24.0,20.0,4.5,138.13785083177396,20.0,4588.467122879414,41
40,4,"[1,14,27,40]",0.35,1.0,1.0,even_idm_leader_d02,0.2,margin,8.0,1.5,0,5.0,closed symmetric acceleration-command pulse,0.1,4,"[1,14,27,40]",1.0,jerk_saturation,5.0,-10.0,0,idm,[],60.0,0.2,even,3.372537072307824,22.041091224490145,0.00281044756025652,1.0,jerk,7.7,0.15796767347454377,1,5.0,gap_lower,0.8475557889641916,6.7,1,0.38330523773824393,0.0,0.7,1.0,27403a5eccc600d3,1.0,191,controller_comparison;layout_comparison;prediction_scope,1.0,24.0,20.0,0.12417000534515682,1.898096487265434,0.34999999959378414,134.90148289231297,41
40,4,"[1,14,27,40]",0.35,0.0,1.0,even_idm_leader_d02,0.2,acc,8.0,1.5,0,5.0,closed symmetric acceleration-command pulse,0.1,4,"[1,14,27,40]",0.0,jerk,0.1,3.0946089165499e-16,17,idm,[],60.0,0.2,even,0.0,24.0,0.0,1.54730445827495e-16,jerk,0.1,3.0946089165499e-16,17,1.5473044582749498e-15,acceleration_upper,0.9999999999999999,0.0,8,0.0,0.0,0.7,1.0,27664e352b357c05,1.0,191,controller_comparison,1.0,24.0,20.0,1.54730445827495e-16,0.0,0.0,0.0,41
40,4,"[1,14,27,40]",0.35,2.5,1.0,even_ovm_leader_d02,0.2,margin,8.0,1.5,0,5.0,closed symmetric acceleration-command pulse,0.1,4,"[1,14,27,40]",2.0,jerk_saturation,5.0,-25.0,0,ovm,[],60.0,0.2,even,10.991492246527901,12.731327534257105,0.009159576872106586,2.5,gap_lower,55.1,0.5634336232871447,27,5.0,gap_lower,0.42605547809996275,54.0,27,0.9112473274013743,0.0,0.7,0.0,27a94aff46c6f9ed,1.0,149,prediction_scope,0.0,24.0,20.0,0.644481594417618,9.305096876047173,2.201003356402147,439.6596898611161,41
40,4,"[1,2,3,4]",0.35,1.9,1.0,front_idm_leader_d02,0.2,margin,8.0,1.5,0,5.0,closed symmetric acceleration-command pulse,0.1,4,"[1,2,3,4]",1.0,jerk_saturation,5.0,-18.999999999999996,0,idm,[],60.0,0.2,front,6.821584100925048,19.858526954864345,0.00568465341743754,1.9,jerk,6.0,0.2157434402332361,1,5.0,gap_lower,0.7185493977653218,6.7,1,0.3157433198713496,2.5093223679836265e-06,0.7,1.0,2874db4411a83ad0,1.0,61,layout_comparison,1.0,24.0,20.0,0.20351639197953236,2.9747802255089937,0.4168757099355993,272.86336403700193,41
40,4,"[19,20,21,22]",0.35,1.5,1.0,middle_idm_leader_d02,0.2,margin,8.0,1.5,0,5.0,closed symmetric acceleration-command pulse,0.1,4,"[19,20,21,22]",1.0,jerk_saturation,5.0,-15.0,0,idm,[],60.0,0.2,middle,8.040978656916502,15.438103626456922,0.006700815547430418,1.8576439189340415,jerk,7.9,0.558625319727349,1,5.0,gap_lower,0.566816105151001,35.2,19,1.476093220512387,1.8128192116427676e-05,0.7,1.0,28af7387a2bf5752,1.0,3,layout_comparison,1.0,24.0,20.0,0.24135802925912678,4.1544130031224995,0.724999999905048,321.6391462766601,41
40,4,"[1,2,3,4]",0.35,1.9,1.0,front_idm_leader_d02,0.2,margin,8.0,1.5,0,5.0,closed symmetric acceleration-command pulse,0.1,4,"[1,2,3,4]",1.0,jerk_saturation,5.0,-18.999999999999996,0,idm,[],60.0,0.2,front,6.607237733945868,19.858526954864345,0.00550603144495489,1.9,jerk,6.0,0.2157434402332361,1,5.0,gap_lower,0.7185493977653218,6.7,1,0.3157433198713496,4.049172215615185e-06,0.7,1.0,28d396a22ff7dc14,1.0,3,layout_comparison,1.0,24.0,20.0,0.20351639197953236,2.9747802255089937,0.4079007692723593,264.28950935783473,41
40,4,"[1,14,27,40]",0.35,2.0,0.0,even_idm_leader_d02,0.2,wave,8.0,1.5,0,5.0,closed symmetric acceleration-command pulse,0.1,4,"[1,14,27,40]",85.0,jerk_saturation,5.0,-20.0,0,idm,[],60.0,0.2,even,121.18409591426196,-31.849386970470874,0.1009867465952183,4.5,gap_lower,58.6,2.792469348523544,27,5.000000000000004,gap_lower,-1.9555417752136783,57.400000000000006,27,6.666666666666667,3.1650803143646242,0.7,0.0,28fc3c89e2eaf7e0,0.0,79,controller_comparison,0.0,24.0,20.0,4.5,83.45495588984227,20.0,4847.363836570478,41
40,4,"[19,20,21,22]",0.35,2.5,0.0,middle_idm_leader_d02,0.2,margin,8.0,1.5,0,5.0,closed symmetric acceleration-command pulse,0.1,4,"[19,20,21,22]",104.0,jerk_saturation,5.0,-25.0,0,idm,[],60.0,0.2,middle,194.2002455709693,-102.34277203243079,0.16183353797580774,4.5,gap_lower,57.0,6.317138601621539,19,5.000000000000004,gap_lower,-5.484749585121637,55.900000000000006,19,5.333333333333333,0.0013162635464927539,0.7,0.0,290d9abbffe343a7,0.0,47,layout_comparison,0.0,24.0,20.0,4.5,147.07801689593907,20.0,7768.0098228387715,41
80,8,"[1,12,24,35,46,57,69,80]",0.35,1.8,1.0,even_idm_leader_N80,0.2,predictive,8.0,1.5,0,5.0,closed symmetric acceleration-command pulse,0.1,8,"[1,12,24,35,46,57,69,80]",1.0,jerk_saturation,5.0,-18.0,0,idm,[],60.0,0.2,even,1.4308258296812562,19.848370192974244,0.0011923548580677133,1.8,gap_lower,8.200000000000001,0.2075814903512878,1,5.0,gap_lower,0.7253314111035014,6.800000000000001,1,0.2407364782618002,0.0,0.7,1.0,29660700e74ca5fa,1.0,131,chain_length_scope,1.0,24.0,20.0,0.1849229487713453,1.33782921694052,0.17500000000000426,114.46606637450049,81
40,4,"[1,14,27,40]",0.35,1.0,1.0,even_idm_leader_d02,0.2,wave,8.0,1.5,0,5.0,closed symmetric acceleration-command pulse,0.1,4,"[1,14,27,40]",1.0,jerk_saturation,5.0,-10.0,0,idm,[],60.0,0.2,even,1.9630494687790367,22.41719531546063,0.0016358745573158639,1.0,acceleration_upper,8.9,0.47616499802648427,1,5.0,acceleration_upper,0.4712842528868433,8.3,1,0.7636366299609705,0.00060973820864992,0.7,1.0,29a3e2a7892b019c,1.0,97,controller_comparison,1.0,24.0,20.0,0.03258281090381584,0.3265359001450747,0.17178064917162672,78.52197875116147,41
40,4,"[1,14,27,40]",0.35,2.1,1.0,even_idm_leader_d02,0.2,margin,8.0,1.5,0,5.0,closed symmetric acceleration-command pulse,0.1,4,"[1,14,27,40]",1.0,jerk_saturation,5.0,-21.0,0,idm,[],60.0,0.2,even,6.054526123038702,19.221536821795013,0.005045438435865585,2.1,gap_lower,8.200000000000001,0.23892315891024934,1,5.0,gap_lower,0.688120998403801,6.800000000000001,1,0.3173783908256328,0.0,0.7,1.0,29cc26bc6747e90e,1.0,47,controller_comparison;layout_comparison,1.0,24.0,20.0,0.09412553149201046,2.148000000000593,0.42499999999999005,242.18104492154808,41
40,4,"[1,14,27,40]",0.35,1.0,1.0,even_idm_leader_d02,0.2,margin,8.0,1.5,0,5.0,closed symmetric acceleration-command pulse,0.1,4,"[1,14,27,40]",1.0,jerk_saturation,5.0,-10.0,0,idm,[],60.0,0.2,even,3.516217565702423,22.041091224490145,0.002930181304752019,1.0,jerk,7.7,0.15796767347454377,1,5.0,gap_lower,0.8475557889641916,6.7,1,0.38330523773824393,0.0,0.7,1.0,29f46a5431ba4286,1.0,167,controller_comparison;layout_comparison;prediction_scope,1.0,24.0,20.0,0.11996729684120976,1.8393898340784745,0.35756639927667777,140.6487026280969,41
40,4,"[19,20,21,22]",0.35,0.25,1.0,middle_idm_leader_d02,0.2,margin,8.0,1.5,0,5.0,closed symmetric acceleration-command pulse,0.1,4,"[19,20,21,22]",0.0,acceleration_upper,8.9,0.09397737299805918,1,idm,[],60.0,0.2,middle,0.249925142849501,23.49572625737096,0.00020827095237458415,0.25,acceleration_upper,8.9,0.09397737299805918,1,5.0,acceleration_upper,0.9088685643351863,8.8,1,0.742593958562035,0.0,0.7,1.0,2a27e7649953def1,1.0,97,layout_comparison;prediction_scope,1.0,24.0,20.0,0.0003959303277433026,0.5042737426290387,0.005524148599572953,9.99700571398004,41
40,4,"[19,20,21,22]",0.35,1.8,0.0,middle_idm_leader_d02,0.2,margin,8.0,1.5,0,5.0,closed symmetric acceleration-command pulse,0.1,4,"[19,20,21,22]",65.0,jerk_saturation,5.0,-18.0,0,idm,[],60.0,0.2,middle,88.47349816894538,-83.77826633295723,0.07372791514078783,4.5,gap_lower,44.300000000000004,5.388913316647861,19,5.000000000000004,gap_lower,-4.394408330725874,43.2,19,7.4074074074074066,0.0007891535748204023,0.7,0.0,2a315c67d85a680d,0.0,113,layout_comparison;prediction_scope,0.0,24.0,20.0,4.5,101.04095302714012,20.0,3538.9399267578156,41
40,4,"[1,14,27,40]",0.35,1.0,1.0,even_idm_leader_d02,0.2,predictive,8.0,1.5,0,5.0,closed symmetric acceleration-command pulse,0.1,4,"[1,14,27,40]",1.0,jerk_saturation,5.0,-10.0,0,idm,[],60.0,0.2,even,1.827139989856601,21.882056486128107,0.0015226166582138342,1.0,jerk,11.200000000000001,0.14285753923608713,1,5.0,gap_lower,0.836886763385144,6.7,1,0.2333332177228229,0.0,0.7,1.0,2a420bf75b1d548c,1.0,61,controller_comparison,1.0,24.0,20.0,0.20351639197953236,1.1585969387929254,0.12500000000001066,73.08559959426404,41
40,4,"[1,14,27,40]",0.35,1.8,1.0,even_idm_leader_cmd04,0.4,margin,8.0,1.5,0,5.0,closed symmetric acceleration-command pulse,0.1,4,"[1,14,27,40]",1.0,jerk_saturation,5.0,-18.0,0,idm,[],60.0,0.2,even,4.882542203636285,19.97482180146011,0.004068785169696903,1.8,gap_lower,8.0,0.20125890992699452,1,5.0,gap_lower,0.7249757443671356,6.800000000000001,1,0.3597731786581764,0.0,0.7,1.0,2a76c1e1da1c6944,1.0,191,prediction_scope,1.0,24.0,20.0,0.23789993501211862,2.0407499999898846,0.47499999779897095,195.30168814545138,41
40,4,"[1,14,27,40]",0.35,1.7,1.0,even_idm_leader_d02,0.2,margin,8.0,1.5,0,5.0,closed symmetric acceleration-command pulse,0.1,4,"[1,14,27,40]",1.0,jerk_saturation,5.0,-17.0,0,idm,[],60.0,0.2,even,5.100328311285928,20.398261426893157,0.004250273592738273,1.7,jerk,6.1000000000000005,0.1949187838400666,1,5.0,gap_lower,0.7461541031193801,6.7,1,0.3408191707985114,0.0,0.7,1.0,2a97ad663f19e3f1,1.0,3,controller_comparison;layout_comparison,1.0,24.0,20.0,0.14264218960980501,2.854250000015554,0.42499999999998295,204.01313245143712,41
40,4,"[1,14,27,40]",0.35,2.0,0.0,even_idm_leader_d02,0.2,acc,8.0,1.5,0,5.0,closed symmetric acceleration-command pulse,0.1,4,"[1,14,27,40]",104.0,jerk_saturation,5.0,-20.0,0,idm,[],60.0,0.2,even,169.61286016866273,-2.5501074538500745,0.1413440501405523,4.5,gap_lower,42.800000000000004,1.3275053726925037,25,5.000000000000004,gap_lower,-0.5030053726925037,42.300000000000004,25,6.666666666666667,3.7734842692883253,0.7,0.0,2aa15eaca4f0d573,0.0,131,controller_comparison,0.0,24.0,20.0,4.5,142.65996184497152,20.0,6784.51440674651,41
80,8,"[1,12,24,35,46,57,69,80]",0.35,1.0,1.0,even_idm_leader_N80,0.2,margin,8.0,1.5,0,5.0,closed symmetric acceleration-command pulse,0.1,8,"[1,12,24,35,46,57,69,80]",1.0,jerk_saturation,5.0,-10.0,0,idm,[],60.0,0.2,even,1.9634813045623865,22.041091224490145,0.0016362344204686554,1.0,jerk,7.7,0.15796767347454377,1,5.0,gap_lower,0.8475557889641916,6.7,1,0.38330523773824393,0.0,0.7,1.0,2aa5b4f75d27eca3,1.0,97,chain_length_scope,1.0,24.0,20.0,0.21679742284252312,2.3065172192438013,0.41313008816183583,157.07850436499092,81
40,4,"[1,14,27,40]",0.35,1.9,1.0,even_idm_leader_d02,0.2,wave,8.0,1.5,0,5.0,closed symmetric acceleration-command pulse,0.1,4,"[1,14,27,40]",2.0,jerk_saturation,5.0,-18.999999999999996,0,idm,[],60.0,0.2,even,7.307532143173812,20.638175604611263,0.00608961011931151,1.9,acceleration_upper,9.0,0.8477208482227265,1,5.0,acceleration_upper,0.07411693483535109,8.5,1,0.7994073073266145,0.003609823787299324,0.7,0.0,2aae1c2ba2425679,1.0,29,controller_comparison,0.0,24.0,20.0,0.3617253422334263,1.937393931980381,1.0893628415964471,292.30128572695247,41
40,4,"[1,14,27,40]",0.35,1.8,0.0,even_idm_leader_d02,0.2,wave,8.0,1.5,0,5.0,closed symmetric acceleration-command pulse,0.1,4,"[1,14,27,40]",67.0,jerk_saturation,5.0,-18.0,0,idm,[],60.0,0.2,even,81.68348099628632,-19.960018588155663,0.06806956749690526,4.5,gap_lower,52.1,2.198000929407783,27,5.000000000000004,gap_lower,-1.2160856982402983,48.1,27,7.4074074074074066,2.683565924583386,0.7,0.0,2ab97bc6f173309a,0.0,11,controller_comparison,0.0,24.0,20.0,4.5,87.84765823219408,20.0,3267.339239851453,41
40,4,"[1,14,27,40]",0.35,1.0,1.0,even_idm_leader_d02,0.2,acc,8.0,1.5,0,5.0,closed symmetric acceleration-command pulse,0.1,4,"[1,14,27,40]",1.0,jerk_saturation,5.0,-10.0,0,idm,[],60.0,0.2,even,2.116200132900501,22.22211826422634,0.0017635001107504174,1.0,acceleration_upper,9.1,0.4260524990731095,1,5.0,acceleration_upper,0.5444537387124273,8.5,1,0.8778495915594012,0.00027613716491714513,0.7,1.0,2abe187791226da1,1.0,191,controller_comparison,1.0,24.0,20.0,0.03900705168841783,0.40210588251477475,0.20039960647353894,84.64800531602003,41
20,2,"[1,20]",0.35,2.0,1.0,even_idm_leader_N20,0.2,margin,8.0,1.5,0,5.0,closed symmetric acceleration-command pulse,0.1,2,"[1,20]",1.0,jerk_saturation,5.0,-20.0,0,idm,[],60.0,0.2,even,8.304815279069022,19.56003271057392,0.006920679399224184,2.0,gap_lower,8.1,0.22199836447130394,1,5.0,gap_lower,0.7028209984038035,6.800000000000001,1,0.3165806789364443,0.14999999999999267,0.7,1.0,2abf7eee16de403c,1.0,97,chain_length_scope,1.0,24.0,20.0,0.2035163919795324,2.3075000000003456,0.29999999999999005,166.09630558138042,21
40,4,"[1,14,27,40]",0.35,1.7,1.0,even_idm_leader_d02,0.2,wave,8.0,1.5,0,5.0,closed symmetric acceleration-command pulse,0.1,4,"[1,14,27,40]",2.0,jerk_saturation,5.0,-17.0,0,idm,[],60.0,0.2,even,9.740046072106184,19.64903995043521,0.008116705060088486,1.7,acceleration_upper,9.0,0.7722007508944968,1,5.0,acceleration_upper,0.15762496776271306,8.4,1,1.172061330827256,0.013621393485265419,0.7,0.0,2aee1dabeebae63a,1.0,113,controller_comparison,0.0,24.0,20.0,1.691912187703519,4.35096004956479,2.9887563936095027,389.60184288424733,41
40,0,[],0.35,1.8,0.0,even_idm_leader_d02,0.2,human,8.0,1.5,0,5.0,closed symmetric acceleration-command pulse,0.1,0,[],120.0,jerk_saturation,5.0,-18.0,0,idm,[],60.0,0.2,even,212.50340296022546,-2.4305931104739926,0.1770861691335212,4.5,gap_lower,53.800000000000004,1.3215296555236997,34,5.000000000000004,gap_lower,-0.49702965552369954,53.300000000000004,34,7.4074074074074066,4.879724463832128,0.7,0.0,2af3249dbe7d5454,0.0,61,controller_comparison,0.0,24.0,20.0,4.5,89.93242984435267,20.0,8500.136118409018,41
40,4,"[1,2,3,4]",0.35,1.5,1.0,front_idm_leader_d02,0.2,margin,8.0,1.5,0,5.0,closed symmetric acceleration-command pulse,0.1,4,"[1,2,3,4]",1.0,jerk_saturation,5.0,-15.0,0,idm,[],60.0,0.2,front,6.100481165384349,20.903158065760977,0.005083734304486958,1.5,jerk,6.2,0.18004402927351704,1,5.0,gap_lower,0.7739406906150658,6.7,1,0.34133460735243504,2.695849057469483e-06,0.7,1.0,2b06904700928756,1.0,79,layout_comparison,1.0,24.0,20.0,0.06862063474705048,2.44602564126194,0.38479510819945517,244.01924661537396,41
40,4,"[1,14,27,40]",0.35,0.25,1.0,even_idm_leader_cmd04,0.4,margin,8.0,1.5,0,5.0,closed symmetric acceleration-command pulse,0.1,4,"[1,14,27,40]",0.0,gap_lower,12.9,0.028125,1,idm,[],60.0,0.2,even,0.0,23.4375,0.0,0.25,gap_lower,12.9,0.028125,1,5.0,gap_lower,0.9535000000000021,6.7,1,0.0,0.0,0.7,1.0,2b0bef3147eaf306,1.0,113,prediction_scope,1.0,24.0,20.0,2.8348563714917324e-16,0.5625,0.0,0.0,41
40,4,"[1,14,27,40]",0.35,2.0,1.0,even_idm_internal8_d02,0.2,margin,8.0,1.5,8,5.0,closed symmetric acceleration-command pulse,0.1,4,"[1,14,27,40]",2.0,jerk_saturation,5.0,-20.0,8,idm,[],60.0,0.2,even,6.843679300907004,15.688617193174814,0.00570306608408917,2.406084259245951,jerk,5.1000000000000005,1.0,8,5.0,acceleration_upper,0.0,6.5,8,1.224766849192206,0.14999991852902994,0.7,1.0,2b33df591d79a0c0,1.0,113,prediction_scope,1.0,24.0,20.0,0.2417357318896984,3.158693172168057,0.5311523551163191,273.7471720362802,41
40,4,"[1,14,27,40]",0.35,0.0,1.0,even_idm_leader_cmd0,0.0,margin,8.0,1.5,0,5.0,closed symmetric acceleration-command pulse,0.1,4,"[1,14,27,40]",0.0,jerk,0.1,3.0868044401493493e-16,5,idm,[],60.0,0.2,even,0.0,24.0,0.0,1.5431316168805067e-16,jerk,0.1,3.0868044401493493e-16,5,1.5434022200746747e-15,acceleration_upper,0.9999999999999999,0.0,2,0.0,0.0,0.7,1.0,2b8c474fd6d5b9d2,1.0,167,prediction_scope,1.0,24.0,20.0,1.543402220074675e-16,0.0,0.0,0.0,41
20,2,"[1,20]",0.35,1.5,1.0,even_idm_leader_N20,0.2,margin,8.0,1.5,0,5.0,closed symmetric acceleration-command pulse,0.1,2,"[1,20]",1.0,jerk_saturation,5.0,-15.0,0,idm,[],60.0,0.2,even,6.458019356872929,20.903158065760977,0.005381682797394107,1.5,jerk,6.2,0.18004402927351704,1,5.0,gap_lower,0.7739406906150658,6.7,1,0.35515296755557163,0.18888888888880867,0.7,1.0,2bf24f1aaff80419,1.0,167,chain_length_scope,1.0,24.0,20.0,0.008515141363940862,2.140000000000782,0.12568285683392588,129.16038713745857,21
20,2,"[1,20]",0.35,1.0,1.0,even_idm_leader_N20,0.2,margin,8.0,1.5,0,5.0,closed symmetric acceleration-command pulse,0.1,2,"[1,20]",1.0,jerk_saturation,5.0,-10.0,0,idm,[],60.0,0.2,even,5.179116765734937,22.041091224490145,0.004315930638112447,1.0,jerk,7.7,0.15796767347454377,1,5.0,gap_lower,0.8475557889641916,6.7,1,0.3861088651572994,0.23333333333334613,0.7,1.0,2c339c11805460ef,1.0,149,chain_length_scope,1.0,24.0,20.0,0.12244897959183687,1.7848012638573891,0.2000000000006068,103.58233531469874,21
40,4,"[19,20,21,22]",0.35,2.5,0.0,middle_idm_leader_d02,0.2,margin,8.0,1.5,0,5.0,closed symmetric acceleration-command pulse,0.1,4,"[19,20,21,22]",107.0,jerk_saturation,5.0,-25.0,0,idm,[],60.0,0.2,middle,190.87047984243168,-101.94128644517089,0.1590587332020264,4.5,gap_lower,55.7,6.297064322258544,19,5.000000000000004,gap_lower,-5.460477154759074,54.5,19,5.333333333333333,0.0013797519168955812,0.7,0.0,2c3b99a3fa7046e5,0.0,113,layout_comparison;prediction_scope,0.0,24.0,20.0,4.5,124.89297467783561,20.0,7634.819193697267,41
40,4,"[1,14,27,40]",0.35,0.25,1.0,even_idm_leader_d02,0.2,acc,8.0,1.5,0,5.0,closed symmetric acceleration-command pulse,0.1,4,"[1,14,27,40]",0.0,acceleration_upper,8.9,0.11045353428495491,1,idm,[],60.0,0.2,even,0.4299404570090027,23.591193565407337,0.0003582837141741689,0.25,acceleration_upper,8.9,0.11045353428495491,1,5.0,acceleration_upper,0.8798395296158674,8.3,1,0.8070695198907742,0.0005475932930589048,0.7,1.0,2c7fae446db0fe0a,1.0,113,controller_comparison,1.0,24.0,20.0,0.011715726425829258,0.07667712974790675,0.043938297859419606,17.197618280360107,41
40,4,"[1,14,27,40]",0.35,2.0,1.0,even_idm_leader_d02,0.2,predictive,8.0,1.5,0,5.0,closed symmetric acceleration-command pulse,0.1,4,"[1,14,27,40]",1.0,jerk_saturation,5.0,-20.0,0,idm,[],60.0,0.2,even,3.200715996035769,19.272922396420682,0.0026672633300298073,2.0,gap_lower,8.3,0.23635388017896589,1,5.0,gap_lower,0.6939790965800888,6.800000000000001,1,0.249984159893175,0.0,0.7,1.0,2ce398c4d9c83f62,1.0,191,controller_comparison,1.0,24.0,20.0,0.20351639197953236,1.2987555391799788,0.17500000000000426,128.02863984143076,41
40,4,"[1,14,27,40]",0.35,2.0,0.0,even_idm_leader_d02,0.2,wave,8.0,1.5,0,5.0,closed symmetric acceleration-command pulse,0.1,4,"[1,14,27,40]",80.0,jerk_saturation,5.0,-20.0,0,idm,[],60.0,0.2,even,108.36255267578922,-28.952801492358418,0.09030212722982435,4.5,gap_lower,55.6,2.6476400746179207,27,5.000000000000004,gap_lower,-1.7968730863954563,53.800000000000004,27,6.666666666666667,3.150622693934656,0.7,0.0,2d1ece8af230868d,0.0,3,controller_comparison,0.0,24.0,20.0,4.5,105.13403569375004,20.0,4334.502107031569,41
40,4,"[37,38,39,40]",0.35,0.25,1.0,rear_idm_leader_d02,0.2,margin,8.0,1.5,0,5.0,closed symmetric acceleration-command pulse,0.1,4,"[37,38,39,40]",0.0,acceleration_upper,8.9,0.09397737299805918,1,idm,[],60.0,0.2,rear,0.3830541774662038,23.599836934462346,0.0003192118145551698,0.25,acceleration_upper,8.9,0.09397737299805918,1,5.0,acceleration_upper,0.9088685643351863,8.8,1,0.742593958562035,0.0,0.7,1.0,2d958632d133f692,1.0,97,layout_comparison;prediction_scope,1.0,24.0,20.0,0.007122843209368089,0.06772021757802804,0.03585635566514256,15.322167098648151,41
40,4,"[1,14,27,40]",0.35,0.0,1.0,even_idm_leader_d02,0.2,wave,8.0,1.5,0,5.0,closed symmetric acceleration-command pulse,0.1,4,"[1,14,27,40]",0.0,jerk,0.1,3.078257215171215e-16,20,idm,[],60.0,0.2,even,0.0,24.0,0.0,1.5350796098647517e-16,jerk,0.1,3.078257215171215e-16,20,1.5391286075856077e-15,acceleration_upper,0.9999999999999999,0.0,2,0.0,0.0,0.7,1.0,2d9e1a0787fd2d61,1.0,47,controller_comparison,1.0,24.0,20.0,1.5391286075856078e-16,0.0,0.0,0.0,41
20,2,"[1,20]",0.35,1.0,1.0,even_idm_leader_N20,0.2,margin,8.0,1.5,0,5.0,closed symmetric acceleration-command pulse,0.1,2,"[1,20]",1.0,jerk_saturation,5.0,-10.0,0,idm,[],60.0,0.2,even,5.161438328780557,22.041091224490145,0.004301198607317131,1.0,jerk,7.7,0.15796767347454377,1,5.0,gap_lower,0.8475557889641916,6.7,1,0.3924641624596011,0.24999999999995026,0.7,1.0,2e19c2600ea1c607,1.0,113,chain_length_scope,1.0,24.0,20.0,0.027029074830047968,1.6723448855317429,0.10675726870750424,103.22876657561113,21
40,0,[],0.35,0.25,1.0,even_idm_leader_d02,0.2,human,8.0,1.5,0,5.0,closed symmetric acceleration-command pulse,0.1,0,[],0.0,acceleration_upper,8.9,0.0740444728976095,1,idm,[],60.0,0.2,even,0.39938788872665526,23.589190269788133,0.00033282324060554606,0.25,acceleration_upper,8.9,0.0740444728976095,1,5.0,acceleration_upper,0.9280358353595963,8.9,1,0.6748868080147853,0.00013521053512969652,0.7,1.0,2e4d51703da67895,1.0,11,controller_comparison,1.0,24.0,20.0,0.00880316500936466,0.07230451816815275,0.03731984451959036,15.97551554906621,41
20,2,"[1,20]",0.35,2.0,1.0,even_idm_leader_N20,0.2,margin,8.0,1.5,0,5.0,closed symmetric acceleration-command pulse,0.1,2,"[1,20]",1.0,jerk_saturation,5.0,-20.0,0,idm,[],60.0,0.2,even,8.490340775785521,19.56003271057392,0.0070752839798212674,2.0,gap_lower,8.1,0.22199836447130394,1,5.0,gap_lower,0.7028209984038035,6.800000000000001,1,0.3245108427503472,0.15833333333332789,0.7,1.0,2e597a7b66d88bf3,1.0,113,chain_length_scope,1.0,24.0,20.0,0.019725210945035206,2.3075000000003456,0.17506477887632244,169.8068155157104,21
40,4,"[37,38,39,40]",0.35,1.9,0.0,rear_idm_leader_d02,0.2,margin,8.0,1.5,0,5.0,closed symmetric acceleration-command pulse,0.1,4,"[37,38,39,40]",114.0,jerk_saturation,5.0,-18.999999999999996,0,idm,[],60.0,0.2,rear,211.22484959870584,-53.61523500497832,0.17602070799892156,4.5,gap_lower,60.0,3.880761750248916,37,5.000000000000004,gap_lower,-3.379993687733928,59.900000000000006,37,7.017543859649123,0.17983411331603702,0.7,0.0,2e8e942121451bad,0.0,113,layout_comparison;prediction_scope,0.0,24.0,20.0,4.5,141.84346846573226,20.0,8448.993983948234,41
40,0,[],0.35,0.25,1.0,even_idm_leader_d02,0.2,human,8.0,1.5,0,5.0,closed symmetric acceleration-command pulse,0.1,0,[],0.0,acceleration_upper,8.9,0.08613353983278021,1,idm,[],60.0,0.2,even,0.34619936861259076,23.597529617841175,0.00028849947384382567,0.25,acceleration_upper,8.9,0.08613353983278021,1,5.0,acceleration_upper,0.9162451199127694,8.9,1,0.7371275189912486,3.670310472140651e-05,0.7,1.0,2efd69d49e79a8ce,1.0,191,controller_comparison,1.0,24.0,20.0,0.003315290037909859,0.04351875677946282,0.02125328741682253,13.847974744503631,41
40,4,"[37,38,39,40]",0.35,1.8,0.0,rear_idm_leader_d02,0.2,margin,8.0,1.5,0,5.0,closed symmetric acceleration-command pulse,0.1,4,"[37,38,39,40]",94.0,jerk_saturation,5.0,-18.0,0,idm,[],60.0,0.2,rear,153.59033038714225,-45.158198177379916,0.1279919419892852,4.5,gap_lower,60.0,3.457909908868996,37,5.000000000000004,gap_lower,-3.0146311999368125,59.900000000000006,37,7.4074074074074066,0.09751386537828,0.7,0.0,2f24b5547e2b1836,0.0,131,layout_comparison;prediction_scope,0.0,24.0,20.0,4.5,138.47684833395294,20.0,6143.61321548569,41
40,4,"[1,14,27,40]",0.35,2.0,0.0,even_idm_leader_d02,0.2,wave,8.0,1.5,0,5.0,closed symmetric acceleration-command pulse,0.1,4,"[1,14,27,40]",96.0,jerk_saturation,5.0,-20.0,0,idm,[],60.0,0.2,even,147.8426763007222,-32.955839822745645,0.12320223025060181,4.5,gap_lower,60.0,2.8477919911372824,27,5.000000000000004,gap_lower,-2.029240705431476,59.900000000000006,27,6.666666666666667,3.6472461616016747,0.7,0.0,2f2fc77385a896ed,0.0,11,controller_comparison,0.0,24.0,20.0,4.5,101.69293675056957,20.0,5913.707052028887,41
40,4,"[37,38,39,40]",0.35,2.0,0.0,rear_idm_leader_d02,0.2,margin,8.0,1.5,0,5.0,closed symmetric acceleration-command pulse,0.1,4,"[37,38,39,40]",122.0,jerk_saturation,5.0,-20.0,0,idm,[],60.0,0.2,rear,236.2158825453335,-53.74917143990959,0.1968465687877779,4.5,gap_lower,60.0,3.8874585719954795,37,5.000000000000004,gap_lower,-3.3863439349070577,59.900000000000006,37,6.666666666666667,0.17084240765023515,0.7,0.0,2f84fe6e314b817a,0.0,167,layout_comparison;prediction_scope,0.0,24.0,20.0,4.5,97.72891252825593,20.0,9448.63530181334,41
40,4,"[1,14,27,40]",0.35,1.5,1.0,even_idm_leader_d02,0.2,margin,8.0,1.5,0,5.0,closed symmetric acceleration-command pulse,0.1,4,"[1,14,27,40]",1.0,jerk_saturation,5.0,-15.0,0,idm,[],60.0,0.2,even,4.520523988010814,20.903158065760977,0.0037671033233423455,1.5,jerk,6.2,0.18004402927351704,1,5.0,gap_lower,0.7739406906150658,6.7,1,0.35542103974242895,0.0,0.7,1.0,2f9a8487413c0f1c,1.0,3,controller_comparison;layout_comparison,1.0,24.0,20.0,0.20351639197953236,2.140000000000782,0.39999999999996305,180.82095952043258,41
40,4,"[1,14,27,40]",0.35,1.5,1.0,even_idm_leader_d02,0.2,predictive,8.0,1.5,0,5.0,closed symmetric acceleration-command pulse,0.1,4,"[1,14,27,40]",1.0,jerk_saturation,5.0,-15.0,0,idm,[],60.0,0.2,even,2.7287969474594838,20.59906245446058,0.0022739974562162365,1.5,gap_lower,8.1,0.17004687727697104,1,5.0,gap_lower,0.7612126343801773,6.7,1,0.22312890422577109,0.0,0.7,1.0,2fa6005cbe5a45d8,1.0,11,controller_comparison,1.0,24.0,20.0,0.20351639197953236,1.314004851302002,0.1742403050605219,109.15187789837935,41
40,4,"[1,14,27,40]",0.35,0.0,1.0,even_idm_leader_d02,0.2,acc,8.0,1.5,0,5.0,closed symmetric acceleration-command pulse,0.1,4,"[1,14,27,40]",0.0,jerk,0.1,3.077579334592651e-16,16,idm,[],60.0,0.2,even,0.0,24.0,0.0,1.5387896672963254e-16,jerk,0.1,3.077579334592651e-16,16,1.5387896672963253e-15,acceleration_upper,0.9999999999999999,0.0,10,0.0,0.0,0.7,1.0,3005b34d0b06d426,1.0,149,controller_comparison,1.0,24.0,20.0,1.5387896672963254e-16,0.0,0.0,0.0,41
40,4,"[1,2,3,4]",0.35,2.0,1.0,front_idm_leader_d02,0.2,margin,8.0,1.5,0,5.0,closed symmetric acceleration-command pulse,0.1,4,"[1,2,3,4]",1.0,jerk_saturation,5.0,-20.0,0,idm,[],60.0,0.2,front,7.292808952177363,19.56003271057392,0.0060773407934811355,2.0,gap_lower,8.1,0.22199836447130394,1,5.0,gap_lower,0.7028209984038035,6.800000000000001,1,0.3165806789364443,3.86237995660584e-06,0.7,1.0,300c7c31ce9fd0ad,1.0,113,layout_comparison;prediction_scope,1.0,24.0,20.0,0.049647766618521424,2.402499999994461,0.4352824363111445,291.7123580870945,41
40,4,"[1,14,27,40]",0.35,0.25,1.0,even_idm_leader_d02,0.2,acc,8.0,1.5,0,5.0,closed symmetric acceleration-command pulse,0.1,4,"[1,14,27,40]",0.0,acceleration_upper,8.9,0.11045353428495491,1,idm,[],60.0,0.2,even,0.40082414411088807,23.58144504583541,0.00033402012009240675,0.25,acceleration_upper,8.9,0.11045353428495491,1,5.0,acceleration_upper,0.8798395296158674,8.3,1,0.8070695198907742,0.00026932083551400865,0.7,1.0,30221ab9fc0ab3dd,1.0,131,controller_comparison,1.0,24.0,20.0,0.008783072462364391,0.07191259187877108,0.03684934768519099,16.032965764435524,41
40,4,"[1,2,3,4]",0.35,2.5,1.0,front_idm_leader_d02,0.2,margin,8.0,1.5,0,5.0,closed symmetric acceleration-command pulse,0.1,4,"[1,2,3,4]",1.0,jerk_saturation,5.0,-25.0,0,idm,[],60.0,0.2,front,8.650567881873496,17.940824239627887,0.0072088065682279125,2.5,gap_lower,8.6,0.30295878801860565,1,5.0,gap_lower,0.6284722142964542,7.1000000000000005,1,0.3329445331574059,4.060564646124476e-06,0.7,1.0,308a533ba23b4793,1.0,113,layout_comparison;prediction_scope,1.0,24.0,20.0,0.20351639197953236,2.983819241997253,0.5568691561245735,346.0227152749398,41
40,4,"[1,14,27,40]",0.35,0.0,1.0,even_ovm_leader_d02,0.2,margin,8.0,1.5,0,5.0,closed symmetric acceleration-command pulse,0.1,4,"[1,14,27,40]",0.0,jerk,0.1,7.021613175028584e-16,29,ovm,[],60.0,0.2,even,0.0,24.0,0.0,3.5108065875142923e-16,jerk,0.1,7.021613175028584e-16,29,3.510806587514292e-15,command_upper,0.9999999999999998,0.0,22,0.0,0.0,0.7,1.0,30b1527deeeb8a55,1.0,131,prediction_scope,1.0,24.0,20.0,3.5108065875142923e-16,0.0,0.0,0.0,41
40,4,"[1,14,27,40]",0.35,2.0,0.0,even_idm_leader_d02,0.2,acc,8.0,1.5,0,5.0,closed symmetric acceleration-command pulse,0.1,4,"[1,14,27,40]",116.0,jerk_saturation,5.0,-20.0,0,idm,[],60.0,0.2,even,198.35555585092712,-2.475591244109019,0.16529629654243927,4.5,gap_lower,51.2,1.323779562205451,32,5.000000000000004,gap_lower,-0.499279562205451,50.7,32,6.666666666666667,4.4156796178540105,0.7,0.0,30b908312a73aa43,0.0,47,controller_comparison,0.0,24.0,20.0,4.5,115.71246955194454,20.0,7934.2222340370845,41
40,4,"[1,14,27,40]",0.35,0.0,1.0,even_idm_leader_d02,0.2,wave,8.0,1.5,0,5.0,closed symmetric acceleration-command pulse,0.1,4,"[1,14,27,40]",0.0,jerk,0.1,3.057761386297021e-16,6,idm,[],60.0,0.2,even,0.0,24.0,0.0,1.4435554130338614e-16,jerk,0.1,3.057761386297021e-16,6,1.5288806931485105e-15,acceleration_upper,0.9999999999999999,0.0,2,0.0,0.0,0.7,1.0,30ca0990d08633b1,1.0,61,controller_comparison,1.0,24.0,20.0,1.5288806931485106e-16,0.0,0.0,0.0,41
40,4,"[1,14,27,40]",0.35,0.25,1.0,even_idm_leader_d02,0.2,acc,8.0,1.5,0,5.0,closed symmetric acceleration-command pulse,0.1,4,"[1,14,27,40]",0.0,acceleration_upper,8.9,0.11045353428495491,1,idm,[],60.0,0.2,even,0.4027487215331158,23.598717953916648,0.00033562393461092984,0.25,acceleration_upper,8.9,0.11045353428495491,1,5.0,acceleration_upper,0.8798395296158674,8.3,1,0.8070695198907742,0.000342366031200451,0.7,1.0,30d21811ee763794,1.0,61,controller_comparison,1.0,24.0,20.0,0.00802533014616001,0.06356344555243254,0.03475377590170936,16.109948861324632,41
40,4,"[1,14,27,40]",0.35,2.0,1.0,even_idm_leader_d02,0.2,margin,8.0,1.5,0,5.0,closed symmetric acceleration-command pulse,0.1,4,"[1,14,27,40]",1.0,jerk_saturation,5.0,-20.0,0,idm,[],60.0,0.2,even,5.733559700439674,19.56003271057392,0.0047779664170330615,2.0,gap_lower,8.1,0.22199836447130394,1,5.0,gap_lower,0.7028209984038035,6.800000000000001,1,0.3165806789364443,0.0,0.7,1.0,311c96a597a79666,1.0,29,controller_comparison;layout_comparison,1.0,24.0,20.0,0.20351639197953236,2.3075000000003456,0.43186288363751046,229.34238801758696,41
40,4,"[1,14,27,40]",0.35,1.0,1.0,even_idm_leader_d02,0.2,margin,8.0,1.5,0,5.0,closed symmetric acceleration-command pulse,0.1,4,"[1,14,27,40]",1.0,jerk_saturation,5.0,-10.0,0,idm,[],60.0,0.2,even,3.665784787762982,22.041091224490145,0.003054820656469152,1.0,jerk,7.7,0.15796767347454377,1,5.0,gap_lower,0.8475557889641916,6.7,1,0.40028764149390145,0.0,0.7,1.0,313d3dd2373ee22a,1.0,3,controller_comparison;layout_comparison,1.0,24.0,20.0,0.1436994109623134,2.1091712098263997,0.4005738852134151,146.63139151051928,41
20,2,"[1,20]",0.35,1.5,1.0,even_idm_leader_N20,0.2,predictive,8.0,1.5,0,5.0,closed symmetric acceleration-command pulse,0.1,2,"[1,20]",1.0,jerk_saturation,5.0,-15.0,0,idm,[],60.0,0.2,even,4.695656584548901,20.59906245446058,0.003913047153790751,1.5,gap_lower,8.1,0.17004687727697104,1,5.0,gap_lower,0.7612126343801773,6.7,1,0.2222220090665543,0.06666666666666604,0.7,1.0,316747c003919239,1.0,131,chain_length_scope,1.0,24.0,20.0,0.011957630168182225,1.3775673052199409,0.14999999999999858,93.91313169097802,21
40,4,"[1,14,27,40]",0.35,1.9,1.0,even_idm_leader_cmd04,0.4,margin,8.0,1.5,0,5.0,closed symmetric acceleration-command pulse,0.1,4,"[1,14,27,40]",1.0,jerk_saturation,5.0,-18.999999999999996,0,idm,[],60.0,0.2,even,5.4727991732879655,19.72904833201028,0.004560665977739972,1.9,jerk,6.2,0.2157434402332361,1,5.0,gap_lower,0.710639156871452,6.800000000000001,1,0.3756316300901157,0.0,0.7,1.0,3173cc4020d31673,1.0,149,prediction_scope,1.0,24.0,20.0,0.16647136396924234,1.5420452335960135,0.43501407406785475,218.91196693151863,41
40,4,"[1,14,27,40]",0.35,1.5,1.0,even_idm_leader_d02,0.2,wave,8.0,1.5,0,5.0,closed symmetric acceleration-command pulse,0.1,4,"[1,14,27,40]",1.0,jerk_saturation,5.0,-15.0,0,idm,[],60.0,0.2,even,3.9008181479770583,21.546420964520223,0.003250681789980882,1.5,acceleration_upper,9.0,0.6910652464529088,1,5.0,acceleration_upper,0.2408760651583718,8.4,1,0.7855481259587296,0.0011954537059324366,0.7,1.0,3181ee3b1937931b,1.0,97,controller_comparison,1.0,24.0,20.0,0.09998626051304084,0.852740886852871,0.4427998790438217,156.03272591908234,41
40,4,"[1,2,3,4]",0.35,2.0,1.0,front_idm_leader_d02,0.2,margin,8.0,1.5,0,5.0,closed symmetric acceleration-command pulse,0.1,4,"[1,2,3,4]",1.0,jerk_saturation,5.0,-20.0,0,idm,[],60.0,0.2,front,7.038118910366174,19.56003271057392,0.005865099091971812,2.0,gap_lower,8.1,0.22199836447130394,1,5.0,gap_lower,0.7028209984038035,6.800000000000001,1,0.3165806789364443,1.9266145988202274e-06,0.7,1.0,318e6570bba50e41,1.0,131,layout_comparison;prediction_scope,1.0,24.0,20.0,0.04275717187387498,2.402499999994461,0.43455539310233604,281.52475641464696,41
40,4,"[1,2,3,4]",0.35,1.5,1.0,front_idm_leader_d02,0.2,margin,8.0,1.5,0,5.0,closed symmetric acceleration-command pulse,0.1,4,"[1,2,3,4]",1.0,jerk_saturation,5.0,-15.0,0,idm,[],60.0,0.2,front,6.241529536621208,20.903158065760977,0.005201274613851006,1.5,jerk,6.2,0.18004402927351704,1,5.0,gap_lower,0.7739406906150658,6.7,1,0.34133460735243504,2.168321633651734e-06,0.7,1.0,3190abfeb06f73e0,1.0,47,layout_comparison,1.0,24.0,20.0,0.07242007762556234,2.44602564126194,0.39283273595249213,249.6611814648483,41
40,4,"[1,14,27,40]",0.35,2.1,1.0,even_idm_internal8_d02,0.2,margin,8.0,1.5,8,5.0,closed symmetric acceleration-command pulse,0.1,4,"[1,14,27,40]",2.0,jerk_saturation,5.0,-21.0,8,idm,[],60.0,0.2,even,6.073983997423983,17.113947012131753,0.005061653331186652,2.1,jerk,5.1000000000000005,1.0,8,5.0,acceleration_upper,0.0,6.5,8,0.9256823297996892,0.1349037517483152,0.7,1.0,31aa0b78c280d6b5,1.0,191,prediction_scope,1.0,24.0,20.0,0.24918009525056659,2.741048205225468,0.4302266190394626,242.9593598969593,41
40,4,"[1,14,27,40]",0.35,2.1,1.0,even_idm_leader_d02,0.2,margin,8.0,1.5,0,5.0,closed symmetric acceleration-command pulse,0.1,4,"[1,14,27,40]",1.0,jerk_saturation,5.0,-21.0,0,idm,[],60.0,0.2,even,5.824046660199631,19.221536821795013,0.004853372216833026,2.1,gap_lower,8.200000000000001,0.23892315891024934,1,5.0,gap_lower,0.688120998403801,6.800000000000001,1,0.3173783908256328,0.0,0.7,1.0,31d736b27cda7164,1.0,167,controller_comparison;layout_comparison;prediction_scope,1.0,24.0,20.0,0.11581736056580995,2.148000000000593,0.3999999999999915,232.96186640798524,41
40,4,"[1,14,27,40]",0.35,2.5,0.0,even_idm_leader_d02,0.2,acc,8.0,1.5,0,5.0,closed symmetric acceleration-command pulse,0.1,4,"[1,14,27,40]",133.0,jerk_saturation,5.0,-25.0,0,idm,[],60.0,0.2,even,256.43611055668583,-2.388611058568017,0.2136967587972382,4.5,gap_lower,39.400000000000006,1.319430552928401,23,5.000000000000004,gap_lower,-0.49493055292840166,38.900000000000006,23,5.333333333333333,4.054361243676699,0.7,0.0,321a5e097126b0e8,0.0,167,controller_comparison,0.0,24.0,20.0,4.5,100.86190209792926,20.0,10257.444422267434,41
40,4,"[1,14,27,40]",0.35,1.5,1.0,even_idm_leader_d02,0.2,acc,8.0,1.5,0,5.0,closed symmetric acceleration-command pulse,0.1,4,"[1,14,27,40]",2.0,jerk_saturation,5.0,-15.0,0,idm,[],60.0,0.2,even,8.593651818006755,20.608566092019828,0.007161376515005629,1.5,acceleration_upper,9.200000000000001,0.6217650735345163,1,5.0,acceleration_upper,0.33895041296577066,8.700000000000001,1,1.0251956845789354,0.00413549080998463,0.7,0.0,3245ff21c8c1b8d7,1.0,167,controller_comparison,0.0,24.0,20.0,0.9534811815434423,3.2359644995850942,2.163734221448504,343.7460727202702,41
40,4,"[1,14,27,40]",0.35,2.1,0.0,even_idm_leader_d02,0.2,acc,8.0,1.5,0,5.0,closed symmetric acceleration-command pulse,0.1,4,"[1,14,27,40]",125.0,jerk_saturation,5.0,-21.0,0,idm,[],60.0,0.2,even,234.11115927756276,-2.591413133040703,0.1950926327313023,4.5,gap_lower,54.7,1.329570656652035,35,5.000000000000004,gap_lower,-0.5050706566520352,54.2,35,6.349206349206349,4.891764402768371,0.7,0.0,324661b2b269a899,0.0,149,controller_comparison,0.0,24.0,20.0,4.5,120.80221742660063,20.0,9364.446371102511,41
80,8,"[1,12,24,35,46,57,69,80]",0.35,2.0,1.0,even_idm_leader_N80,0.2,predictive,8.0,1.5,0,5.0,closed symmetric acceleration-command pulse,0.1,8,"[1,12,24,35,46,57,69,80]",1.0,jerk_saturation,5.0,-20.0,0,idm,[],60.0,0.2,even,1.6102857085720856,19.272922396420682,0.0013419047571434047,2.0,gap_lower,8.3,0.23635388017896589,1,5.0,gap_lower,0.6939790965800888,6.800000000000001,1,0.249984159893175,0.0,0.7,1.0,325cdf2fe2e5745f,1.0,131,chain_length_scope,1.0,24.0,20.0,0.21679742284252312,1.4533396731485482,0.20000000000000995,128.82285668576685,81
40,4,"[1,14,27,40]",0.35,2.1,1.0,even_idm_leader_d02,0.2,predictive,8.0,1.5,0,5.0,closed symmetric acceleration-command pulse,0.1,4,"[1,14,27,40]",1.0,jerk_saturation,5.0,-21.0,0,idm,[],60.0,0.2,even,4.081493410885168,18.931757248300926,0.003401244509070973,2.1,gap_lower,8.5,0.25341213758495373,1,5.0,gap_lower,0.6797430717799526,6.9,1,0.2539482849633405,0.0,0.7,1.0,32c45414d8e7dbc3,1.0,29,controller_comparison,1.0,24.0,20.0,0.09165796916379945,1.6105064216152982,0.2760821346634579,163.25973643540672,41
40,4,"[1,14,27,40]",0.35,2.1,0.0,even_idm_leader_d02,0.2,acc,8.0,1.5,0,5.0,closed symmetric acceleration-command pulse,0.1,4,"[1,14,27,40]",121.0,jerk_saturation,5.0,-21.0,0,idm,[],60.0,0.2,even,212.45002798373326,-2.3740938686215856,0.17704168998644437,4.5,gap_lower,39.7,1.3187046934310793,23,5.000000000000004,gap_lower,-0.494204693431079,39.2,23,6.349206349206349,4.3534529173616034,0.7,0.0,3308a6787cd087b0,0.0,167,controller_comparison,0.0,24.0,20.0,4.5,88.45599462738483,20.0,8498.00111934933,41
80,8,"[1,12,24,35,46,57,69,80]",0.35,1.5,1.0,even_idm_leader_N80,0.2,wave,8.0,1.5,0,5.0,closed symmetric acceleration-command pulse,0.1,8,"[1,12,24,35,46,57,69,80]",1.0,jerk_saturation,5.0,-15.0,0,idm,[],60.0,0.2,even,1.7928431598058971,21.546420964520223,0.0014940359665049142,1.5,acceleration_upper,9.0,0.6910652464529088,1,5.0,acceleration_upper,0.2408760651583718,8.4,1,0.7855481259587296,0.0,0.7,1.0,33198071190bbf85,1.0,131,chain_length_scope,1.0,24.0,20.0,0.05432449502832928,0.44181039388882937,0.25788819863282697,143.42745278447177,81
40,4,"[1,14,27,40]",0.35,1.5,0.0,even_idm_leader_d02,0.2,acc,8.0,1.5,0,5.0,closed symmetric acceleration-command pulse,0.1,4,"[1,14,27,40]",67.0,jerk_saturation,5.0,-15.0,0,idm,[],60.0,0.2,even,74.11149822340813,-2.5986409454212946,0.06175958185284011,4.5,gap_lower,56.7,1.3299320472710647,35,5.000000000000004,gap_lower,-0.5054320472710654,56.2,35,8.88888888888889,2.817800123450846,0.7,0.0,334c13d5d6a0fea1,0.0,149,controller_comparison,0.0,24.0,20.0,4.5,71.67937673408113,20.0,2964.4599289363255,41
40,4,"[1,14,27,40]",0.35,2.5,0.0,even_idm_internal8_d02,0.2,margin,8.0,1.5,8,5.0,closed symmetric acceleration-command pulse,0.1,4,"[1,14,27,40]",39.0,jerk_saturation,5.0,-25.0,8,idm,[],60.0,0.2,even,49.578357745084446,-74.76413389592747,0.041315298120903704,4.5,gap_lower,60.0,4.938206694796373,40,5.000000000000004,gap_lower,-3.998093281887109,59.900000000000006,40,5.333333333333333,3.999400734192304,0.7,0.0,335ebc65156dcd7f,0.0,113,prediction_scope,0.0,24.0,20.0,1.1937572559783505,98.76413389592747,20.0,1983.1343098033778,41
20,2,"[1,20]",0.35,1.0,1.0,even_idm_leader_N20,0.2,margin,8.0,1.5,0,5.0,closed symmetric acceleration-command pulse,0.1,2,"[1,20]",1.0,jerk_saturation,5.0,-10.0,0,idm,[],60.0,0.2,even,5.009188088707436,22.041091224490145,0.004174323407256196,1.0,jerk,7.7,0.15796767347454377,1,5.0,gap_lower,0.8475557889641916,6.7,1,0.38330523773824393,0.199999999999991,0.7,1.0,337028a49baf1735,1.0,97,chain_length_scope,1.0,24.0,20.0,0.01844948378874434,1.5987500000003365,0.15009069042685041,100.18376177414872,21
20,2,"[1,20]",0.35,1.5,1.0,even_idm_leader_N20,0.2,margin,8.0,1.5,0,5.0,closed symmetric acceleration-command pulse,0.1,2,"[1,20]",1.0,jerk_saturation,5.0,-15.0,0,idm,[],60.0,0.2,even,6.420713586296278,20.903158065760977,0.005350594655246899,1.5,jerk,6.2,0.18004402927351704,1,5.0,gap_lower,0.7739406906150658,6.7,1,0.35347841687286063,0.18888888888885763,0.7,1.0,338c4a3b88b516b9,1.0,191,chain_length_scope,1.0,24.0,20.0,0.014690271754023008,2.140000000000782,0.12867256793850856,128.41427172592557,21
40,4,"[37,38,39,40]",0.35,2.5,0.0,rear_idm_leader_d02,0.2,margin,8.0,1.5,0,5.0,closed symmetric acceleration-command pulse,0.1,4,"[37,38,39,40]",133.0,jerk_saturation,5.0,-25.0,0,idm,[],60.0,0.2,rear,279.991117293367,-57.533771428526066,0.2333259310778058,4.5,gap_lower,60.0,4.0766885714263035,37,5.000000000000004,gap_lower,-3.5554840943895116,59.900000000000006,37,5.333333333333333,0.17000134978236758,0.7,0.0,33caad945d3ca345,0.0,113,layout_comparison;prediction_scope,0.0,24.0,20.0,4.5,106.7814271775124,20.0,11199.644691734678,41
80,8,"[1,12,24,35,46,57,69,80]",0.35,0.25,1.0,even_idm_leader_N80,0.2,margin,8.0,1.5,0,5.0,closed symmetric acceleration-command pulse,0.1,8,"[1,12,24,35,46,57,69,80]",0.0,gap_lower,12.9,0.028125,1,idm,[],60.0,0.2,even,0.0,23.4375,0.0,0.25,gap_lower,12.9,0.028125,1,5.0,gap_lower,0.9535000000000021,6.7,1,0.0,0.0,0.7,1.0,34208e9db00258b1,1.0,97,chain_length_scope,1.0,24.0,20.0,3.061430203853012e-16,0.5625,0.0,0.0,81
40,4,"[1,14,27,40]",0.35,2.0,1.0,even_idm_leader_d02,0.2,margin,8.0,1.5,0,5.0,closed symmetric acceleration-command pulse,0.1,4,"[1,14,27,40]",1.0,jerk_saturation,5.0,-20.0,0,idm,[],60.0,0.2,even,5.7057590800572155,19.56003271057392,0.004754799233381013,2.0,gap_lower,8.1,0.22199836447130394,1,5.0,gap_lower,0.7028209984038035,6.800000000000001,1,0.3372660938324235,0.0,0.7,1.0,343656f00cb16d7d,1.0,149,controller_comparison;layout_comparison;prediction_scope,1.0,24.0,20.0,0.0892897307271796,2.3075000000003456,0.3999999999999915,228.23036320228863,41
40,0,[],0.35,0.25,1.0,even_idm_leader_d02,0.2,human,8.0,1.5,0,5.0,closed symmetric acceleration-command pulse,0.1,0,[],0.0,acceleration_upper,9.0,0.069426994094039,1,idm,[],60.0,0.2,even,0.3954236643183774,23.58503713715345,0.00032951972026531453,0.25,acceleration_upper,9.0,0.069426994094039,1,5.0,acceleration_upper,0.9325130779829068,8.9,1,0.6519956895881288,0.00013118135805711972,0.7,1.0,344c2f63db7ac25c,1.0,113,controller_comparison,1.0,24.0,20.0,0.007701308208861573,0.061165950604276986,0.034893509594997596,15.816946572735096,41
40,4,"[1,14,27,40]",0.35,2.1,1.0,even_idm_internal8_d02,0.2,margin,8.0,1.5,8,5.0,closed symmetric acceleration-command pulse,0.1,4,"[1,14,27,40]",2.0,jerk_saturation,5.0,-21.0,8,idm,[],60.0,0.2,even,8.137011049104755,14.34403212258038,0.00678084254092063,2.82570389183743,jerk,5.1000000000000005,1.0,8,5.0,acceleration_upper,0.0,6.5,8,1.3148319955015324,0.14285703422918308,0.7,1.0,3459a1b9ed23fbb2,1.0,167,prediction_scope,1.0,24.0,20.0,0.2483930173556133,2.8963313630345624,0.5840326802670326,325.4804419641902,41
40,4,"[1,14,27,40]",0.35,1.7,1.0,even_idm_leader_cmd04,0.4,margin,8.0,1.5,0,5.0,closed symmetric acceleration-command pulse,0.1,4,"[1,14,27,40]",1.0,jerk_saturation,5.0,-17.0,0,idm,[],60.0,0.2,even,4.9632178751849,20.251777019784384,0.0041360148959874166,1.7,jerk,6.300000000000001,0.1949187838400666,1,5.0,gap_lower,0.7390560421139881,6.7,1,0.36167911867200553,0.0,0.7,1.0,34c17acada68f10d,1.0,131,prediction_scope,1.0,24.0,20.0,0.23305990957310865,2.4867500000168548,0.4749999998508514,198.528715007396,41
40,4,"[1,14,27,40]",0.35,1.5,1.0,even_idm_internal8_d02,0.2,margin,8.0,1.5,8,5.0,closed symmetric acceleration-command pulse,0.1,4,"[1,14,27,40]",1.0,jerk_saturation,5.0,-15.0,8,idm,[],60.0,0.2,even,3.7371135104268065,20.235735932054908,0.0031142612586890052,1.5,jerk,6.9,1.0000000000000002,8,5.000000000000001,acceleration_upper,0.0,6.6000000000000005,8,0.8697016794024345,0.188798087136195,0.7,1.0,34e44f307aef82bf,1.0,113,prediction_scope,1.0,24.0,20.0,0.24918009525056659,2.355293769301113,0.42479569605643874,149.48454041707225,41
80,8,"[1,12,24,35,46,57,69,80]",0.35,2.2,0.0,even_idm_leader_N80,0.2,wave,8.0,1.5,0,5.0,closed symmetric acceleration-command pulse,0.1,8,"[1,12,24,35,46,57,69,80]",108.0,jerk_saturation,5.0,-22.0,0,idm,[],60.0,0.2,even,91.6645186501325,-33.711994276791756,0.07638709887511042,4.5,gap_lower,57.7,2.885599713839588,24,5.000000000000004,gap_lower,-2.0501364428742392,56.7,24,6.0606060606060606,0.0,0.7,0.0,350da91b4913b0fe,0.0,113,chain_length_scope,0.0,24.0,20.0,4.5,89.27655504110936,20.0,7333.1614920106,81
40,4,"[1,2,3,4]",0.35,0.0,1.0,front_idm_leader_d02,0.2,margin,8.0,1.5,0,5.0,closed symmetric acceleration-command pulse,0.1,4,"[1,2,3,4]",0.0,jerk,0.1,3.0946089165499e-16,17,idm,[],60.0,0.2,front,0.0,24.0,0.0,1.54730445827495e-16,jerk,0.1,3.0946089165499e-16,17,1.5473044582749498e-15,acceleration_upper,0.9999999999999999,0.0,8,0.0,0.0,0.7,1.0,353105abbe5d7d72,1.0,191,layout_comparison;prediction_scope,1.0,24.0,20.0,1.54730445827495e-16,0.0,0.0,0.0,41
40,4,"[19,20,21,22]",0.35,2.0,0.0,middle_idm_leader_d02,0.2,margin,8.0,1.5,0,5.0,closed symmetric acceleration-command pulse,0.1,4,"[19,20,21,22]",79.0,jerk_saturation,5.0,-20.0,0,idm,[],60.0,0.2,middle,126.1438853505319,-95.98422334815015,0.10511990445877659,4.5,gap_lower,48.800000000000004,5.999211167407507,19,5.000000000000004,gap_lower,-5.133886019252176,46.800000000000004,19,6.666666666666667,0.0011914257121669418,0.7,0.0,3556cac01a5d7906,0.0,113,layout_comparison;prediction_scope,0.0,24.0,20.0,4.5,139.5429533435418,20.0,5045.755414021276,41
40,4,"[1,14,27,40]",0.35,2.5,1.0,even_idm_leader_d02,0.2,predictive,8.0,1.5,0,5.0,closed symmetric acceleration-command pulse,0.1,4,"[1,14,27,40]",1.0,jerk_saturation,5.0,-25.0,0,idm,[],60.0,0.2,even,5.350175571242696,17.44987155700528,0.004458479642702247,2.5,gap_lower,8.8,0.32750642214973597,1,5.0,gap_lower,0.616796615564511,7.0,1,0.2666430711583966,0.0,0.7,1.0,363ba1bd35de5b1f,1.0,47,controller_comparison,1.0,24.0,20.0,0.08004649870711911,2.238436006427378,0.33646724480018975,214.00702284970785,41
80,8,"[1,12,24,35,46,57,69,80]",0.35,2.0,1.0,even_idm_leader_N80,0.2,margin,8.0,1.5,0,5.0,closed symmetric acceleration-command pulse,0.1,8,"[1,12,24,35,46,57,69,80]",1.0,jerk_saturation,5.0,-20.0,0,idm,[],60.0,0.2,even,2.95185934559759,19.56003271057392,0.0024598827879979916,2.0,gap_lower,8.1,0.22199836447130394,1,5.0,gap_lower,0.7028209984038035,6.800000000000001,1,0.3165806789364443,0.0,0.7,1.0,36751646d34a1345,1.0,97,chain_length_scope,1.0,24.0,20.0,0.09113716247047851,2.3075000000003456,0.42499999999999005,236.1487476478072,81
80,8,"[1,12,24,35,46,57,69,80]",0.35,1.8,1.0,even_idm_leader_N80,0.2,margin,8.0,1.5,0,5.0,closed symmetric acceleration-command pulse,0.1,8,"[1,12,24,35,46,57,69,80]",1.0,jerk_saturation,5.0,-18.0,0,idm,[],60.0,0.2,even,2.7740448915446114,20.118271619165995,0.002311704076287176,1.8,jerk,6.1000000000000005,0.1949187838400666,1,5.0,gap_lower,0.7314541031193812,6.7,1,0.3296546506881047,0.0,0.7,1.0,36e13af2d59e455f,1.0,113,chain_length_scope,1.0,24.0,20.0,0.21679742284252312,2.4617317799788907,0.42499999999999005,221.92359132356893,81
40,4,"[1,14,27,40]",0.35,1.7,1.0,even_idm_leader_d02,0.2,margin,8.0,1.5,0,5.0,closed symmetric acceleration-command pulse,0.1,4,"[1,14,27,40]",1.0,jerk_saturation,5.0,-17.0,0,idm,[],60.0,0.2,even,5.244067419139393,20.398261426893157,0.004370056182616161,1.7,jerk,6.1000000000000005,0.1949187838400666,1,5.0,gap_lower,0.7461541031193801,6.7,1,0.32347790797516185,0.0,0.7,1.0,3767733d703f7e57,1.0,97,controller_comparison;layout_comparison;prediction_scope,1.0,24.0,20.0,0.15578574810244153,2.854250000015554,0.44543464812517186,209.7626967655757,41
40,0,[],0.35,0.0,1.0,even_idm_leader_d02,0.2,human,8.0,1.5,0,5.0,closed symmetric acceleration-command pulse,0.1,0,[],0.0,jerk,0.1,3.033043242170331e-16,32,idm,[],60.0,0.2,even,0.0,24.0,0.0,1.4158437991504552e-16,jerk,0.1,3.033043242170331e-16,32,1.5165216210851655e-15,acceleration_upper,0.9999999999999999,0.0,2,0.0,0.0,0.7,1.0,3780f136353806d7,1.0,131,controller_comparison,1.0,24.0,20.0,1.5165216210851655e-16,0.0,0.0,0.0,41
80,8,"[1,12,24,35,46,57,69,80]",0.35,2.2,1.0,even_idm_leader_N80,0.2,margin,8.0,1.5,0,5.0,closed symmetric acceleration-command pulse,0.1,8,"[1,12,24,35,46,57,69,80]",1.0,jerk_saturation,5.0,-22.0,0,idm,[],60.0,0.2,even,3.239488688069528,18.90519299544539,0.0026995739067246067,2.2,gap_lower,8.4,0.2547403502277305,1,5.0,gap_lower,0.672686427431288,6.9,1,0.3260049864042487,0.0,0.7,1.0,37904b127d4788f5,1.0,113,chain_length_scope,1.0,24.0,20.0,0.08933057302371684,2.136500000000069,0.42499999999999005,259.15909504556225,81
40,4,"[1,14,27,40]",0.35,2.0,1.0,even_idm_leader_d02,0.2,margin,8.0,1.5,0,5.0,closed symmetric acceleration-command pulse,0.1,4,"[1,14,27,40]",1.0,jerk_saturation,5.0,-20.0,0,idm,[],60.0,0.2,even,5.9849200579584565,19.56003271057392,0.004987433381632047,2.0,gap_lower,8.1,0.22199836447130394,1,5.0,gap_lower,0.7028209984038035,6.800000000000001,1,0.3165806789364443,0.0,0.7,1.0,3790a20eaadcc109,1.0,113,controller_comparison;layout_comparison;prediction_scope,1.0,24.0,20.0,0.11891802595101504,2.3075000000003456,0.42499999999999005,239.39680231833825,41
40,4,"[37,38,39,40]",0.35,1.8,0.0,rear_idm_leader_d02,0.2,margin,8.0,1.5,0,5.0,closed symmetric acceleration-command pulse,0.1,4,"[37,38,39,40]",106.0,jerk_saturation,5.0,-18.0,0,idm,[],60.0,0.2,rear,189.48032349594325,-51.47631710085063,0.1579002695799527,4.5,gap_lower,60.0,3.773815855042531,37,5.000000000000004,gap_lower,-3.2889172174034216,59.900000000000006,37,7.4074074074074066,0.16206470362101194,0.7,0.0,37a87423bb1a5208,0.0,97,layout_comparison;prediction_scope,0.0,24.0,20.0,4.5,98.84721424155725,20.0,7579.21293983773,41
40,0,[],0.35,1.8,0.0,even_idm_leader_d02,0.2,human,8.0,1.5,0,5.0,closed symmetric acceleration-command pulse,0.1,0,[],121.0,jerk_saturation,5.0,-18.0,0,idm,[],60.0,0.2,even,214.15350499818192,-2.531747327682112,0.1784612541651516,4.5,gap_lower,41.1,1.3265873663841057,24,5.000000000000004,gap_lower,-0.5020873663841053,40.6,24,7.4074074074074066,4.893716540414944,0.7,0.0,37b27ac106458aa3,0.0,11,controller_comparison,0.0,24.0,20.0,4.5,155.02664047834082,20.0,8566.140199927277,41
40,4,"[1,14,27,40]",0.35,1.7,0.0,even_idm_leader_d02,0.2,acc,8.0,1.5,0,5.0,closed symmetric acceleration-command pulse,0.1,4,"[1,14,27,40]",84.0,jerk_saturation,5.0,-17.0,0,idm,[],60.0,0.2,even,112.02646014791269,-1.7314049071815703,0.0933553834565939,4.5,gap_lower,44.7,1.2865702453590786,26,5.000000000000004,gap_lower,-0.4620702453590789,44.2,26,7.843137254901961,3.830002538708309,0.7,0.0,37bf801c3cfa3a85,0.0,3,controller_comparison,0.0,24.0,20.0,4.5,90.2035771445905,20.0,4481.058405916508,41
40,0,[],0.35,1.0,1.0,even_idm_leader_d02,0.2,human,8.0,1.5,0,5.0,closed symmetric acceleration-command pulse,0.1,0,[],1.0,jerk_saturation,5.0,-10.0,0,idm,[],60.0,0.2,even,2.9577970470191373,22.239062206743952,0.0024648308725159474,1.0,jerk,7.9,0.27947574127105923,1,5.0,acceleration_upper,0.7428828150777689,9.1,1,0.8066211531710318,0.00031547580626067884,0.7,1.0,388c775d4bbb3d6f,1.0,113,controller_comparison,1.0,24.0,20.0,0.08548645998417712,0.6776165533252936,0.3972017262527494,118.31188188076548,41
40,4,"[1,14,27,40]",0.35,2.0,1.0,even_idm_leader_cmd04,0.4,margin,8.0,1.5,0,5.0,closed symmetric acceleration-command pulse,0.1,4,"[1,14,27,40]",1.0,jerk_saturation,5.0,-20.0,0,idm,[],60.0,0.2,even,5.669397737597732,19.462153868621158,0.004724498114664777,2.0,gap_lower,8.0,0.2268923065689421,1,5.0,gap_lower,0.6958493977653253,6.9,1,0.3776907169489358,0.0,0.7,1.0,38bcdd8d173e386b,1.0,149,prediction_scope,1.0,24.0,20.0,0.23305990960300962,1.9568838918875144,0.43750293762772685,226.7759095039093,41
40,0,[],0.35,0.0,1.0,even_idm_leader_d02,0.2,human,8.0,1.5,0,5.0,closed symmetric acceleration-command pulse,0.1,0,[],0.0,jerk,0.1,3.0868044401493493e-16,5,idm,[],60.0,0.2,even,0.0,24.0,0.0,1.5431316168805067e-16,jerk,0.1,3.0868044401493493e-16,5,1.5434022200746747e-15,acceleration_upper,0.9999999999999999,0.0,2,0.0,0.0,0.7,1.0,38c0d07a037d1317,1.0,167,controller_comparison,1.0,24.0,20.0,1.543402220074675e-16,0.0,0.0,0.0,41
40,4,"[37,38,39,40]",0.35,1.0,1.0,rear_idm_leader_d02,0.2,margin,8.0,1.5,0,5.0,closed symmetric acceleration-command pulse,0.1,4,"[37,38,39,40]",1.0,jerk_saturation,5.0,-10.0,0,idm,[],60.0,0.2,rear,2.950753221867198,22.021959542715223,0.002458961018222665,1.0705040853267938,acceleration_upper,9.1,0.3397114649353293,1,5.0,acceleration_upper,0.6683160895773707,9.0,1,0.9153918386734267,0.0,0.7,1.0,38e33c71f6035ac8,1.0,149,layout_comparison;prediction_scope,1.0,24.0,20.0,0.06270465394030572,0.5831228489908256,0.293204876279475,118.03012887468793,41
40,4,"[37,38,39,40]",0.35,2.5,0.0,rear_idm_leader_d02,0.2,margin,8.0,1.5,0,5.0,closed symmetric acceleration-command pulse,0.1,4,"[37,38,39,40]",133.0,jerk_saturation,5.0,-25.0,0,idm,[],60.0,0.2,rear,274.62966096104293,-55.29887398909317,0.2288580508008691,4.5,gap_lower,60.0,3.9649436994546585,37,5.000000000000004,gap_lower,-3.4516099774257314,59.900000000000006,37,5.333333333333333,0.15000370380281727,0.7,0.0,38e7d8cb0116b188,0.0,131,layout_comparison;prediction_scope,0.0,24.0,20.0,4.5,94.4966691179373,20.0,10985.186438441717,41
40,4,"[1,14,27,40]",0.35,0.25,1.0,even_idm_leader_d02,0.2,margin,8.0,1.5,0,5.0,closed symmetric acceleration-command pulse,0.1,4,"[1,14,27,40]",0.0,gap_lower,12.9,0.028125,1,idm,[],60.0,0.2,even,0.0,23.4375,0.0,0.25,gap_lower,12.9,0.028125,1,5.0,gap_lower,0.9535000000000021,6.7,1,0.0,0.0,0.7,1.0,39940d32347ff8f6,1.0,61,controller_comparison;layout_comparison,1.0,24.0,20.0,1.5288806931485106e-16,0.5625,0.0,0.0,41
40,4,"[1,2,3,4]",0.35,1.5,1.0,front_idm_leader_d02,0.2,margin,8.0,1.5,0,5.0,closed symmetric acceleration-command pulse,0.1,4,"[1,2,3,4]",1.0,jerk_saturation,5.0,-15.0,0,idm,[],60.0,0.2,front,6.00213194398696,20.903158065760977,0.005001776619989133,1.5,jerk,6.2,0.18004402927351704,1,5.0,gap_lower,0.7739406906150658,6.7,1,0.34133460735243504,3.386488294331179e-06,0.7,1.0,39cd9657541e49f0,1.0,3,layout_comparison,1.0,24.0,20.0,0.0642890869853689,2.44602564126194,0.3812171282177239,240.0852777594784,41
40,4,"[1,14,27,40]",0.35,1.9,0.0,even_idm_leader_d02,0.2,acc,8.0,1.5,0,5.0,closed symmetric acceleration-command pulse,0.1,4,"[1,14,27,40]",110.0,jerk_saturation,5.0,-18.999999999999996,0,idm,[],60.0,0.2,even,191.69203224900764,-2.4327206523898823,0.15974336020750637,4.5,gap_lower,53.7,1.321636032619494,34,5.000000000000004,gap_lower,-0.49713603261949435,53.2,34,7.017543859649123,4.712720048607751,0.7,0.0,3a7cb6de2539d1f6,0.0,61,controller_comparison,0.0,24.0,20.0,4.5,99.498600456916,20.0,7667.681289960306,41
40,4,"[19,20,21,22]",0.35,2.5,0.0,middle_idm_leader_d02,0.2,margin,8.0,1.5,0,5.0,closed symmetric acceleration-command pulse,0.1,4,"[19,20,21,22]",97.0,jerk_saturation,5.0,-25.0,0,idm,[],60.0,0.2,middle,178.8813083948935,-102.32275971147176,0.14906775699574457,4.5,gap_lower,57.0,6.316137985573588,19,5.000000000000004,gap_lower,-5.484897089377679,56.0,19,5.333333333333333,0.0017055607803598606,0.7,0.0,3aa929f9551eef61,0.0,29,layout_comparison,0.0,24.0,20.0,4.5,152.62033310234062,20.0,7155.25233579574,41
40,0,[],0.35,1.0,1.0,even_idm_leader_d02,0.2,human,8.0,1.5,0,5.0,closed symmetric acceleration-command pulse,0.1,0,[],1.0,jerk_saturation,5.0,-10.0,0,idm,[],60.0,0.2,even,2.4137153413321544,22.192689592625925,0.0020114294511101283,1.0228703202101725,jerk,7.9,0.3029398899398116,1,5.0,acceleration_upper,0.7118406433459226,9.1,1,0.8537349307289711,0.00022879641690091526,0.7,1.0,3af5cf069855cb2a,1.0,29,controller_comparison,1.0,24.0,20.0,0.06371626110643894,0.5597260961489781,0.2697539884232185,96.54861365328617,41
40,4,"[1,14,27,40]",0.35,2.0,1.0,even_idm_leader_d02,0.2,margin,8.0,1.5,0,5.0,closed symmetric acceleration-command pulse,0.1,4,"[1,14,27,40]",1.0,jerk_saturation,5.0,-20.0,0,idm,[],60.0,0.2,even,5.882643061589415,19.56003271057392,0.0049022025513245126,2.0,gap_lower,8.1,0.22199836447130394,1,5.0,gap_lower,0.7028209984038035,6.800000000000001,1,0.3165806789364443,0.0,0.7,1.0,3b00de20b983a61a,1.0,97,controller_comparison;layout_comparison;prediction_scope,1.0,24.0,20.0,0.1557857481024465,2.3075000000003456,0.4454346481251754,235.30572246357661,41
20,2,"[1,20]",0.35,2.0,1.0,even_idm_leader_N20,0.2,wave,8.0,1.5,0,5.0,closed symmetric acceleration-command pulse,0.1,2,"[1,20]",1.0,jerk_saturation,5.0,-20.0,0,idm,[],60.0,0.2,even,12.413379986820262,18.54569726415015,0.010344483322350218,2.5914256323351874,acceleration_upper,9.1,0.88821329777608,1,5.0,acceleration_upper,0.03278903783535214,8.5,1,1.3900289301708912,1.1870255557541693,0.7,1.0,3b04d059b15e43bb,1.0,97,chain_length_scope,1.0,24.0,20.0,0.026549969761601167,1.4894000831957328,0.37665646915526807,248.26759973640523,21
40,4,"[19,20,21,22]",0.35,0.25,1.0,middle_idm_leader_d02,0.2,margin,8.0,1.5,0,5.0,closed symmetric acceleration-command pulse,0.1,4,"[19,20,21,22]",0.0,acceleration_upper,8.9,0.07914289586333147,1,idm,[],60.0,0.2,middle,0.24798299625045978,23.50116239868305,0.00020665249687538316,0.25,acceleration_upper,8.9,0.07914289586333147,1,5.0,acceleration_upper,0.9230553573043985,8.9,1,0.6979807417176099,0.0,0.7,1.0,3b195560e813b26f,1.0,29,layout_comparison,1.0,24.0,20.0,0.0004194390063948253,0.49883760131695,0.00597471833758334,9.919319850018391,41
40,0,[],0.35,2.1,0.0,even_idm_leader_d02,0.2,human,8.0,1.5,0,5.0,closed symmetric acceleration-command pulse,0.1,0,[],132.0,jerk_saturation,5.0,-21.0,0,idm,[],60.0,0.2,even,250.6924707848422,-2.4783487569509717,0.20891039232070183,4.5,gap_lower,51.0,1.3239174378475487,32,5.000000000000004,gap_lower,-0.49941743784754866,50.5,32,6.349206349206349,4.507921206323867,0.7,0.0,3b1d2b859a115d48,0.0,47,controller_comparison,0.0,24.0,20.0,4.5,137.49962044435586,20.0,10027.698831393687,41
80,8,"[1,12,24,35,46,57,69,80]",0.35,0.25,1.0,even_idm_leader_N80,0.2,predictive,8.0,1.5,0,5.0,closed symmetric acceleration-command pulse,0.1,8,"[1,12,24,35,46,57,69,80]",0.0,gap_lower,12.9,0.028125,1,idm,[],60.0,0.2,even,0.0,23.4375,0.0,0.25,gap_lower,12.9,0.028125,1,5.0,gap_lower,0.9535000000000021,6.7,1,0.0,0.0,0.7,1.0,3b22bc805bf6bee1,1.0,167,chain_length_scope,1.0,24.0,20.0,4.287732603563867e-16,0.5625,0.0,0.0,81
40,0,[],0.35,1.0,1.0,even_idm_leader_d02,0.2,human,8.0,1.5,0,5.0,closed symmetric acceleration-command pulse,0.1,0,[],1.0,jerk_saturation,5.0,-10.0,0,idm,[],60.0,0.2,even,2.5899937716166064,22.217971778462996,0.0021583281430138388,1.0603855313524262,jerk,7.9,0.3148253811532431,1,5.0,acceleration_upper,0.698995320293437,9.1,1,0.8864871756532816,0.0001690438223770722,0.7,1.0,3b36226ad6c01400,1.0,167,controller_comparison,1.0,24.0,20.0,0.05421733976693259,0.5210257577831783,0.26264686095838385,103.59975086466426,41
40,4,"[1,14,27,40]",0.35,1.8,1.0,even_idm_internal8_d02,0.2,margin,8.0,1.5,8,5.0,closed symmetric acceleration-command pulse,0.1,4,"[1,14,27,40]",2.0,jerk_saturation,5.0,-18.0,8,idm,[],60.0,0.2,even,5.7663622556711704,17.917822916891616,0.004805301879725976,1.8037149743328178,jerk,5.300000000000001,1.0000000000000002,8,5.000000000000001,acceleration_upper,0.0,6.5,8,1.0076162921293577,0.15740731696912955,0.7,1.0,3b494efdeff88473,1.0,97,prediction_scope,1.0,24.0,20.0,0.061094303263679706,2.7531124620589935,0.45317564750732586,230.65449022684683,41
40,4,"[37,38,39,40]",0.35,0.0,1.0,rear_idm_leader_d02,0.2,margin,8.0,1.5,0,5.0,closed symmetric acceleration-command pulse,0.1,4,"[37,38,39,40]",0.0,jerk,0.1,3.077579334592651e-16,16,idm,[],60.0,0.2,rear,0.0,24.0,0.0,1.5387896672963254e-16,jerk,0.1,3.077579334592651e-16,16,1.5387896672963253e-15,acceleration_upper,0.9999999999999999,0.0,10,0.0,0.0,0.7,1.0,3b6cf0d8ad0cdb3d,1.0,149,layout_comparison;prediction_scope,1.0,24.0,20.0,1.5387896672963254e-16,0.0,0.0,0.0,41
40,0,[],0.35,0.25,1.0,even_idm_leader_d02,0.2,human,8.0,1.5,0,5.0,closed symmetric acceleration-command pulse,0.1,0,[],0.0,acceleration_upper,8.9,0.09161797046247376,1,idm,[],60.0,0.2,even,0.37713835670551416,23.59872592702291,0.0003142819639212618,0.25,acceleration_upper,8.9,0.09161797046247376,1,5.0,acceleration_upper,0.9110630758062596,8.9,1,0.7398922934055557,0.00011607583805547013,0.7,1.0,3b7bf05c72604ff8,1.0,149,controller_comparison,1.0,24.0,20.0,0.00464371931055753,0.04715720506411003,0.023925411032276855,15.085534268220567,41
40,4,"[19,20,21,22]",0.35,1.7,0.0,middle_idm_leader_d02,0.2,margin,8.0,1.5,0,5.0,closed symmetric acceleration-command pulse,0.1,4,"[19,20,21,22]",63.0,jerk_saturation,5.0,-17.0,0,idm,[],60.0,0.2,middle,88.12094601159001,-84.63085507652863,0.07343412167632501,4.5,gap_lower,44.800000000000004,5.431542753826432,19,5.000000000000004,gap_lower,-4.436607038403418,43.7,19,7.843137254901961,0.0006076725915230934,0.7,0.0,3b9f5a5d03ee16c9,0.0,61,layout_comparison,0.0,24.0,20.0,4.5,96.68982080470772,20.0,3524.8378404636005,41
40,4,"[1,14,27,40]",0.35,1.5,1.0,even_idm_leader_d02,0.2,acc,8.0,1.5,0,5.0,closed symmetric acceleration-command pulse,0.1,4,"[1,14,27,40]",1.0,jerk_saturation,5.0,-15.0,0,idm,[],60.0,0.2,even,4.981100854478276,21.28319304132779,0.004150917378731897,1.5,acceleration_upper,9.200000000000001,0.6217650735345163,1,5.0,acceleration_upper,0.33895041296577066,8.700000000000001,1,0.9084934736002848,0.0006698498293849929,0.7,1.0,3bf30a6647a5d71a,1.0,191,controller_comparison,1.0,24.0,20.0,0.1448561524485692,1.1891789593515512,0.6371142029436925,199.24403417913106,41
40,4,"[19,20,21,22]",0.35,0.0,1.0,middle_idm_leader_d02,0.2,margin,8.0,1.5,0,5.0,closed symmetric acceleration-command pulse,0.1,4,"[19,20,21,22]",0.0,jerk,0.1,3.0868044401493493e-16,5,idm,[],60.0,0.2,middle,0.0,24.0,0.0,1.5431316168805067e-16,jerk,0.1,3.0868044401493493e-16,5,1.5434022200746747e-15,acceleration_upper,0.9999999999999999,0.0,2,0.0,0.0,0.7,1.0,3c1ef6f99fe8079e,1.0,167,layout_comparison;prediction_scope,1.0,24.0,20.0,1.543402220074675e-16,0.0,0.0,0.0,41
40,4,"[1,2,3,4]",0.35,0.0,1.0,front_idm_leader_d02,0.2,margin,8.0,1.5,0,5.0,closed symmetric acceleration-command pulse,0.1,4,"[1,2,3,4]",0.0,jerk,0.1,3.0438989830050984e-16,32,idm,[],60.0,0.2,front,0.0,24.0,0.0,1.519770894331564e-16,jerk,0.1,3.0438989830050984e-16,32,1.5219494915025492e-15,acceleration_upper,0.9999999999999999,0.0,21,0.0,0.0,0.7,1.0,3c4b5c5da1f8e709,1.0,3,layout_comparison,1.0,24.0,20.0,1.5219494915025492e-16,0.0,0.0,0.0,41
40,4,"[1,14,27,40]",0.35,1.7,1.0,even_idm_leader_cmd04,0.4,margin,8.0,1.5,0,5.0,closed symmetric acceleration-command pulse,0.1,4,"[1,14,27,40]",1.0,jerk_saturation,5.0,-17.0,0,idm,[],60.0,0.2,even,5.1307566522112324,20.251777019784384,0.004275630543509361,1.7,jerk,6.300000000000001,0.1949187838400666,1,5.0,gap_lower,0.7390560421139881,6.7,1,0.36167911867200553,0.0,0.7,1.0,3cabee7766b90423,1.0,113,prediction_scope,1.0,24.0,20.0,0.2330599095988006,2.4867500000168548,0.4509826118375173,205.2302660884493,41
40,4,"[1,14,27,40]",0.35,0.0,1.0,even_idm_leader_d02,0.2,wave,8.0,1.5,0,5.0,closed symmetric acceleration-command pulse,0.1,4,"[1,14,27,40]",0.0,jerk,0.1,8.431356589244537e-16,34,idm,[],60.0,0.2,even,0.0,24.0,0.0,1.4937857699229206e-16,jerk,0.1,8.431356589244537e-16,34,4.215678294622268e-15,acceleration_upper,0.9999999999999998,0.0,34,0.0,0.0,0.7,1.0,3cf1eedfa0f311cd,1.0,11,controller_comparison,1.0,24.0,20.0,4.215678294622269e-16,0.0,0.0,0.0,41
40,4,"[19,20,21,22]",0.35,2.0,0.0,middle_idm_leader_d02,0.2,margin,8.0,1.5,0,5.0,closed symmetric acceleration-command pulse,0.1,4,"[19,20,21,22]",99.0,jerk_saturation,5.0,-20.0,0,idm,[],60.0,0.2,middle,170.65872961552583,-100.98071951858022,0.1422156080129382,4.5,gap_lower,54.2,6.249035975929011,19,5.000000000000004,gap_lower,-5.4174872282212885,53.0,19,6.666666666666667,0.0014211601053114957,0.7,0.0,3cf8aa4a6c6fc916,0.0,149,layout_comparison;prediction_scope,0.0,24.0,20.0,4.5,120.77575013256764,20.0,6826.349184621034,41
40,4,"[1,14,27,40]",0.35,1.9,0.0,even_idm_leader_d02,0.2,wave,8.0,1.5,0,5.0,closed symmetric acceleration-command pulse,0.1,4,"[1,14,27,40]",48.0,jerk_saturation,5.0,-18.999999999999996,0,idm,[],60.0,0.2,even,44.39847733133546,-1.7192664922751675,0.036998731109446216,4.5,gap_lower,57.0,1.2859633246137583,35,5.000000000000004,gap_lower,-0.46146332461375844,56.5,35,7.017543859649123,1.6533445908963507,0.7,0.0,3d092a9e4ba0574a,0.0,3,controller_comparison,0.0,24.0,20.0,4.5,45.79904208109349,20.0,1775.9390932534184,41
40,4,"[1,14,27,40]",0.35,1.8,1.0,even_idm_leader_d02,0.2,wave,8.0,1.5,0,5.0,closed symmetric acceleration-command pulse,0.1,4,"[1,14,27,40]",2.0,jerk_saturation,5.0,-18.0,0,idm,[],60.0,0.2,even,8.59817767031831,20.57193711753169,0.007165148058598592,1.8,acceleration_upper,9.0,0.8108967007441591,1,5.0,acceleration_upper,0.1154448318353769,8.5,1,0.9260271885327326,0.008756469360204416,0.7,0.0,3d53fcd85103399f,1.0,3,controller_comparison,0.0,24.0,20.0,0.7093305529292303,2.668218680568188,1.6850455382782634,343.9271068127324,41
40,4,"[1,14,27,40]",0.35,1.8,1.0,even_idm_leader_cmd0,0.0,margin,8.0,1.5,0,5.0,closed symmetric acceleration-command pulse,0.1,4,"[1,14,27,40]",1.0,jerk_saturation,5.0,-18.0,0,idm,[],60.0,0.2,even,5.136586965222739,20.24543240660705,0.0042804891376856165,1.8,jerk,5.9,0.1949187838400666,1,5.0,gap_lower,0.7398714811833569,6.7,1,0.29629195513215,0.0,0.7,1.0,3db668ecea988521,1.0,167,prediction_scope,1.0,24.0,20.0,0.15889212831897484,2.6369999999992615,0.32717201271342233,205.46347860890958,41
40,4,"[37,38,39,40]",0.35,0.0,1.0,rear_idm_leader_d02,0.2,margin,8.0,1.5,0,5.0,closed symmetric acceleration-command pulse,0.1,4,"[37,38,39,40]",0.0,jerk,0.1,3.0840736763882177e-16,24,idm,[],60.0,0.2,rear,0.0,24.0,0.0,1.4927216045054946e-16,jerk,0.1,3.0840736763882177e-16,24,1.5420368381941087e-15,acceleration_upper,0.9999999999999999,0.0,12,0.0,0.0,0.7,1.0,3ddcc3b1f0ff4ebb,1.0,79,layout_comparison,1.0,24.0,20.0,1.5420368381941088e-16,0.0,0.0,0.0,41
40,4,"[1,14,27,40]",0.35,1.8,1.0,even_idm_leader_cmd04,0.4,margin,8.0,1.5,0,5.0,closed symmetric acceleration-command pulse,0.1,4,"[1,14,27,40]",1.0,jerk_saturation,5.0,-18.0,0,idm,[],60.0,0.2,even,5.113088930062238,19.97482180146011,0.004260907441718532,1.8,gap_lower,8.0,0.20125890992699452,1,5.0,gap_lower,0.7249757443671356,6.800000000000001,1,0.3597731786581764,0.0,0.7,1.0,3e6ad7e179d1aa24,1.0,167,prediction_scope,1.0,24.0,20.0,0.23305990901696608,2.0407499999898846,0.4830955778722448,204.52355720248954,41
40,4,"[1,14,27,40]",0.35,1.7,1.0,even_idm_leader_d02,0.2,predictive,8.0,1.5,0,5.0,closed symmetric acceleration-command pulse,0.1,4,"[1,14,27,40]",1.0,jerk_saturation,5.0,-17.0,0,idm,[],60.0,0.2,even,2.8955190345108095,20.126428094831113,0.002412932528759008,1.7,gap_lower,8.1,0.19367859525844439,1,5.0,gap_lower,0.7405207352121215,6.7,1,0.24508576040922214,0.0,0.7,1.0,3ec5be0bd205c75c,1.0,29,controller_comparison,1.0,24.0,20.0,0.20351639197953236,1.3236921936876342,0.17500000000000426,115.82076138043237,41
40,0,[],0.35,1.9,0.0,even_idm_leader_d02,0.2,human,8.0,1.5,0,5.0,closed symmetric acceleration-command pulse,0.1,0,[],123.0,jerk_saturation,5.0,-18.999999999999996,0,idm,[],60.0,0.2,even,215.31162291173126,-2.4831949789853525,0.17942635242644273,4.5,gap_lower,57.6,1.3241597489492676,37,5.000000000000004,gap_lower,-0.4996597489492679,57.1,37,7.017543859649123,4.68218534263617,0.7,0.0,3ef79ddbe2f92a9f,0.0,113,controller_comparison,0.0,24.0,20.0,4.5,141.84346846573226,20.0,8612.464916469251,41
40,4,"[37,38,39,40]",0.35,2.1,0.0,rear_idm_leader_d02,0.2,margin,8.0,1.5,0,5.0,closed symmetric acceleration-command pulse,0.1,4,"[37,38,39,40]",127.0,jerk_saturation,5.0,-21.0,0,idm,[],60.0,0.2,rear,258.2060294421516,-56.03249499488411,0.21517169120179297,4.5,gap_lower,60.0,4.001624749744205,37,5.000000000000004,gap_lower,-3.4831067452940685,59.900000000000006,37,6.349206349206349,0.18651108600012758,0.7,0.0,3f08cd13018e7198,0.0,79,layout_comparison,0.0,24.0,20.0,4.5,92.89275375111686,20.0,10328.241177686063,41
40,4,"[1,14,27,40]",0.35,1.7,1.0,even_idm_leader_d02,0.2,wave,8.0,1.5,0,5.0,closed symmetric acceleration-command pulse,0.1,4,"[1,14,27,40]",1.0,jerk_saturation,5.0,-17.0,0,idm,[],60.0,0.2,even,6.315348986645302,21.067571228629703,0.005262790822204418,1.7,acceleration_upper,9.0,0.7722007508944968,1,5.0,acceleration_upper,0.15762496776271306,8.4,1,0.8128210339357009,0.003347575427779406,0.7,1.0,3f4f50afab1b2a17,1.0,3,controller_comparison,1.0,24.0,20.0,0.24556436340628346,1.397220227823908,0.836704813089618,252.61395946581206,41
80,8,"[1,12,24,35,46,57,69,80]",0.35,0.25,1.0,even_idm_leader_N80,0.2,margin,8.0,1.5,0,5.0,closed symmetric acceleration-command pulse,0.1,8,"[1,12,24,35,46,57,69,80]",0.0,gap_lower,12.9,0.028125,1,idm,[],60.0,0.2,even,0.0,23.4375,0.0,0.25,gap_lower,12.9,0.028125,1,5.0,gap_lower,0.9535000000000021,6.7,1,0.0,0.0,0.7,1.0,3fd76cb26e66699c,1.0,191,chain_length_scope,1.0,24.0,20.0,1.5434071286298848e-16,0.5625,0.0,0.0,81
40,4,"[1,14,27,40]",0.35,2.5,0.0,even_idm_leader_d02,0.2,wave,8.0,1.5,0,5.0,closed symmetric acceleration-command pulse,0.1,4,"[1,14,27,40]",108.0,jerk_saturation,5.0,-25.0,0,idm,[],60.0,0.2,even,181.90029621516902,-33.126807904000245,0.15158358017930754,4.5,gap_lower,60.0,2.856340395200012,27,5.000000000000004,gap_lower,-2.0366554628360474,59.900000000000006,27,5.333333333333333,3.2542754057939716,0.7,0.0,3fe8f16c11e40477,0.0,29,controller_comparison,0.0,24.0,20.0,4.5,76.46117329757735,20.0,7276.011848606761,41
40,4,"[1,14,27,40]",0.35,0.0,1.0,even_idm_leader_d02,0.2,predictive,8.0,1.5,0,5.0,closed symmetric acceleration-command pulse,0.1,4,"[1,14,27,40]",0.0,jerk,0.1,5.669712742983465e-16,30,idm,[],60.0,0.2,even,0.0,24.0,0.0,1.519317481612589e-16,jerk,0.1,5.669712742983465e-16,30,2.8348563714917324e-15,command_upper,0.9999999999999998,0.0,30,0.0,0.0,0.7,1.0,4016db54eac31652,1.0,113,controller_comparison,1.0,24.0,20.0,2.8348563714917324e-16,0.0,0.0,0.0,41
80,8,"[1,12,24,35,46,57,69,80]",0.35,2.5,1.0,even_idm_leader_N80,0.2,predictive,8.0,1.5,0,5.0,closed symmetric acceleration-command pulse,0.1,8,"[1,12,24,35,46,57,69,80]",1.0,jerk_saturation,5.0,-25.0,0,idm,[],60.0,0.2,even,2.6321882395833227,17.44987155700528,0.002193490199652769,2.5,gap_lower,8.8,0.32750642214973597,1,5.0,gap_lower,0.616796615564511,7.0,1,0.2666430711583966,0.0,0.7,1.0,401eaa7844b7d4e2,1.0,97,chain_length_scope,1.0,24.0,20.0,0.08781941730946236,2.5522163768670225,0.352435136050655,210.57505916666582,81
40,4,"[1,14,27,40]",0.35,1.5,1.0,even_idm_internal8_d02,0.2,margin,8.0,1.5,8,5.0,closed symmetric acceleration-command pulse,0.1,4,"[1,14,27,40]",1.0,jerk_saturation,5.0,-15.0,8,idm,[],60.0,0.2,even,3.904159554696663,20.086834830149037,0.0032534662955805527,1.4999999999999998,jerk,5.1000000000000005,1.0,8,5.0,acceleration_upper,0.0,6.6000000000000005,8,0.8672193173336196,0.17729006691287927,0.7,1.0,404e2e71110066de,1.0,131,prediction_scope,1.0,24.0,20.0,0.2488521333507932,2.396254272970509,0.39890265055397833,156.16638218786653,41
20,2,"[1,20]",0.35,2.5,1.0,even_idm_leader_N20,0.2,margin,8.0,1.5,0,5.0,closed symmetric acceleration-command pulse,0.1,2,"[1,20]",1.0,jerk_saturation,5.0,-25.0,0,idm,[],60.0,0.2,even,11.159093396623124,17.940824239627887,0.009299244497185938,2.5,gap_lower,8.6,0.30295878801860565,1,5.0,gap_lower,0.6284722142964542,7.1000000000000005,1,0.33719363265519176,0.14666666666666212,0.7,1.0,40684867ce76ac20,1.0,149,chain_length_scope,1.0,24.0,20.0,0.022074494737697934,1.9137499999919783,0.250004389440047,223.1818679324625,21
80,8,"[1,12,24,35,46,57,69,80]",0.35,1.8,1.0,even_idm_leader_N80,0.2,margin,8.0,1.5,0,5.0,closed symmetric acceleration-command pulse,0.1,8,"[1,12,24,35,46,57,69,80]",1.0,jerk_saturation,5.0,-18.0,0,idm,[],60.0,0.2,even,2.847535792045593,20.118271619165995,0.002372946493371327,1.8,jerk,6.1000000000000005,0.1949187838400666,1,5.0,gap_lower,0.7314541031193812,6.7,1,0.33806163903644787,0.0,0.7,1.0,40734db15347225d,1.0,167,chain_length_scope,1.0,24.0,20.0,0.20351639197953236,2.473305729542517,0.42499999999999005,227.80286336364742,81
80,8,"[1,12,24,35,46,57,69,80]",0.35,2.0,1.0,even_idm_leader_N80,0.2,predictive,8.0,1.5,0,5.0,closed symmetric acceleration-command pulse,0.1,8,"[1,12,24,35,46,57,69,80]",1.0,jerk_saturation,5.0,-20.0,0,idm,[],60.0,0.2,even,1.691317793711382,19.272922396420682,0.001409431494759485,2.0,gap_lower,8.3,0.23635388017896589,1,5.0,gap_lower,0.6939790965800888,6.800000000000001,1,0.25670883229249125,0.0,0.7,1.0,40812261a9c336a6,1.0,191,chain_length_scope,1.0,24.0,20.0,0.21679742284252312,1.4554214565714005,0.1993027844692392,135.30542349691055,81
40,4,"[37,38,39,40]",0.35,2.5,0.0,rear_idm_leader_d02,0.2,margin,8.0,1.5,0,5.0,closed symmetric acceleration-command pulse,0.1,4,"[37,38,39,40]",134.0,jerk_saturation,5.0,-25.0,0,idm,[],60.0,0.2,rear,285.60803079869754,-57.497593087337265,0.23800669233224794,4.5,gap_lower,60.0,4.074879654366863,37,5.000000000000004,gap_lower,-3.5530660680414323,59.900000000000006,37,5.333333333333333,0.17000134978236758,0.7,0.0,408ccdbef4eef432,0.0,3,layout_comparison,0.0,24.0,20.0,4.5,92.13831373812286,20.0,11424.3212319479,41
80,8,"[1,12,24,35,46,57,69,80]",0.35,1.0,1.0,even_idm_leader_N80,0.2,margin,8.0,1.5,0,5.0,closed symmetric acceleration-command pulse,0.1,8,"[1,12,24,35,46,57,69,80]",1.0,jerk_saturation,5.0,-10.0,0,idm,[],60.0,0.2,even,1.8657372881533099,22.041091224490145,0.0015547810734610917,1.0,jerk,7.7,0.15796767347454377,1,5.0,gap_lower,0.8475557889641916,6.7,1,0.38330523773824393,0.0,0.7,1.0,409d7d579435ea99,1.0,149,chain_length_scope,1.0,24.0,20.0,0.21679742284252312,2.30203744607752,0.3500000000000192,149.2589830522648,81
40,4,"[19,20,21,22]",0.35,1.0,1.0,middle_idm_leader_d02,0.2,margin,8.0,1.5,0,5.0,closed symmetric acceleration-command pulse,0.1,4,"[19,20,21,22]",1.0,jerk_saturation,5.0,-10.0,0,idm,[],60.0,0.2,middle,3.0897744272635728,22.202272100965544,0.002574812022719644,1.084330244356399,acceleration_upper,9.0,0.34628987017139234,1,5.0,acceleration_upper,0.6617451466105465,9.0,1,0.899885235567678,3.8437993528835555e-11,0.7,1.0,40befd05ad19396b,1.0,97,layout_comparison;prediction_scope,1.0,24.0,20.0,0.10160592833401424,2.2775853661738665,0.449999999999978,123.5909770905429,41
40,4,"[37,38,39,40]",0.35,1.8,0.0,rear_idm_leader_d02,0.2,margin,8.0,1.5,0,5.0,closed symmetric acceleration-command pulse,0.1,4,"[37,38,39,40]",112.0,jerk_saturation,5.0,-18.0,0,idm,[],60.0,0.2,rear,210.09561824867018,-52.812153162281696,0.17507968187389183,4.5,gap_lower,60.0,3.8406076581140853,37,5.000000000000004,gap_lower,-3.3449097123976257,59.900000000000006,37,7.4074074074074066,0.1805696711596251,0.7,0.0,40e2af81ac5d1a4a,0.0,11,layout_comparison,0.0,24.0,20.0,4.5,155.02664047834082,20.0,8403.824729946808,41
40,4,"[1,14,27,40]",0.35,1.0,1.0,even_idm_leader_d02,0.2,acc,8.0,1.5,0,5.0,closed symmetric acceleration-command pulse,0.1,4,"[1,14,27,40]",1.0,jerk_saturation,5.0,-10.0,0,idm,[],60.0,0.2,even,2.462645905700822,22.243061977138638,0.002052204921417352,1.0,acceleration_upper,9.1,0.4260524990731095,1,5.0,acceleration_upper,0.5444537387124273,8.5,1,0.8778495915594012,0.0005938410057358586,0.7,1.0,40f44d78d0acf3c9,1.0,167,controller_comparison,1.0,24.0,20.0,0.0631728049525921,0.503090195768209,0.2804217035871055,98.50583622803289,41
40,0,[],0.35,2.1,0.0,even_idm_leader_d02,0.2,human,8.0,1.5,0,5.0,closed symmetric acceleration-command pulse,0.1,0,[],133.0,jerk_saturation,5.0,-21.0,0,idm,[],60.0,0.2,even,255.6188850116651,-2.6245669169078525,0.21301573750972091,4.5,gap_lower,30.6,1.3312283458453926,16,5.000000000000004,gap_lower,-0.5067283458453928,30.1,16,6.349206349206349,4.884924230360968,0.7,0.0,41100cc6cd1aa883,0.0,3,controller_comparison,0.0,24.0,20.0,4.5,85.49933780063509,20.0,10224.755400466604,41
40,4,"[1,14,27,40]",0.35,0.25,1.0,even_idm_leader_d02,0.2,predictive,8.0,1.5,0,5.0,closed symmetric acceleration-command pulse,0.1,4,"[1,14,27,40]",0.0,gap_lower,12.9,0.028125,1,idm,[],60.0,0.2,even,0.0,23.4375,0.0,0.25,gap_lower,12.9,0.028125,1,5.0,gap_lower,0.9535000000000021,6.7,1,0.0,0.0,0.7,1.0,411091b696c0676d,1.0,149,controller_comparison,1.0,24.0,20.0,1.5387896672963254e-16,0.5625,0.0,0.0,41
40,4,"[1,14,27,40]",0.35,1.9,1.0,even_ovm_leader_d02,0.2,margin,8.0,1.5,0,5.0,closed symmetric acceleration-command pulse,0.1,4,"[1,14,27,40]",2.0,jerk_saturation,5.0,-18.999999999999996,0,ovm,[],60.0,0.2,even,7.92125998246174,17.625373669746693,0.006601049985384784,1.9,gap_lower,56.1,0.31873131651266534,27,5.0,gap_lower,0.6782463800807902,55.0,27,0.675815731425942,0.0,0.7,0.0,4125eaf44bf59872,1.0,167,prediction_scope,0.0,24.0,20.0,0.3957136125823883,6.1647719484830645,1.4105521115325672,316.8503992984696,41
40,4,"[1,14,27,40]",0.35,0.25,1.0,even_idm_leader_d02,0.2,margin,8.0,1.5,0,5.0,closed symmetric acceleration-command pulse,0.1,4,"[1,14,27,40]",0.0,gap_lower,12.9,0.028125,1,idm,[],60.0,0.2,even,0.0,23.4375,0.0,0.25,gap_lower,12.9,0.028125,1,5.0,gap_lower,0.9535000000000021,6.7,1,0.0,0.0,0.7,1.0,416d9f325209f0e2,1.0,149,controller_comparison;layout_comparison;prediction_scope,1.0,24.0,20.0,1.5387896672963254e-16,0.5625,0.0,0.0,41
40,4,"[1,14,27,40]",0.35,1.5,1.0,even_idm_leader_d02,0.2,acc,8.0,1.5,0,5.0,closed symmetric acceleration-command pulse,0.1,4,"[1,14,27,40]",12.0,jerk_saturation,5.0,-15.0,0,idm,[],60.0,0.2,even,12.22845142466487,12.570564649798001,0.010190376187220724,4.5,jerk,57.900000000000006,1.0000000000000009,37,5.000000000000004,acceleration_lower,0.0,55.5,35,5.018123828946855,0.024818700351662275,0.7,0.0,416ed7ca5b984d91,1.0,3,controller_comparison,0.0,24.0,20.0,4.5,11.429435350201999,11.290778615130424,489.1380569865948,41
40,4,"[19,20,21,22]",0.35,1.7,0.0,middle_idm_leader_d02,0.2,margin,8.0,1.5,0,5.0,closed symmetric acceleration-command pulse,0.1,4,"[19,20,21,22]",61.0,jerk_saturation,5.0,-17.0,0,idm,[],60.0,0.2,middle,68.45609574803824,-62.30184308636231,0.057046746456698535,4.5,gap_lower,41.5,4.3150921543181155,19,5.000000000000004,gap_lower,-3.3242319524482555,40.7,19,7.843137254901961,0.0003916699851537394,0.7,0.0,41802248c74324e3,0.0,47,layout_comparison,0.0,24.0,20.0,4.5,137.5621542584306,20.0,2738.2438299215296,41
40,4,"[1,14,27,40]",0.35,0.25,1.0,even_idm_leader_d02,0.2,acc,8.0,1.5,0,5.0,closed symmetric acceleration-command pulse,0.1,4,"[1,14,27,40]",0.0,acceleration_upper,8.9,0.11045353428495491,1,idm,[],60.0,0.2,even,0.392830034565656,23.5700638681798,0.0003273583621380467,0.25,acceleration_upper,8.9,0.11045353428495491,1,5.0,acceleration_upper,0.8798395296158674,8.3,1,0.8070695198907742,0.00045022332559104444,0.7,1.0,419e3676a84f8578,1.0,29,controller_comparison,1.0,24.0,20.0,0.010706334571685096,0.07722878795937049,0.03502381948554856,15.713201382626242,41
40,4,"[1,14,27,40]",0.35,2.5,0.0,even_idm_leader_d02,0.2,acc,8.0,1.5,0,5.0,closed symmetric acceleration-command pulse,0.1,4,"[1,14,27,40]",127.0,jerk_saturation,5.0,-25.0,0,idm,[],60.0,0.2,even,240.1210562144589,-2.3216027434523028,0.20010088017871575,4.5,gap_lower,40.900000000000006,1.3160801371726152,24,5.000000000000004,gap_lower,-0.49158013717261595,40.400000000000006,24,5.333333333333333,3.7430992003925856,0.7,0.0,41c4c994093efda0,0.0,191,controller_comparison,0.0,24.0,20.0,4.5,93.17097595178694,20.0,9604.842248578356,41
40,4,"[1,14,27,40]",0.35,1.5,1.0,even_idm_leader_d02,0.2,acc,8.0,1.5,0,5.0,closed symmetric acceleration-command pulse,0.1,4,"[1,14,27,40]",26.0,jerk_saturation,5.0,-15.0,0,idm,[],60.0,0.2,even,21.4451393925229,-1.4822836800511112,0.017870949493769085,4.5,gap_lower,59.5,1.2741141840025556,36,5.000000000000004,gap_lower,-0.3919777079304069,59.0,36,8.88888888888889,0.1952636272644194,0.7,0.0,41d4a3f1dd70947a,0.0,79,controller_comparison,0.0,24.0,20.0,4.5,25.48228368005111,20.0,857.805575700916,41
20,2,"[1,20]",0.35,1.8,1.0,even_idm_leader_N20,0.2,wave,8.0,1.5,0,5.0,closed symmetric acceleration-command pulse,0.1,2,"[1,20]",1.0,jerk_saturation,5.0,-18.0,0,idm,[],60.0,0.2,even,11.680819534533759,18.57446283285185,0.009734016278778132,2.4761058691360938,acceleration_upper,9.0,0.8108967007441591,1,5.0,acceleration_upper,0.1154448318353769,8.5,1,1.5197226813702112,1.2981132325262557,0.7,1.0,41eb892d4c39644a,1.0,191,chain_length_scope,1.0,24.0,20.0,0.03015248690898338,1.1434272615745158,0.3923125554243896,233.6163906906752,21
40,4,"[1,14,27,40]",0.35,1.0,1.0,even_idm_leader_d02,0.2,predictive,8.0,1.5,0,5.0,closed symmetric acceleration-command pulse,0.1,4,"[1,14,27,40]",1.0,jerk_saturation,5.0,-10.0,0,idm,[],60.0,0.2,even,1.8217145086720556,21.882056486128107,0.0015180954238933797,1.0,jerk,11.200000000000001,0.14285753923608713,1,5.0,gap_lower,0.836886763385144,6.7,1,0.2333332177228229,0.0,0.7,1.0,4204acb83e98c62b,1.0,79,controller_comparison,1.0,24.0,20.0,0.20351639197953236,1.1585969387929254,0.12500000000001066,72.86858034688223,41
40,0,[],0.35,2.0,0.0,even_idm_leader_d02,0.2,human,8.0,1.5,0,5.0,closed symmetric acceleration-command pulse,0.1,0,[],135.0,jerk_saturation,5.0,-20.0,0,idm,[],60.0,0.2,even,264.7806662504766,-2.680273338218882,0.2206505552087305,4.5,gap_lower,29.200000000000003,1.3340136669109441,15,5.000000000000004,gap_lower,-0.5095136669109435,28.700000000000003,15,6.666666666666667,5.0361352091079885,0.7,0.0,42189e4e87b9422f,0.0,149,controller_comparison,0.0,24.0,20.0,4.5,111.17573908621989,20.0,10591.226650019064,41
40,0,[],0.35,0.0,1.0,even_idm_leader_d02,0.2,human,8.0,1.5,0,5.0,closed symmetric acceleration-command pulse,0.1,0,[],0.0,jerk,0.1,3.092860462114067e-16,6,idm,[],60.0,0.2,even,0.0,24.0,0.0,1.5331773592430868e-16,jerk,0.1,3.092860462114067e-16,6,1.5464302310570335e-15,acceleration_upper,0.9999999999999999,0.0,3,0.0,0.0,0.7,1.0,421ba73c63bfa781,1.0,97,controller_comparison,1.0,24.0,20.0,1.5464302310570336e-16,0.0,0.0,0.0,41
40,0,[],0.35,1.9,0.0,even_idm_leader_d02,0.2,human,8.0,1.5,0,5.0,closed symmetric acceleration-command pulse,0.1,0,[],126.0,jerk_saturation,5.0,-18.999999999999996,0,idm,[],60.0,0.2,even,225.50014925000977,-2.390034478788891,0.18791679104167483,4.5,gap_lower,39.800000000000004,1.3195017239394446,23,5.000000000000004,gap_lower,-0.4950017239394442,39.300000000000004,23,7.017543859649123,4.567745308016618,0.7,0.0,426a92b0b315665a,0.0,167,controller_comparison,0.0,24.0,20.0,4.5,104.48025250193797,20.0,9020.005970000391,41
40,4,"[1,14,27,40]",0.35,1.0,1.0,even_idm_leader_d02,0.2,predictive,8.0,1.5,0,5.0,closed symmetric acceleration-command pulse,0.1,4,"[1,14,27,40]",1.0,jerk_saturation,5.0,-10.0,0,idm,[],60.0,0.2,even,1.7900885401512983,21.882056486128107,0.0014917404501260819,1.0,jerk,11.200000000000001,0.14285753923608713,1,5.0,gap_lower,0.836886763385144,6.7,1,0.2432815538312738,0.0,0.7,1.0,4282db3c003794c4,1.0,3,controller_comparison,1.0,24.0,20.0,0.20351639197953236,1.1585969387929254,0.12500000000001066,71.60354160605193,41
40,4,"[19,20,21,22]",0.35,2.5,0.0,middle_idm_leader_d02,0.2,margin,8.0,1.5,0,5.0,closed symmetric acceleration-command pulse,0.1,4,"[19,20,21,22]",98.0,jerk_saturation,5.0,-25.0,0,idm,[],60.0,0.2,middle,175.58719033016646,-102.2240196021773,0.14632265860847204,4.5,gap_lower,56.7,6.311200980108865,19,5.000000000000004,gap_lower,-5.473688978254576,55.400000000000006,19,5.333333333333333,0.000980906768985316,0.7,0.0,42bb2d833dc3f637,0.0,131,layout_comparison;prediction_scope,0.0,24.0,20.0,4.5,126.14560320187034,20.0,7023.487613206658,41
40,4,"[1,14,27,40]",0.35,2.5,1.0,even_idm_leader_d02,0.2,margin,8.0,1.5,0,5.0,closed symmetric acceleration-command pulse,0.1,4,"[1,14,27,40]",1.0,jerk_saturation,5.0,-25.0,0,idm,[],60.0,0.2,even,7.405548346595618,17.940824239627887,0.006171290288829681,2.5,gap_lower,8.6,0.30295878801860565,1,5.0,gap_lower,0.6284722142964542,7.1000000000000005,1,0.3329445331574059,0.0,0.7,1.0,42c3d57ddac617e2,1.0,47,controller_comparison;layout_comparison,1.0,24.0,20.0,0.09954992676267302,1.9137499999919783,0.449999999999978,296.2219338638247,41
20,2,"[1,20]",0.35,0.25,1.0,even_idm_leader_N20,0.2,margin,8.0,1.5,0,5.0,closed symmetric acceleration-command pulse,0.1,2,"[1,20]",0.0,gap_lower,12.9,0.028125,1,idm,[],60.0,0.2,even,0.0,23.4375,0.0,0.25,gap_lower,12.9,0.028125,1,5.0,gap_lower,0.9535000000000021,6.7,1,0.0,0.0,0.7,1.0,42c4af13feef2b32,1.0,131,chain_length_scope,1.0,24.0,20.0,1.469391379753045e-16,0.5625,0.0,0.0,21
40,4,"[1,2,3,4]",0.35,1.5,1.0,front_idm_leader_d02,0.2,margin,8.0,1.5,0,5.0,closed symmetric acceleration-command pulse,0.1,4,"[1,2,3,4]",1.0,jerk_saturation,5.0,-15.0,0,idm,[],60.0,0.2,front,6.331072227418709,20.903158065760977,0.005275893522848924,1.5,jerk,6.2,0.18004402927351704,1,5.0,gap_lower,0.7739406906150658,6.7,1,0.34133460735243504,1.6871972074265311e-06,0.7,1.0,433c178d3df5185f,1.0,131,layout_comparison;prediction_scope,1.0,24.0,20.0,0.05827280823060886,2.44602564126194,0.4106872224317506,253.24288909674834,41
40,4,"[37,38,39,40]",0.35,1.5,1.0,rear_idm_leader_d02,0.2,margin,8.0,1.5,0,5.0,closed symmetric acceleration-command pulse,0.1,4,"[37,38,39,40]",2.0,jerk_saturation,5.0,-15.0,0,idm,[],60.0,0.2,rear,8.863538553807631,19.47233807380894,0.007386282128173025,1.6926906578672825,jerk,7.9,0.556677615122835,1,5.0,acceleration_upper,0.5982254141829634,9.200000000000001,1,1.1945106698670556,0.0,0.7,0.0,434d3e55621b1fe9,1.0,29,layout_comparison,0.0,24.0,20.0,1.378263456939614,4.527661926191058,2.687649007200875,354.5415421523052,41
40,0,[],0.35,1.0,1.0,even_idm_leader_d02,0.2,human,8.0,1.5,0,5.0,closed symmetric acceleration-command pulse,0.1,0,[],1.0,jerk_saturation,5.0,-10.0,0,idm,[],60.0,0.2,even,2.503177038785016,22.26328729812093,0.00208598086565418,1.0,acceleration_upper,9.1,0.3052832296359452,1,5.0,acceleration_upper,0.7022036680671431,9.0,1,0.8336387845718107,0.00013531321393619086,0.7,1.0,434eaf0f024424e5,1.0,131,controller_comparison,1.0,24.0,20.0,0.05149289831109202,0.5269822100461852,0.2709601837787403,100.12708155140065,41
40,4,"[37,38,39,40]",0.35,1.7,0.0,rear_idm_leader_d02,0.2,margin,8.0,1.5,0,5.0,closed symmetric acceleration-command pulse,0.1,4,"[37,38,39,40]",112.0,jerk_saturation,5.0,-17.0,0,idm,[],60.0,0.2,rear,208.71287386296257,-52.502998550842115,0.17392739488580214,4.5,gap_lower,60.0,3.8251499275421055,37,5.000000000000004,gap_lower,-3.3323333327659936,59.900000000000006,37,7.843137254901961,0.1813934733268162,0.7,0.0,43727a4f0861b207,0.0,149,layout_comparison;prediction_scope,0.0,24.0,20.0,4.5,113.3256154576975,20.0,8348.514954518503,41
40,4,"[1,14,27,40]",0.35,2.1,1.0,even_idm_leader_d02,0.2,predictive,8.0,1.5,0,5.0,closed symmetric acceleration-command pulse,0.1,4,"[1,14,27,40]",1.0,jerk_saturation,5.0,-21.0,0,idm,[],60.0,0.2,even,4.278984603529664,18.931757248300926,0.003565820502941387,2.1,gap_lower,8.5,0.25341213758495373,1,5.0,gap_lower,0.6797430717799526,6.9,1,0.2539482849633405,0.0,0.7,1.0,43c1303c8522685d,1.0,131,controller_comparison,1.0,24.0,20.0,0.2035163919795352,1.6143330858653826,0.2907323546857228,171.15938414118656,41
40,4,"[1,14,27,40]",0.35,1.5,1.0,even_idm_leader_d02,0.2,acc,8.0,1.5,0,5.0,closed symmetric acceleration-command pulse,0.1,4,"[1,14,27,40]",2.0,jerk_saturation,5.0,-15.0,0,idm,[],60.0,0.2,even,7.906597049157375,20.789287906221432,0.0065888308742978125,1.5,acceleration_upper,9.200000000000001,0.6217650735345163,1,5.0,acceleration_upper,0.33895041296577066,8.700000000000001,1,0.9090234619636909,0.002158124740154853,0.7,0.0,446837b309ca8663,1.0,131,controller_comparison,0.0,24.0,20.0,0.628941039334133,2.4657391306260763,1.6141762040222503,316.263881966295,41
40,4,"[1,14,27,40]",0.35,0.25,1.0,even_idm_leader_d02,0.2,acc,8.0,1.5,0,5.0,closed symmetric acceleration-command pulse,0.1,4,"[1,14,27,40]",0.0,acceleration_upper,8.9,0.11045353428495491,1,idm,[],60.0,0.2,even,0.40408427994691065,23.586488132368004,0.00033673689995575886,0.25,acceleration_upper,8.9,0.11045353428495491,1,5.0,acceleration_upper,0.8798395296158674,8.3,1,0.8070695198907742,0.0003113156008491084,0.7,1.0,44732a754aa7dd03,1.0,47,controller_comparison,1.0,24.0,20.0,0.009917926102574746,0.07470763454938378,0.03608899827015577,16.163371197876426,41
40,4,"[37,38,39,40]",0.35,1.0,1.0,rear_idm_leader_d02,0.2,margin,8.0,1.5,0,5.0,closed symmetric acceleration-command pulse,0.1,4,"[37,38,39,40]",1.0,jerk_saturation,5.0,-10.0,0,idm,[],60.0,0.2,rear,2.6005567212597946,22.2666670489849,0.0021671306010498286,1.0092121390886246,jerk,7.9,0.3037602283120884,1,5.0,acceleration_upper,0.705636302458041,9.0,1,0.8394742665076222,0.0,0.7,1.0,44f39c8f9bfaa446,1.0,3,layout_comparison,1.0,24.0,20.0,0.06726379838175711,0.5142366856605634,0.3077694151596404,104.02226885039178,41
40,4,"[1,2,3,4]",0.35,1.5,1.0,front_idm_leader_d02,0.2,margin,8.0,1.5,0,5.0,closed symmetric acceleration-command pulse,0.1,4,"[1,2,3,4]",1.0,jerk_saturation,5.0,-15.0,0,idm,[],60.0,0.2,front,6.1437465705071785,20.903158065760977,0.0051197888087559824,1.5,jerk,6.2,0.18004402927351704,1,5.0,gap_lower,0.7739406906150658,6.7,1,0.34133460735243504,1.9377888709944577e-06,0.7,1.0,4518e419882dadd8,1.0,167,layout_comparison;prediction_scope,1.0,24.0,20.0,0.07831971208556732,2.44602564126194,0.3854281528469272,245.74986282028715,41
40,4,"[1,14,27,40]",0.35,1.9,1.0,even_idm_leader_cmd04,0.4,margin,8.0,1.5,0,5.0,closed symmetric acceleration-command pulse,0.1,4,"[1,14,27,40]",1.0,jerk_saturation,5.0,-18.999999999999996,0,idm,[],60.0,0.2,even,5.073158059224211,19.72904833201028,0.004227631716020176,1.9,jerk,6.2,0.2157434402332361,1,5.0,gap_lower,0.710639156871452,6.800000000000001,1,0.35786361025327657,0.0,0.7,1.0,454a42b58c297064,1.0,191,prediction_scope,1.0,24.0,20.0,0.2330599093091617,1.06497088360436,0.4749999988770206,202.92632236896844,41
80,8,"[1,12,24,35,46,57,69,80]",0.35,1.0,1.0,even_idm_leader_N80,0.2,wave,8.0,1.5,0,5.0,closed symmetric acceleration-command pulse,0.1,8,"[1,12,24,35,46,57,69,80]",1.0,jerk_saturation,5.0,-10.0,0,idm,[],60.0,0.2,even,0.9325954380437471,22.41719531546063,0.000777162865036456,1.0,acceleration_upper,8.9,0.47616499802648427,1,5.0,acceleration_upper,0.4712842528868433,8.3,1,0.7636366299609705,0.0,0.7,1.0,4554bbe13cb67a79,1.0,149,chain_length_scope,1.0,24.0,20.0,0.02217863584255468,0.21277938340926994,0.1105496298769566,74.60763504349977,81
40,4,"[37,38,39,40]",0.35,0.0,1.0,rear_idm_leader_d02,0.2,margin,8.0,1.5,0,5.0,closed symmetric acceleration-command pulse,0.1,4,"[37,38,39,40]",0.0,jerk,0.1,5.669712742983465e-16,30,idm,[],60.0,0.2,rear,0.0,24.0,0.0,1.519317481612589e-16,jerk,0.1,5.669712742983465e-16,30,2.8348563714917324e-15,command_upper,0.9999999999999998,0.0,30,0.0,0.0,0.7,1.0,4572550b65cbc86a,1.0,113,layout_comparison;prediction_scope,1.0,24.0,20.0,2.8348563714917324e-16,0.0,0.0,0.0,41
80,8,"[1,12,24,35,46,57,69,80]",0.35,2.0,1.0,even_idm_leader_N80,0.2,margin,8.0,1.5,0,5.0,closed symmetric acceleration-command pulse,0.1,8,"[1,12,24,35,46,57,69,80]",1.0,jerk_saturation,5.0,-20.0,0,idm,[],60.0,0.2,even,2.973509766342194,19.56003271057392,0.0024779248052851617,2.0,gap_lower,8.1,0.22199836447130394,1,5.0,gap_lower,0.7028209984038035,6.800000000000001,1,0.32247391385864077,0.0,0.7,1.0,45eb455b4425c8ad,1.0,113,chain_length_scope,1.0,24.0,20.0,0.08984036864473419,2.3075000000003456,0.42499999999999005,237.8807813073755,81
40,4,"[37,38,39,40]",0.35,0.0,1.0,rear_idm_leader_d02,0.2,margin,8.0,1.5,0,5.0,closed symmetric acceleration-command pulse,0.1,4,"[37,38,39,40]",0.0,jerk,0.1,3.033043242170331e-16,32,idm,[],60.0,0.2,rear,0.0,24.0,0.0,1.4158437991504552e-16,jerk,0.1,3.033043242170331e-16,32,1.5165216210851655e-15,acceleration_upper,0.9999999999999999,0.0,2,0.0,0.0,0.7,1.0,4616777d8850506a,1.0,131,layout_comparison;prediction_scope,1.0,24.0,20.0,1.5165216210851655e-16,0.0,0.0,0.0,41
40,4,"[1,14,27,40]",0.35,2.5,1.0,even_idm_leader_d02,0.2,predictive,8.0,1.5,0,5.0,closed symmetric acceleration-command pulse,0.1,4,"[1,14,27,40]",1.0,jerk_saturation,5.0,-25.0,0,idm,[],60.0,0.2,even,5.268171936068657,17.44987155700528,0.004390143280057214,2.5,gap_lower,8.8,0.32750642214973597,1,5.0,gap_lower,0.616796615564511,7.0,1,0.2666430711583966,0.0,0.7,1.0,468badeb6a94838a,1.0,29,controller_comparison,1.0,24.0,20.0,0.2167974228425384,2.0472990894579652,0.33744153866303606,210.7268774427463,41
40,4,"[1,2,3,4]",0.35,1.7,1.0,front_idm_leader_d02,0.2,margin,8.0,1.5,0,5.0,closed symmetric acceleration-command pulse,0.1,4,"[1,2,3,4]",1.0,jerk_saturation,5.0,-17.0,0,idm,[],60.0,0.2,front,6.396750156720335,20.398261426893157,0.00533062513060028,1.7,jerk,6.1000000000000005,0.1949187838400666,1,5.0,gap_lower,0.7461541031193801,6.7,1,0.32347790797516185,3.1460890161448407e-06,0.7,1.0,468fe379853a5a45,1.0,79,layout_comparison,1.0,24.0,20.0,0.04584222169123391,2.854250000015554,0.3938098957559042,255.87000626881343,41
40,4,"[1,14,27,40]",0.35,1.7,0.0,even_idm_leader_d02,0.2,acc,8.0,1.5,0,5.0,closed symmetric acceleration-command pulse,0.1,4,"[1,14,27,40]",66.0,jerk_saturation,5.0,-17.0,0,idm,[],60.0,0.2,even,71.98766636583574,-1.8994140652304168,0.059989721971529776,4.5,gap_lower,54.2,1.2949707032615208,33,5.000000000000004,gap_lower,-0.4704707032615213,53.7,33,7.843137254901961,2.2642621185795937,0.7,0.0,46a351a10de54097,0.0,97,controller_comparison,0.0,24.0,20.0,4.5,73.41974725123231,20.0,2879.506654633429,41
40,4,"[1,14,27,40]",0.35,0.25,1.0,even_idm_leader_d02,0.2,wave,8.0,1.5,0,5.0,closed symmetric acceleration-command pulse,0.1,4,"[1,14,27,40]",0.0,acceleration_upper,8.700000000000001,0.12363052410794312,1,idm,[],60.0,0.2,even,0.35525126881059893,23.63545048406307,0.00029604272400883243,0.25,acceleration_upper,8.700000000000001,0.12363052410794312,1,5.0,acceleration_upper,0.8602823717271342,8.200000000000001,1,0.7078878072353424,0.00021875694790196576,0.7,1.0,46b18ca7024d638e,1.0,61,controller_comparison,1.0,24.0,20.0,0.002881329489812284,0.043006262232495374,0.017069555115448054,14.210050752423957,41
40,4,"[1,14,27,40]",0.35,1.0,1.0,even_idm_leader_d02,0.2,wave,8.0,1.5,0,5.0,closed symmetric acceleration-command pulse,0.1,4,"[1,14,27,40]",1.0,jerk_saturation,5.0,-10.0,0,idm,[],60.0,0.2,even,2.0184793439468143,22.41719531546063,0.0016820661199556787,1.0,acceleration_upper,8.9,0.47616499802648427,1,5.0,acceleration_upper,0.4712842528868433,8.3,1,0.7636366299609705,0.0006051109514757513,0.7,1.0,46c1a80d0b36e171,1.0,149,controller_comparison,1.0,24.0,20.0,0.02593956397129853,0.2648499389080712,0.13021170883849464,80.73917375787258,41
40,4,"[19,20,21,22]",0.35,0.25,1.0,middle_idm_leader_d02,0.2,margin,8.0,1.5,0,5.0,closed symmetric acceleration-command pulse,0.1,4,"[19,20,21,22]",0.0,acceleration_upper,9.0,0.07909669231471793,1,idm,[],60.0,0.2,middle,0.25695734927164,23.48598707542078,0.0002141311243930333,0.25,acceleration_upper,9.0,0.07909669231471793,1,5.0,acceleration_upper,0.923109172751686,8.9,1,0.716697190199748,0.0,0.7,1.0,46f1615d99160299,1.0,61,layout_comparison,1.0,24.0,20.0,0.00033703726020253665,0.5140129245792195,0.004687665801228036,10.2782939708656,41
40,4,"[19,20,21,22]",0.35,1.7,1.0,middle_idm_leader_d02,0.2,margin,8.0,1.5,0,5.0,closed symmetric acceleration-command pulse,0.1,4,"[19,20,21,22]",31.0,jerk_saturation,5.0,-17.0,0,idm,[],60.0,0.2,middle,25.5051906077231,-11.014220755226745,0.02125432550643592,4.5,gap_lower,38.300000000000004,1.7507110377613373,19,5.000000000000004,gap_lower,-0.759534767013119,37.5,19,6.648754831980486,0.00011109910958126358,0.7,0.0,4743b3dbe7d859ae,0.0,131,layout_comparison;prediction_scope,0.0,24.0,20.0,4.5,20.52819635382332,16.954324821550237,1020.2076243089241,41
40,4,"[1,2,3,4]",0.35,1.5,1.0,front_idm_leader_d02,0.2,margin,8.0,1.5,0,5.0,closed symmetric acceleration-command pulse,0.1,4,"[1,2,3,4]",1.0,jerk_saturation,5.0,-15.0,0,idm,[],60.0,0.2,front,6.191380479348632,20.903158065760977,0.0051594837327905265,1.5,jerk,6.2,0.18004402927351704,1,5.0,gap_lower,0.7739406906150658,6.7,1,0.34133460735243504,2.093076642179565e-06,0.7,1.0,47a55c1ab9e87d83,1.0,61,layout_comparison,1.0,24.0,20.0,0.06112768292204115,2.44602564126194,0.38560065764732343,247.65521917394526,41
80,8,"[1,12,24,35,46,57,69,80]",0.35,0.0,1.0,even_idm_leader_N80,0.2,wave,8.0,1.5,0,5.0,closed symmetric acceleration-command pulse,0.1,8,"[1,12,24,35,46,57,69,80]",0.0,jerk,0.1,6.122860407706024e-16,7,idm,[],60.0,0.2,even,0.0,24.0,0.0,1.5373620709854844e-16,jerk,0.1,6.122860407706024e-16,7,3.0614302038530117e-15,command_upper,0.9999999999999998,0.0,7,0.0,0.0,0.7,1.0,47b353e895d1398e,1.0,97,chain_length_scope,1.0,24.0,20.0,3.061430203853012e-16,0.0,0.0,0.0,81
40,4,"[1,14,27,40]",0.35,1.0,1.0,even_idm_leader_d02,0.2,margin,8.0,1.5,0,5.0,closed symmetric acceleration-command pulse,0.1,4,"[1,14,27,40]",1.0,jerk_saturation,5.0,-10.0,0,idm,[],60.0,0.2,even,3.732868817993335,22.041091224490145,0.003110724014994446,1.0,jerk,7.7,0.15796767347454377,1,5.0,gap_lower,0.8475557889641916,6.7,1,0.38330523773824393,0.0,0.7,1.0,47f77a728d725166,1.0,131,controller_comparison;layout_comparison;prediction_scope,1.0,24.0,20.0,0.13876208356088812,2.2007780140820614,0.379251871503957,149.3147527197334,41
40,4,"[1,14,27,40]",0.35,1.0,1.0,even_idm_leader_d02,0.2,margin,8.0,1.5,0,5.0,closed symmetric acceleration-command pulse,0.1,4,"[1,14,27,40]",1.0,jerk_saturation,5.0,-10.0,0,idm,[],60.0,0.2,even,3.7443550813358484,22.041091224490145,0.003120295901113207,1.0,jerk,7.7,0.15796767347454377,1,5.0,gap_lower,0.8475557889641916,6.7,1,0.38330523773824393,0.0,0.7,1.0,4865fb6bce3b800a,1.0,79,controller_comparison;layout_comparison,1.0,24.0,20.0,0.16722077921050313,1.8375039489800429,0.43414454852621276,149.77420325343394,41
40,4,"[37,38,39,40]",0.35,2.1,0.0,rear_idm_leader_d02,0.2,margin,8.0,1.5,0,5.0,closed symmetric acceleration-command pulse,0.1,4,"[37,38,39,40]",119.0,jerk_saturation,5.0,-21.0,0,idm,[],60.0,0.2,rear,232.09932067156677,-54.37263694859212,0.19341610055963898,4.5,gap_lower,60.0,3.918631847429606,37,5.000000000000004,gap_lower,-3.412545888329569,59.900000000000006,37,6.349206349206349,0.17064109363961585,0.7,0.0,4875fa79c93bba1f,0.0,29,layout_comparison,0.0,24.0,20.0,4.5,139.1936434857629,20.0,9283.972826862671,41
20,2,"[1,20]",0.35,1.5,1.0,even_idm_leader_N20,0.2,margin,8.0,1.5,0,5.0,closed symmetric acceleration-command pulse,0.1,2,"[1,20]",1.0,jerk_saturation,5.0,-15.0,0,idm,[],60.0,0.2,even,6.445112258370985,20.903158065760977,0.00537092688197582,1.5,jerk,6.2,0.18004402927351704,1,5.0,gap_lower,0.7739406906150658,6.7,1,0.34716315586909097,0.18888888888884658,0.7,1.0,48ca967a82c2678c,1.0,113,chain_length_scope,1.0,24.0,20.0,0.006471967805513733,2.140000000000782,0.12517775323665603,128.9022451674197,21
20,2,"[1,20]",0.35,2.5,1.0,even_idm_leader_N20,0.2,margin,8.0,1.5,0,5.0,closed symmetric acceleration-command pulse,0.1,2,"[1,20]",1.0,jerk_saturation,5.0,-25.0,0,idm,[],60.0,0.2,even,10.880112307420216,17.940824239627887,0.009066760256183514,2.5,gap_lower,8.6,0.30295878801860565,1,5.0,gap_lower,0.6284722142964542,7.1000000000000005,1,0.3329445331574059,0.12666666666666232,0.7,1.0,48f73430b4e77036,1.0,97,chain_length_scope,1.0,24.0,20.0,0.0172505656366503,1.9137499999919783,0.32500000267663154,217.60224614840433,21
40,0,[],0.35,1.5,0.0,even_idm_leader_d02,0.2,human,8.0,1.5,0,5.0,closed symmetric acceleration-command pulse,0.1,0,[],79.0,jerk_saturation,5.0,-15.0,0,idm,[],60.0,0.2,even,94.87003830311181,-2.470176045245651,0.07905836525259317,4.5,gap_lower,59.300000000000004,1.3235088022622825,37,5.000000000000004,gap_lower,-0.49900880226228334,58.800000000000004,37,8.88888888888889,2.6036093938904292,0.7,0.0,494914cbd777d876,0.0,113,controller_comparison,0.0,24.0,20.0,4.5,96.32179338983354,20.0,3794.8015321244725,41
40,4,"[1,14,27,40]",0.35,1.9,1.0,even_idm_leader_cmd0,0.0,margin,8.0,1.5,0,5.0,closed symmetric acceleration-command pulse,0.1,4,"[1,14,27,40]",1.0,jerk_saturation,5.0,-18.999999999999996,0,idm,[],60.0,0.2,even,5.3448101300313215,20.008608001059713,0.004454008441692768,1.9,jerk,5.800000000000001,0.2157434402332361,1,5.0,gap_lower,0.7272864274312851,6.7,1,0.29823703934855367,0.0,0.7,1.0,496f421053895831,1.0,167,prediction_scope,1.0,24.0,20.0,0.1588921283505002,2.329749999994192,0.33497914241139526,213.79240520125288,41
40,4,"[1,14,27,40]",0.35,1.7,1.0,even_idm_leader_cmd0,0.0,margin,8.0,1.5,0,5.0,closed symmetric acceleration-command pulse,0.1,4,"[1,14,27,40]",1.0,jerk_saturation,5.0,-17.0,0,idm,[],60.0,0.2,even,5.182636911289359,20.532852342178046,0.004318864092741133,1.7,jerk,5.9,0.1949187838400666,1,5.0,gap_lower,0.7545714811833555,6.7,1,0.3039147381425787,0.0,0.7,1.0,499da96067869887,1.0,131,prediction_scope,1.0,24.0,20.0,0.15889212833461142,2.6554999999909796,0.34500068898026726,207.30547645157438,41
80,8,"[1,12,24,35,46,57,69,80]",0.35,0.0,1.0,even_idm_leader_N80,0.2,predictive,8.0,1.5,0,5.0,closed symmetric acceleration-command pulse,0.1,8,"[1,12,24,35,46,57,69,80]",0.0,jerk,0.1,3.08266268155979e-16,13,idm,[],60.0,0.2,even,0.0,24.0,0.0,1.5413313407798953e-16,jerk,0.1,3.08266268155979e-16,13,1.5413313407798952e-15,acceleration_upper,0.9999999999999999,0.0,2,0.0,0.0,0.7,1.0,49a41fa7c253f302,1.0,113,chain_length_scope,1.0,24.0,20.0,1.5413313407798953e-16,0.0,0.0,0.0,81
40,4,"[1,14,27,40]",0.35,1.9,0.0,even_idm_leader_d02,0.2,acc,8.0,1.5,0,5.0,closed symmetric acceleration-command pulse,0.1,4,"[1,14,27,40]",97.0,jerk_saturation,5.0,-18.999999999999996,0,idm,[],60.0,0.2,even,148.08729186867942,-2.639774629165572,0.12340607655723286,4.5,gap_lower,44.1,1.3319887314582786,26,5.000000000000004,gap_lower,-0.5074887314582794,43.6,26,7.017543859649123,4.124257833700459,0.7,0.0,49a5ee852c6379b4,0.0,97,controller_comparison,0.0,24.0,20.0,4.5,87.6849104070929,20.0,5923.491674747177,41
40,4,"[1,14,27,40]",0.35,1.9,1.0,even_idm_internal8_d02,0.2,margin,8.0,1.5,8,5.0,closed symmetric acceleration-command pulse,0.1,4,"[1,14,27,40]",2.0,jerk_saturation,5.0,-18.999999999999996,8,idm,[],60.0,0.2,even,6.571297987006147,16.80060733658263,0.005476081655838456,1.9671610020070778,jerk,5.300000000000001,1.0000000000000002,8,5.000000000000001,acceleration_upper,0.0,6.5,8,1.101626940796172,0.15789471451835313,0.7,1.0,49ab77ada3599dd3,1.0,97,prediction_scope,1.0,24.0,20.0,0.1548553041082145,2.9511243311286535,0.5064771366668204,262.8519194802459,41
20,2,"[1,20]",0.35,2.0,0.0,even_idm_leader_N20,0.2,wave,8.0,1.5,0,5.0,closed symmetric acceleration-command pulse,0.1,2,"[1,20]",16.0,jerk_saturation,5.0,-20.0,0,idm,[],60.0,0.2,even,42.475565914538514,-8.673610374607847,0.035396304928782096,4.5,gap_lower,40.1,1.6336805187303924,20,5.000000000000002,gap_lower,-0.6339669661227828,39.400000000000006,20,6.159107746605044,5.002308720736755,0.7,0.0,49b471803c9140c3,0.0,149,chain_length_scope,0.0,24.0,20.0,0.524091477803875,67.26850775577185,5.277585910484138,849.5113182907703,21
40,4,"[1,14,27,40]",0.35,1.5,1.0,even_idm_leader_d02,0.2,margin,8.0,1.5,0,5.0,closed symmetric acceleration-command pulse,0.1,4,"[1,14,27,40]",1.0,jerk_saturation,5.0,-15.0,0,idm,[],60.0,0.2,even,4.6111989570106,20.903158065760977,0.003842665797508833,1.5,jerk,6.2,0.18004402927351704,1,5.0,gap_lower,0.7739406906150658,6.7,1,0.34133460735243504,0.0,0.7,1.0,4a06929ab24cca6b,1.0,47,controller_comparison;layout_comparison,1.0,24.0,20.0,0.11106581177492912,2.140000000000782,0.42499999999999005,184.447958280424,41
80,8,"[1,12,24,35,46,57,69,80]",0.35,0.25,1.0,even_idm_leader_N80,0.2,predictive,8.0,1.5,0,5.0,closed symmetric acceleration-command pulse,0.1,8,"[1,12,24,35,46,57,69,80]",0.0,gap_lower,12.9,0.028125,1,idm,[],60.0,0.2,even,0.0,23.4375,0.0,0.25,gap_lower,12.9,0.028125,1,5.0,gap_lower,0.9535000000000021,6.7,1,0.0,0.0,0.7,1.0,4a254334859573c9,1.0,149,chain_length_scope,1.0,24.0,20.0,1.5522080316662207e-16,0.5625,0.0,0.0,81
40,4,"[1,14,27,40]",0.35,1.9,1.0,even_ovm_leader_d02,0.2,margin,8.0,1.5,0,5.0,closed symmetric acceleration-command pulse,0.1,4,"[1,14,27,40]",2.0,jerk_saturation,5.0,-18.999999999999996,0,ovm,[],60.0,0.2,even,7.7773677937792485,17.972781745075224,0.006481139828149374,1.9,gap_lower,55.400000000000006,0.3013609127462388,27,5.0,gap_lower,0.6955874573493401,54.300000000000004,27,0.6474675745249795,0.0,0.7,0.0,4a72b394bbe92b31,1.0,149,prediction_scope,0.0,24.0,20.0,0.33370445834446477,5.412957410251238,1.2171370908102759,311.09471175116994,41
40,4,"[1,2,3,4]",0.35,1.8,1.0,front_idm_leader_d02,0.2,margin,8.0,1.5,0,5.0,closed symmetric acceleration-command pulse,0.1,4,"[1,2,3,4]",1.0,jerk_saturation,5.0,-18.0,0,idm,[],60.0,0.2,front,6.9935074774565935,20.118271619165995,0.005827922897880494,1.8,jerk,6.1000000000000005,0.1949187838400666,1,5.0,gap_lower,0.7314541031193812,6.7,1,0.3239786377755459,3.5486295581045447e-06,0.7,1.0,4a8166f2e39c5e36,1.0,11,layout_comparison,1.0,24.0,20.0,0.20351639197953236,2.972280225506438,0.42164653752458037,279.74029909826373,41
40,4,"[1,14,27,40]",0.35,1.8,1.0,even_ovm_leader_d02,0.2,margin,8.0,1.5,0,5.0,closed symmetric acceleration-command pulse,0.1,4,"[1,14,27,40]",2.0,jerk_saturation,5.0,-18.0,0,ovm,[],60.0,0.2,even,8.475756519874782,16.01445269502915,0.007063130433228986,1.8,gap_lower,55.6,0.3992773652485425,27,5.0,gap_lower,0.592753236417724,54.2,27,0.9440381288928936,0.0,0.7,0.0,4ab063c3a0aa2bd0,1.0,191,prediction_scope,0.0,24.0,20.0,0.5701854144250299,7.214563369588632,1.7409720083092068,339.0302607949913,41
20,2,"[1,20]",0.35,1.0,1.0,even_idm_leader_N20,0.2,predictive,8.0,1.5,0,5.0,closed symmetric acceleration-command pulse,0.1,2,"[1,20]",1.0,jerk_saturation,5.0,-10.0,0,idm,[],60.0,0.2,even,3.3198522718303836,21.882056486128107,0.0027665435598586527,1.0,jerk,11.200000000000001,0.14285753923608713,1,5.0,gap_lower,0.836886763385144,6.7,1,0.23420876674260427,0.08333333333334043,0.7,1.0,4ada60121f54d293,1.0,149,chain_length_scope,1.0,24.0,20.0,0.20351639197953236,1.1585969387929254,0.12500000000001066,66.39704543660767,21
40,4,"[1,14,27,40]",0.35,2.0,1.0,even_idm_leader_d02,0.2,predictive,8.0,1.5,0,5.0,closed symmetric acceleration-command pulse,0.1,4,"[1,14,27,40]",1.0,jerk_saturation,5.0,-20.0,0,idm,[],60.0,0.2,even,3.5289959555237296,19.272922396420682,0.0029408299629364414,2.0,gap_lower,8.3,0.23635388017896589,1,5.0,gap_lower,0.6939790965800888,6.800000000000001,1,0.249984159893175,0.0,0.7,1.0,4ae9c56ef32d5521,1.0,97,controller_comparison,1.0,24.0,20.0,0.08347414724119748,1.331933697826969,0.20000000000000995,141.15983822094918,41
40,4,"[19,20,21,22]",0.35,0.25,1.0,middle_idm_leader_d02,0.2,margin,8.0,1.5,0,5.0,closed symmetric acceleration-command pulse,0.1,4,"[19,20,21,22]",0.0,acceleration_upper,8.9,0.08040738292374738,1,idm,[],60.0,0.2,middle,0.25034313723596313,23.47199238521671,0.00020861928102996926,0.25,acceleration_upper,8.9,0.08040738292374738,1,5.0,acceleration_upper,0.9219280984362672,8.9,1,0.6820726754513847,0.0,0.7,1.0,4b2085bc9e7a7518,1.0,131,layout_comparison;prediction_scope,1.0,24.0,20.0,0.0003322157612719695,0.5280076147832915,0.0038979716231821726,10.013725489438524,41
40,0,[],0.35,2.5,0.0,even_idm_leader_d02,0.2,human,8.0,1.5,0,5.0,closed symmetric acceleration-command pulse,0.1,0,[],145.0,jerk_saturation,5.0,-25.0,0,idm,[],60.0,0.2,even,300.33788400960555,-2.6724850410727328,0.25028157000800466,4.5,gap_lower,29.0,1.3336242520536365,15,5.000000000000004,gap_lower,-0.5091242520536362,28.5,15,5.333333333333333,4.277779926977598,0.7,0.0,4b6000898ec2278e,0.0,149,controller_comparison,0.0,24.0,20.0,4.5,168.3794745438903,20.0,12013.515360384223,41
40,0,[],0.35,2.1,0.0,even_idm_leader_d02,0.2,human,8.0,1.5,0,5.0,closed symmetric acceleration-command pulse,0.1,0,[],128.0,jerk_saturation,5.0,-21.0,0,idm,[],60.0,0.2,even,238.78403800431244,-2.319512739945594,0.19898669833692703,4.5,gap_lower,41.1,1.3159756369972797,24,5.000000000000004,gap_lower,-0.4914756369972804,40.6,24,6.349206349206349,4.079483755008708,0.7,0.0,4c4b6bc78f6e2c3f,0.0,191,controller_comparison,0.0,24.0,20.0,4.5,93.22446275896812,20.0,9551.361520172497,41
40,4,"[1,14,27,40]",0.35,1.7,1.0,even_idm_leader_d02,0.2,predictive,8.0,1.5,0,5.0,closed symmetric acceleration-command pulse,0.1,4,"[1,14,27,40]",1.0,jerk_saturation,5.0,-17.0,0,idm,[],60.0,0.2,even,2.9345537391971845,20.126428094831113,0.0024454614493309873,1.7,gap_lower,8.1,0.19367859525844439,1,5.0,gap_lower,0.7405207352121215,6.7,1,0.24508576040922214,0.0,0.7,1.0,4c82352b8ca8810c,1.0,47,controller_comparison,1.0,24.0,20.0,0.20351639197953236,1.3282536317748281,0.17500000000000426,117.38214956788738,41
40,4,"[1,14,27,40]",0.35,2.1,0.0,even_idm_leader_d02,0.2,acc,8.0,1.5,0,5.0,closed symmetric acceleration-command pulse,0.1,4,"[1,14,27,40]",120.0,jerk_saturation,5.0,-21.0,0,idm,[],60.0,0.2,even,221.9033835011591,-2.309524902949555,0.18491948625096594,4.5,gap_lower,49.7,1.3154762451474777,31,5.000000000000004,gap_lower,-0.49097624514747784,49.2,31,6.349206349206349,4.627893671397182,0.7,0.0,4cb92b9468002944,0.0,79,controller_comparison,0.0,24.0,20.0,4.5,84.27861674160113,20.0,8876.135340046365,41
40,0,[],0.35,1.0,1.0,even_idm_leader_d02,0.2,human,8.0,1.5,0,5.0,closed symmetric acceleration-command pulse,0.1,0,[],1.0,jerk_saturation,5.0,-10.0,0,idm,[],60.0,0.2,even,3.2261135864475046,22.25949510249943,0.0026884279887062538,1.0020519392468297,jerk,7.9,0.29557514566968024,1,5.0,acceleration_upper,0.7299356945474136,9.1,1,0.8336102780694693,0.00034934022815491517,0.7,1.0,4ce2e5324da32c85,1.0,11,controller_comparison,1.0,24.0,20.0,0.09465748558088176,0.7818137673151853,0.4407006264313864,129.04454345790018,41
40,4,"[1,14,27,40]",0.35,1.5,1.0,even_idm_leader_d02,0.2,margin,8.0,1.5,0,5.0,closed symmetric acceleration-command pulse,0.1,4,"[1,14,27,40]",1.0,jerk_saturation,5.0,-15.0,0,idm,[],60.0,0.2,even,4.81549871280808,20.903158065760977,0.004012915594006733,1.5,jerk,6.2,0.18004402927351704,1,5.0,gap_lower,0.7739406906150658,6.7,1,0.3429784202863099,0.0,0.7,1.0,4cf4886f8e67a27d,1.0,11,controller_comparison;layout_comparison,1.0,24.0,20.0,0.11906423774503216,2.140000000000782,0.4281270915900457,192.6199485123232,41
40,4,"[1,14,27,40]",0.35,2.1,1.0,even_idm_leader_d02,0.2,predictive,8.0,1.5,0,5.0,closed symmetric acceleration-command pulse,0.1,4,"[1,14,27,40]",1.0,jerk_saturation,5.0,-21.0,0,idm,[],60.0,0.2,even,4.335478815460074,18.931757248300926,0.003612899012883395,2.1,gap_lower,8.5,0.25341213758495373,1,5.0,gap_lower,0.6797430717799526,6.9,1,0.2539482849633405,0.0,0.7,1.0,4d449dfa1ab780f6,1.0,113,controller_comparison,1.0,24.0,20.0,0.07110340171330527,1.762541862492526,0.28794222791434265,173.41915261840296,41
40,4,"[1,14,27,40]",0.35,1.9,1.0,even_idm_leader_d02,0.2,margin,8.0,1.5,0,5.0,closed symmetric acceleration-command pulse,0.1,4,"[1,14,27,40]",1.0,jerk_saturation,5.0,-18.999999999999996,0,idm,[],60.0,0.2,even,5.492068691519551,19.858526954864345,0.004576723909599626,1.9,jerk,6.0,0.2157434402332361,1,5.0,gap_lower,0.7185493977653218,6.7,1,0.3157433198713496,0.0,0.7,1.0,4d65f6229f0a6139,1.0,61,controller_comparison;layout_comparison,1.0,24.0,20.0,0.13371869924522473,1.9355328596958543,0.3817373553864414,219.68274766078204,41
80,8,"[1,12,24,35,46,57,69,80]",0.35,1.8,1.0,even_idm_leader_N80,0.2,predictive,8.0,1.5,0,5.0,closed symmetric acceleration-command pulse,0.1,8,"[1,12,24,35,46,57,69,80]",1.0,jerk_saturation,5.0,-18.0,0,idm,[],60.0,0.2,even,1.4811607181374322,19.848370192974244,0.00123430059844786,1.8,gap_lower,8.200000000000001,0.2075814903512878,1,5.0,gap_lower,0.7253314111035014,6.800000000000001,1,0.2407364782618002,0.0,0.7,1.0,4d9742e70827eed3,1.0,149,chain_length_scope,1.0,24.0,20.0,0.21679742284252312,1.3838218115627114,0.17500000000000426,118.49285745099458,81
40,4,"[1,14,27,40]",0.35,1.5,1.0,even_idm_leader_d02,0.2,predictive,8.0,1.5,0,5.0,closed symmetric acceleration-command pulse,0.1,4,"[1,14,27,40]",1.0,jerk_saturation,5.0,-15.0,0,idm,[],60.0,0.2,even,2.488948009471919,20.59906245446058,0.0020741233412265993,1.5,gap_lower,8.1,0.17004687727697104,1,5.0,gap_lower,0.7612126343801773,6.7,1,0.2327965658365056,0.0,0.7,1.0,4d9be2a860d48f0a,1.0,149,controller_comparison,1.0,24.0,20.0,0.0048212979291241045,1.107567540170237,0.14999999999999858,99.55792037887676,41
40,4,"[1,2,3,4]",0.35,1.5,1.0,front_idm_leader_d02,0.2,margin,8.0,1.5,0,5.0,closed symmetric acceleration-command pulse,0.1,4,"[1,2,3,4]",1.0,jerk_saturation,5.0,-15.0,0,idm,[],60.0,0.2,front,6.474298150791071,20.903158065760977,0.005395248458992559,1.5,jerk,6.2,0.18004402927351704,1,5.0,gap_lower,0.7739406906150658,6.7,1,0.34133460735243504,3.216017213326773e-06,0.7,1.0,4da15ecef4683457,1.0,11,layout_comparison,1.0,24.0,20.0,0.07281256162078825,2.44602564126194,0.4080169815575765,258.97192603164285,41
40,4,"[1,14,27,40]",0.35,1.9,1.0,even_idm_leader_d02,0.2,margin,8.0,1.5,0,5.0,closed symmetric acceleration-command pulse,0.1,4,"[1,14,27,40]",1.0,jerk_saturation,5.0,-18.999999999999996,0,idm,[],60.0,0.2,even,5.656762701338721,19.858526954864345,0.0047139689177822675,1.9,jerk,6.0,0.2157434402332361,1,5.0,gap_lower,0.7185493977653218,6.7,1,0.3165595798991044,0.0,0.7,1.0,4dc994aa10200739,1.0,79,controller_comparison;layout_comparison,1.0,24.0,20.0,0.21679742284252312,1.9669949044762234,0.4372583994796564,226.27050805354884,41
40,4,"[1,14,27,40]",0.35,1.7,1.0,even_idm_leader_d02,0.2,predictive,8.0,1.5,0,5.0,closed symmetric acceleration-command pulse,0.1,4,"[1,14,27,40]",1.0,jerk_saturation,5.0,-17.0,0,idm,[],60.0,0.2,even,2.932955020304835,20.126428094831113,0.0024441291835873625,1.7,gap_lower,8.1,0.19367859525844439,1,5.0,gap_lower,0.7405207352121215,6.7,1,0.24508576040922214,0.0,0.7,1.0,4e143659b6eb2279,1.0,97,controller_comparison,1.0,24.0,20.0,0.20351639197953236,1.3188922921430617,0.17500000000000426,117.3182008121934,41
40,4,"[37,38,39,40]",0.35,2.1,0.0,rear_idm_leader_d02,0.2,margin,8.0,1.5,0,5.0,closed symmetric acceleration-command pulse,0.1,4,"[37,38,39,40]",120.0,jerk_saturation,5.0,-21.0,0,idm,[],60.0,0.2,rear,234.86483966656183,-51.639750465768444,0.19572069972213485,4.5,gap_lower,60.0,3.7819875232884224,37,5.000000000000004,gap_lower,-3.295512636237457,59.900000000000006,37,6.349206349206349,0.1389126031037245,0.7,0.0,4e4396c3e708ff8f,0.0,191,layout_comparison;prediction_scope,0.0,24.0,20.0,4.5,93.22446275896812,20.0,9394.593586662473,41
40,4,"[1,14,27,40]",0.35,0.0,1.0,even_idm_leader_d02,0.2,acc,8.0,1.5,0,5.0,closed symmetric acceleration-command pulse,0.1,4,"[1,14,27,40]",0.0,jerk,0.1,3.033043242170331e-16,32,idm,[],60.0,0.2,even,0.0,24.0,0.0,1.4158437991504552e-16,jerk,0.1,3.033043242170331e-16,32,1.5165216210851655e-15,acceleration_upper,0.9999999999999999,0.0,2,0.0,0.0,0.7,1.0,4e50eb52e7168aef,1.0,131,controller_comparison,1.0,24.0,20.0,1.5165216210851655e-16,0.0,0.0,0.0,41
40,0,[],0.35,1.8,0.0,even_idm_leader_d02,0.2,human,8.0,1.5,0,5.0,closed symmetric acceleration-command pulse,0.1,0,[],103.0,jerk_saturation,5.0,-18.0,0,idm,[],60.0,0.2,even,157.30454456932952,-2.310812266494011,0.13108712047444127,4.5,gap_lower,48.300000000000004,1.3155406133247005,29,5.000000000000004,gap_lower,-0.4910406133247006,47.800000000000004,29,7.4074074074074066,3.3986606712073675,0.7,0.0,4e5164a989df5864,0.0,191,controller_comparison,0.0,24.0,20.0,4.5,94.1261887984079,20.0,6292.181782773181,41
40,4,"[1,14,27,40]",0.35,1.9,0.0,even_idm_leader_d02,0.2,acc,8.0,1.5,0,5.0,closed symmetric acceleration-command pulse,0.1,4,"[1,14,27,40]",106.0,jerk_saturation,5.0,-18.999999999999996,0,idm,[],60.0,0.2,even,171.819359678071,-2.3869070333204547,0.14318279973172585,4.5,gap_lower,40.1,1.3193453516660227,23,5.000000000000004,gap_lower,-0.494845351666023,39.6,23,7.017543859649123,4.222796801189983,0.7,0.0,4f063a3b1feac10d,0.0,167,controller_comparison,0.0,24.0,20.0,4.5,95.99564039795132,20.0,6872.77438712284,41
40,4,"[1,14,27,40]",0.35,0.25,1.0,even_ovm_leader_d02,0.2,margin,8.0,1.5,0,5.0,closed symmetric acceleration-command pulse,0.1,4,"[1,14,27,40]",0.0,gap_lower,12.9,0.028125,1,ovm,[],60.0,0.2,even,0.0,23.4375,0.0,0.25,gap_lower,12.9,0.028125,1,5.0,gap_lower,0.9535000000000021,6.7,1,0.0,0.0,0.7,1.0,4f810ff0bf4e6919,1.0,113,prediction_scope,1.0,24.0,20.0,3.4545372612957096e-16,0.5625,0.0,0.0,41
40,4,"[1,14,27,40]",0.35,1.0,1.0,even_idm_leader_d02,0.2,margin,8.0,1.5,0,5.0,closed symmetric acceleration-command pulse,0.1,4,"[1,14,27,40]",1.0,jerk_saturation,5.0,-10.0,0,idm,[],60.0,0.2,even,3.654898440520899,22.041091224490145,0.0030457487004340827,1.0,jerk,7.7,0.15796767347454377,1,5.0,gap_lower,0.8475557889641916,6.7,1,0.4069772962709095,0.0,0.7,1.0,4f8224cf246e8cfb,1.0,149,controller_comparison;layout_comparison;prediction_scope,1.0,24.0,20.0,0.10587698407083891,2.2251998066082024,0.3499999999996781,146.19593762083596,41
40,4,"[1,14,27,40]",0.35,1.0,1.0,even_idm_leader_d02,0.2,acc,8.0,1.5,0,5.0,closed symmetric acceleration-command pulse,0.1,4,"[1,14,27,40]",1.0,jerk_saturation,5.0,-10.0,0,idm,[],60.0,0.2,even,2.6622550481609166,22.210256936893416,0.0022185458734674305,1.0,acceleration_upper,9.1,0.4260524990731095,1,5.0,acceleration_upper,0.5444537387124273,8.5,1,0.8778495915594012,0.0005243634956073606,0.7,1.0,4f951a3349db725c,1.0,131,controller_comparison,1.0,24.0,20.0,0.0718884519049317,0.6126246240858677,0.31709583640690653,106.49020192643667,41
40,4,"[37,38,39,40]",0.35,1.5,0.0,rear_idm_leader_d02,0.2,margin,8.0,1.5,0,5.0,closed symmetric acceleration-command pulse,0.1,4,"[37,38,39,40]",82.0,jerk_saturation,5.0,-15.0,0,idm,[],60.0,0.2,rear,115.2566337662884,-42.02171542813658,0.09604719480524034,4.5,gap_lower,60.0,3.3010857714068296,37,5.000000000000004,gap_lower,-2.8845017855964294,59.900000000000006,37,8.88888888888889,0.08429365591760056,0.7,0.0,502a02804b5f5703,0.0,61,layout_comparison,0.0,24.0,20.0,4.5,130.07470756417013,20.0,4610.265350651536,41
40,4,"[1,2,3,4]",0.35,0.0,1.0,front_idm_leader_d02,0.2,margin,8.0,1.5,0,5.0,closed symmetric acceleration-command pulse,0.1,4,"[1,2,3,4]",0.0,jerk,0.1,3.0868044401493493e-16,5,idm,[],60.0,0.2,front,0.0,24.0,0.0,1.4904585104524214e-16,jerk,0.1,3.0868044401493493e-16,5,1.5434022200746747e-15,acceleration_upper,0.9999999999999999,0.0,5,0.0,0.0,0.7,1.0,5050eccf4ba84769,1.0,167,layout_comparison;prediction_scope,1.0,24.0,20.0,1.543402220074675e-16,0.0,0.0,0.0,41
40,4,"[1,14,27,40]",0.35,1.8,1.0,even_idm_leader_d02,0.2,predictive,8.0,1.5,0,5.0,closed symmetric acceleration-command pulse,0.1,4,"[1,14,27,40]",1.0,jerk_saturation,5.0,-18.0,0,idm,[],60.0,0.2,even,3.1188016710287174,19.848370192974244,0.002599001392523931,1.8,gap_lower,8.200000000000001,0.2075814903512878,1,5.0,gap_lower,0.7253314111035014,6.800000000000001,1,0.25517215966189344,0.0,0.7,1.0,505ead425b1b916c,1.0,149,controller_comparison,1.0,24.0,20.0,0.20351639197953236,1.3087527883525354,0.17500000000000426,124.75206684114869,41
40,4,"[1,14,27,40]",0.35,1.7,1.0,even_idm_internal8_d02,0.2,margin,8.0,1.5,8,5.0,closed symmetric acceleration-command pulse,0.1,4,"[1,14,27,40]",2.0,jerk_saturation,5.0,-17.0,8,idm,[],60.0,0.2,even,4.612294138470238,18.936767559836248,0.0038435784487251988,1.800286002225748,jerk,5.1000000000000005,1.0,8,5.0,acceleration_upper,0.0,6.5,8,0.899398072528087,0.15664318738574917,0.7,1.0,50724e37708298b4,1.0,167,prediction_scope,1.0,24.0,20.0,0.2488521333507932,2.575439299014988,0.39944012783366034,184.49176553880955,41
80,8,"[1,12,24,35,46,57,69,80]",0.35,0.0,1.0,even_idm_leader_N80,0.2,wave,8.0,1.5,0,5.0,closed symmetric acceleration-command pulse,0.1,8,"[1,12,24,35,46,57,69,80]",0.0,jerk,0.1,8.575465207127734e-16,58,idm,[],60.0,0.2,even,0.0,24.0,0.0,1.5461993588679941e-16,jerk,0.1,8.575465207127734e-16,58,4.287732603563867e-15,acceleration_upper,0.9999999999999998,0.0,58,0.0,0.0,0.7,1.0,50abb181fc7d845a,1.0,167,chain_length_scope,1.0,24.0,20.0,4.287732603563867e-16,0.0,0.0,0.0,81
40,4,"[37,38,39,40]",0.35,0.25,1.0,rear_idm_leader_d02,0.2,margin,8.0,1.5,0,5.0,closed symmetric acceleration-command pulse,0.1,4,"[37,38,39,40]",0.0,acceleration_upper,9.0,0.07909669231471793,1,idm,[],60.0,0.2,rear,0.38127584462852776,23.59351938861883,0.0003177298705237731,0.25,acceleration_upper,9.0,0.07909669231471793,1,5.0,acceleration_upper,0.923109172751686,8.9,1,0.716697190199748,0.0,0.7,1.0,50e3f493b462207a,1.0,61,layout_comparison,1.0,24.0,20.0,0.005264015587706277,0.05230839488910988,0.02882491452556124,15.25103378514111,41
40,4,"[1,14,27,40]",0.35,2.1,0.0,even_idm_leader_d02,0.2,acc,8.0,1.5,0,5.0,closed symmetric acceleration-command pulse,0.1,4,"[1,14,27,40]",121.0,jerk_saturation,5.0,-21.0,0,idm,[],60.0,0.2,even,223.64274399180385,-2.432548278809925,0.18636895332650322,4.5,gap_lower,53.400000000000006,1.3216274139404962,34,5.000000000000004,gap_lower,-0.4971274139404963,52.900000000000006,34,6.349206349206349,4.691522969573677,0.7,0.0,5107c64895f6930b,0.0,61,controller_comparison,0.0,24.0,20.0,4.5,85.54230797085148,20.0,8945.709759672154,41
40,4,"[19,20,21,22]",0.35,0.0,1.0,middle_idm_leader_d02,0.2,margin,8.0,1.5,0,5.0,closed symmetric acceleration-command pulse,0.1,4,"[19,20,21,22]",0.0,jerk,0.1,3.0946089165499e-16,17,idm,[],60.0,0.2,middle,0.0,24.0,0.0,1.54730445827495e-16,jerk,0.1,3.0946089165499e-16,17,1.5473044582749498e-15,acceleration_upper,0.9999999999999999,0.0,8,0.0,0.0,0.7,1.0,5127e4f5ecc2b3e1,1.0,191,layout_comparison;prediction_scope,1.0,24.0,20.0,1.54730445827495e-16,0.0,0.0,0.0,41
40,4,"[1,2,3,4]",0.35,2.5,1.0,front_idm_leader_d02,0.2,margin,8.0,1.5,0,5.0,closed symmetric acceleration-command pulse,0.1,4,"[1,2,3,4]",1.0,jerk_saturation,5.0,-25.0,0,idm,[],60.0,0.2,front,8.355999427114478,17.940824239627887,0.0069633328559287316,2.5,gap_lower,8.6,0.30295878801860565,1,5.0,gap_lower,0.6284722142964542,7.1000000000000005,1,0.3329445331574059,2.0273050769977394e-06,0.7,1.0,5136d94fb5c0d7fe,1.0,131,layout_comparison;prediction_scope,1.0,24.0,20.0,0.20351639197953236,2.983819241997253,0.5567493245194335,334.2399770845791,41
40,4,"[1,2,3,4]",0.35,0.25,1.0,front_idm_leader_d02,0.2,margin,8.0,1.5,0,5.0,closed symmetric acceleration-command pulse,0.1,4,"[1,2,3,4]",0.0,gap_lower,12.9,0.028125,1,idm,[],60.0,0.2,front,0.0,23.4375,0.0,0.25,gap_lower,12.9,0.028125,1,5.0,gap_lower,0.9535000000000021,6.7,1,0.0,0.0,0.7,1.0,514f2d465dde025c,1.0,191,layout_comparison;prediction_scope,1.0,24.0,20.0,1.54730445827495e-16,0.5625,0.0,0.0,41
40,4,"[1,14,27,40]",0.35,1.7,1.0,even_idm_leader_d02,0.2,predictive,8.0,1.5,0,5.0,closed symmetric acceleration-command pulse,0.1,4,"[1,14,27,40]",1.0,jerk_saturation,5.0,-17.0,0,idm,[],60.0,0.2,even,3.1733041190587215,20.126428094831113,0.002644420099215601,1.7,gap_lower,8.1,0.19367859525844439,1,5.0,gap_lower,0.7405207352121215,6.7,1,0.2478169670008547,0.0,0.7,1.0,518b3ca03bb4f9b1,1.0,11,controller_comparison,1.0,24.0,20.0,0.11061093002169545,1.3306924790794028,0.1983930435286112,126.93216476234886,41
40,4,"[1,2,3,4]",0.35,1.8,1.0,front_idm_leader_d02,0.2,margin,8.0,1.5,0,5.0,closed symmetric acceleration-command pulse,0.1,4,"[1,2,3,4]",1.0,jerk_saturation,5.0,-18.0,0,idm,[],60.0,0.2,front,7.078307185238086,20.118271619165995,0.005898589321031738,1.8,jerk,6.1000000000000005,0.1949187838400666,1,5.0,gap_lower,0.7314541031193812,6.7,1,0.3239786377755459,3.736684082814126e-06,0.7,1.0,51a1f3fd05e926d9,1.0,113,layout_comparison;prediction_scope,1.0,24.0,20.0,0.20351639197953236,2.972280225506438,0.4298613538608116,283.1322874095234,41
80,8,"[1,12,24,35,46,57,69,80]",0.35,0.25,1.0,even_idm_leader_N80,0.2,predictive,8.0,1.5,0,5.0,closed symmetric acceleration-command pulse,0.1,8,"[1,12,24,35,46,57,69,80]",0.0,gap_lower,12.9,0.028125,1,idm,[],60.0,0.2,even,0.0,23.4375,0.0,0.25,gap_lower,12.9,0.028125,1,5.0,gap_lower,0.9535000000000021,6.7,1,0.0,0.0,0.7,1.0,51b6744a53f89414,1.0,191,chain_length_scope,1.0,24.0,20.0,1.5434071286298848e-16,0.5625,0.0,0.0,81
40,4,"[1,14,27,40]",0.35,1.7,1.0,even_idm_leader_d02,0.2,margin,8.0,1.5,0,5.0,closed symmetric acceleration-command pulse,0.1,4,"[1,14,27,40]",1.0,jerk_saturation,5.0,-17.0,0,idm,[],60.0,0.2,even,5.339194794949075,20.398261426893157,0.004449328995790895,1.7,jerk,6.1000000000000005,0.1949187838400666,1,5.0,gap_lower,0.7461541031193801,6.7,1,0.32347790797516185,0.0,0.7,1.0,51beed59b880fa14,1.0,113,controller_comparison;layout_comparison;prediction_scope,1.0,24.0,20.0,0.11891802595101504,2.854250000015554,0.42499999999999005,213.56779179796297,41
20,2,"[1,20]",0.35,2.5,0.0,even_idm_leader_N20,0.2,wave,8.0,1.5,0,5.0,closed symmetric acceleration-command pulse,0.1,2,"[1,20]",45.0,jerk_saturation,5.0,-25.0,0,idm,[],60.0,0.2,even,195.01082833167544,-33.14031211762709,0.16250902360972955,4.5,gap_lower,50.900000000000006,2.8570156058813545,20,5.000000000000004,gap_lower,-2.0211311860539904,49.800000000000004,20,5.333333333333333,5.225569411691023,0.7,0.0,51cf5cf800a0ee63,0.0,113,chain_length_scope,0.0,24.0,20.0,1.2790108109392522,161.1568133681069,14.435877845350019,3900.216566633509,21
40,4,"[37,38,39,40]",0.35,1.7,0.0,rear_idm_leader_d02,0.2,margin,8.0,1.5,0,5.0,closed symmetric acceleration-command pulse,0.1,4,"[37,38,39,40]",98.0,jerk_saturation,5.0,-17.0,0,idm,[],60.0,0.2,rear,165.1749287507779,-49.00200930614732,0.1376457739589816,4.5,gap_lower,60.0,3.6501004653073665,37,5.000000000000004,gap_lower,-3.1857488177258046,59.900000000000006,37,7.843137254901961,0.14223724556366893,0.7,0.0,51d3de48fcb5fecb,0.0,3,layout_comparison,0.0,24.0,20.0,4.5,121.70768620701665,20.0,6606.997150031116,41
40,4,"[1,14,27,40]",0.35,0.25,1.0,even_idm_leader_d02,0.2,wave,8.0,1.5,0,5.0,closed symmetric acceleration-command pulse,0.1,4,"[1,14,27,40]",0.0,acceleration_upper,8.700000000000001,0.12363052410794312,1,idm,[],60.0,0.2,even,0.3548525620015671,23.63545048406307,0.00029571046833463927,0.25,acceleration_upper,8.700000000000001,0.12363052410794312,1,5.0,acceleration_upper,0.8602823717271342,8.200000000000001,1,0.7078878072353424,0.0003074984204261,0.7,1.0,520590691669008e,1.0,149,controller_comparison,1.0,24.0,20.0,0.0026844984136882404,0.044355329722009174,0.015794632606272785,14.194102480062686,41
20,2,"[1,20]",0.35,0.0,1.0,even_idm_leader_N20,0.2,margin,8.0,1.5,0,5.0,closed symmetric acceleration-command pulse,0.1,2,"[1,20]",0.0,jerk,0.1,6.155158669185302e-16,16,idm,[],60.0,0.2,even,0.0,24.0,0.0,3.077579334592651e-16,jerk,0.1,6.155158669185302e-16,16,3.0775793345926507e-15,acceleration_upper,0.9999999999999999,0.0,7,0.0,0.0,0.7,1.0,523990e2095b5b30,1.0,149,chain_length_scope,1.0,24.0,20.0,3.077579334592651e-16,0.0,0.0,0.0,21
20,2,"[1,20]",0.35,2.0,1.0,even_idm_leader_N20,0.2,margin,8.0,1.5,0,5.0,closed symmetric acceleration-command pulse,0.1,2,"[1,20]",1.0,jerk_saturation,5.0,-20.0,0,idm,[],60.0,0.2,even,8.502436110018323,19.56003271057392,0.007085363425015269,2.0,gap_lower,8.1,0.22199836447130394,1,5.0,gap_lower,0.7028209984038035,6.800000000000001,1,0.319586555266041,0.15833333333332197,0.7,1.0,524f2c600f559c28,1.0,149,chain_length_scope,1.0,24.0,20.0,0.018372273306893977,2.3075000000003456,0.1754877548813738,170.04872220036646,21
40,4,"[1,14,27,40]",0.35,0.25,1.0,even_idm_leader_d02,0.2,acc,8.0,1.5,0,5.0,closed symmetric acceleration-command pulse,0.1,4,"[1,14,27,40]",0.0,acceleration_upper,8.9,0.11045353428495491,1,idm,[],60.0,0.2,even,0.40807163360463383,23.586222217117708,0.00034005969467052816,0.25,acceleration_upper,8.9,0.11045353428495491,1,5.0,acceleration_upper,0.8798395296158674,8.3,1,0.8070695198907742,0.0005575343423724158,0.7,1.0,526a7370a8f8a97b,1.0,97,controller_comparison,1.0,24.0,20.0,0.012510810202330603,0.08720596567721373,0.04666394568963739,16.322865344185352,41
20,2,"[1,20]",0.35,1.8,1.0,even_idm_leader_N20,0.2,margin,8.0,1.5,0,5.0,closed symmetric acceleration-command pulse,0.1,2,"[1,20]",1.0,jerk_saturation,5.0,-18.0,0,idm,[],60.0,0.2,even,7.775727132434369,20.118271619165995,0.0064797726103619745,1.8,jerk,6.1000000000000005,0.1949187838400666,1,5.0,gap_lower,0.7314541031193812,6.7,1,0.3270516997673746,0.16666666666665192,0.7,1.0,52c30c7e81b9403e,1.0,149,chain_length_scope,1.0,24.0,20.0,0.021921566966120496,1.599499999999125,0.15095599956748984,155.51454264868738,21
40,4,"[1,14,27,40]",0.35,2.5,0.0,even_idm_leader_d02,0.2,wave,8.0,1.5,0,5.0,closed symmetric acceleration-command pulse,0.1,4,"[1,14,27,40]",116.0,jerk_saturation,5.0,-25.0,0,idm,[],60.0,0.2,even,205.40031172357095,-33.24375000631015,0.17116692643630912,4.5,gap_lower,60.0,2.8621875003155077,27,5.000000000000004,gap_lower,-2.0417269709529777,59.900000000000006,27,5.333333333333333,3.301662074459237,0.7,0.0,5302f311a794f9ae,0.0,47,controller_comparison,0.0,24.0,20.0,4.5,76.24233119299106,20.0,8216.012468942838,41
40,4,"[1,14,27,40]",0.35,2.5,0.0,even_idm_leader_d02,0.2,wave,8.0,1.5,0,5.0,closed symmetric acceleration-command pulse,0.1,4,"[1,14,27,40]",116.0,jerk_saturation,5.0,-25.0,0,idm,[],60.0,0.2,even,209.44102060731524,-33.26195727534457,0.17453418383942937,4.5,gap_lower,60.0,2.8630978637672286,27,5.000000000000004,gap_lower,-2.042516569141517,59.900000000000006,27,5.333333333333333,3.5591515181956765,0.7,0.0,53636026bd40d8b5,0.0,11,controller_comparison,0.0,24.0,20.0,4.5,75.64123201195457,20.0,8377.64082429261,41
80,8,"[1,12,24,35,46,57,69,80]",0.35,0.0,1.0,even_idm_leader_N80,0.2,predictive,8.0,1.5,0,5.0,closed symmetric acceleration-command pulse,0.1,8,"[1,12,24,35,46,57,69,80]",0.0,jerk,0.1,3.099938097015429e-16,27,idm,[],60.0,0.2,even,0.0,24.0,0.0,1.5499690485077145e-16,jerk,0.1,3.099938097015429e-16,27,1.5499690485077144e-15,acceleration_upper,0.9999999999999999,0.0,6,0.0,0.0,0.7,1.0,536f077eba00e333,1.0,131,chain_length_scope,1.0,24.0,20.0,1.5499690485077145e-16,0.0,0.0,0.0,81
80,8,"[1,12,24,35,46,57,69,80]",0.35,0.0,1.0,even_idm_leader_N80,0.2,margin,8.0,1.5,0,5.0,closed symmetric acceleration-command pulse,0.1,8,"[1,12,24,35,46,57,69,80]",0.0,jerk,0.1,3.0868142572597697e-16,65,idm,[],60.0,0.2,even,0.0,24.0,0.0,1.5434071286298848e-16,jerk,0.1,3.0868142572597697e-16,65,1.5434071286298848e-15,acceleration_upper,0.9999999999999999,0.0,3,0.0,0.0,0.7,1.0,5370d2780d24cd24,1.0,191,chain_length_scope,1.0,24.0,20.0,1.5434071286298848e-16,0.0,0.0,0.0,81
40,4,"[1,14,27,40]",0.35,2.5,1.0,even_idm_leader_d02,0.2,predictive,8.0,1.5,0,5.0,closed symmetric acceleration-command pulse,0.1,4,"[1,14,27,40]",1.0,jerk_saturation,5.0,-25.0,0,idm,[],60.0,0.2,even,5.2615779311214315,17.44987155700528,0.004384648275934526,2.5,gap_lower,8.8,0.32750642214973597,1,5.0,gap_lower,0.616796615564511,7.0,1,0.2835809506331818,0.0,0.7,1.0,53b431941e8c3237,1.0,149,controller_comparison,1.0,24.0,20.0,0.06867995752223927,2.016892502640758,0.3279583076221897,210.46311724485724,41
80,8,"[1,12,24,35,46,57,69,80]",0.35,1.5,1.0,even_idm_leader_N80,0.2,wave,8.0,1.5,0,5.0,closed symmetric acceleration-command pulse,0.1,8,"[1,12,24,35,46,57,69,80]",1.0,jerk_saturation,5.0,-15.0,0,idm,[],60.0,0.2,even,1.985396431273952,21.546420964520223,0.0016544970260616268,1.5,acceleration_upper,9.0,0.6910652464529088,1,5.0,acceleration_upper,0.2408760651583718,8.4,1,0.7855481259587296,0.0,0.7,1.0,53d5581564e047a4,1.0,191,chain_length_scope,1.0,24.0,20.0,0.09140467807061003,0.7716629448155459,0.4036545222339747,158.83171450191617,81
20,2,"[1,20]",0.35,2.5,1.0,even_idm_leader_N20,0.2,predictive,8.0,1.5,0,5.0,closed symmetric acceleration-command pulse,0.1,2,"[1,20]",1.0,jerk_saturation,5.0,-25.0,0,idm,[],60.0,0.2,even,9.304948223803718,17.44987155700528,0.0077541235198364325,2.5,gap_lower,8.8,0.32750642214973597,1,5.0,gap_lower,0.616796615564511,7.0,1,0.26867806690353574,0.09333333333333181,0.7,1.0,53de7ebd430ebe92,1.0,149,chain_length_scope,1.0,24.0,20.0,0.21679742284252312,1.503041826558956,0.3499999999999943,186.09896447607437,21
20,2,"[1,20]",0.35,2.2,1.0,even_idm_leader_N20,0.2,margin,8.0,1.5,0,5.0,closed symmetric acceleration-command pulse,0.1,2,"[1,20]",1.0,jerk_saturation,5.0,-22.0,0,idm,[],60.0,0.2,even,9.449706918826113,18.90519299544539,0.007874755765688427,2.2,gap_lower,8.4,0.2547403502277305,1,5.0,gap_lower,0.672686427431288,6.9,1,0.3217427128372412,0.1515151515151418,0.7,1.0,5401e1677d07bb7a,1.0,149,chain_length_scope,1.0,24.0,20.0,0.020767140948718694,2.136500000000069,0.2003483963438093,188.99413837652224,21
40,4,"[1,14,27,40]",0.35,1.5,1.0,even_idm_leader_cmd0,0.0,margin,8.0,1.5,0,5.0,closed symmetric acceleration-command pulse,0.1,4,"[1,14,27,40]",1.0,jerk_saturation,5.0,-15.0,0,idm,[],60.0,0.2,even,4.521299447751898,21.017591806340647,0.003767749539793248,1.5,jerk,6.0,0.18004402927351704,1,5.0,gap_lower,0.7820105564362583,6.7,1,0.31110560405746274,0.0,0.7,1.0,541875d56da0717e,1.0,167,prediction_scope,1.0,24.0,20.0,0.15889212828658245,2.3037499999927604,0.30017350333032766,180.8519779100759,41
20,2,"[1,20]",0.35,1.5,1.0,even_idm_leader_N20,0.2,predictive,8.0,1.5,0,5.0,closed symmetric acceleration-command pulse,0.1,2,"[1,20]",1.0,jerk_saturation,5.0,-15.0,0,idm,[],60.0,0.2,even,4.588512104702781,20.59906245446058,0.0038237600872523176,1.5,gap_lower,8.1,0.17004687727697104,1,5.0,gap_lower,0.7612126343801773,6.7,1,0.2222220090665543,0.06666666666666604,0.7,1.0,541a30163ec30f38,1.0,97,chain_length_scope,1.0,24.0,20.0,0.010180806542022561,1.2302358128182505,0.14999999999999858,91.77024209405562,21
40,4,"[1,14,27,40]",0.35,0.0,1.0,even_idm_leader_d02,0.2,predictive,8.0,1.5,0,5.0,closed symmetric acceleration-command pulse,0.1,4,"[1,14,27,40]",0.0,jerk,0.1,3.0946089165499e-16,17,idm,[],60.0,0.2,even,0.0,24.0,0.0,1.54730445827495e-16,jerk,0.1,3.0946089165499e-16,17,1.5473044582749498e-15,acceleration_upper,0.9999999999999999,0.0,8,0.0,0.0,0.7,1.0,542422fe2b803f2d,1.0,191,controller_comparison,1.0,24.0,20.0,1.54730445827495e-16,0.0,0.0,0.0,41
40,4,"[37,38,39,40]",0.35,2.1,0.0,rear_idm_leader_d02,0.2,margin,8.0,1.5,0,5.0,closed symmetric acceleration-command pulse,0.1,4,"[37,38,39,40]",123.0,jerk_saturation,5.0,-21.0,0,idm,[],60.0,0.2,rear,248.76498977456475,-54.51969031601724,0.20730415814547062,4.5,gap_lower,60.0,3.9259845158008617,37,5.000000000000004,gap_lower,-3.4182206916082505,59.900000000000006,37,6.349206349206349,0.17064109363961585,0.7,0.0,542c9ba4e82a8222,0.0,167,layout_comparison;prediction_scope,0.0,24.0,20.0,4.5,94.18330156736192,20.0,9950.59959098259,41
20,2,"[1,20]",0.35,2.0,0.0,even_idm_leader_N20,0.2,wave,8.0,1.5,0,5.0,closed symmetric acceleration-command pulse,0.1,2,"[1,20]",19.0,jerk_saturation,5.0,-20.0,0,idm,[],60.0,0.2,even,52.355380279778615,-13.577352335348792,0.04362948356648218,4.5,gap_lower,40.7,1.8788676167674396,20,5.000000000000004,gap_lower,-0.8830047712398693,39.900000000000006,20,6.666666666666667,5.493785178185127,0.7,0.0,5430673de9ce5d51,0.0,113,chain_length_scope,0.0,24.0,20.0,0.8117778078751542,90.62098526796342,5.300647208628373,1047.1076055955723,21
40,4,"[1,14,27,40]",0.35,0.0,1.0,even_idm_leader_d02,0.2,margin,8.0,1.5,0,5.0,closed symmetric acceleration-command pulse,0.1,4,"[1,14,27,40]",0.0,jerk,0.1,3.033043242170331e-16,32,idm,[],60.0,0.2,even,0.0,24.0,0.0,1.4158437991504552e-16,jerk,0.1,3.033043242170331e-16,32,1.5165216210851655e-15,acceleration_upper,0.9999999999999999,0.0,2,0.0,0.0,0.7,1.0,54716c427ca4d087,1.0,131,controller_comparison;layout_comparison;prediction_scope,1.0,24.0,20.0,1.5165216210851655e-16,0.0,0.0,0.0,41
20,2,"[1,20]",0.35,0.25,1.0,even_idm_leader_N20,0.2,predictive,8.0,1.5,0,5.0,closed symmetric acceleration-command pulse,0.1,2,"[1,20]",0.0,gap_lower,12.9,0.028125,1,idm,[],60.0,0.2,even,0.0,23.4375,0.0,0.25,gap_lower,12.9,0.028125,1,5.0,gap_lower,0.9535000000000021,6.7,1,0.0,0.0,0.7,1.0,5482e73f58b4acf5,1.0,113,chain_length_scope,1.0,24.0,20.0,1.519317481612589e-16,0.5625,0.0,0.0,21
40,4,"[1,14,27,40]",0.35,0.0,1.0,even_idm_leader_d02,0.2,acc,8.0,1.5,0,5.0,closed symmetric acceleration-command pulse,0.1,4,"[1,14,27,40]",0.0,jerk,0.1,8.431356589244537e-16,34,idm,[],60.0,0.2,even,0.0,24.0,0.0,1.4937857699229206e-16,jerk,0.1,8.431356589244537e-16,34,4.215678294622268e-15,acceleration_upper,0.9999999999999998,0.0,34,0.0,0.0,0.7,1.0,5492614dc864ee7d,1.0,11,controller_comparison,1.0,24.0,20.0,4.215678294622269e-16,0.0,0.0,0.0,41
40,4,"[1,14,27,40]",0.35,0.0,1.0,even_idm_leader_cmd0,0.0,margin,8.0,1.5,0,5.0,closed symmetric acceleration-command pulse,0.1,4,"[1,14,27,40]",0.0,jerk,0.1,3.033043242170331e-16,32,idm,[],60.0,0.2,even,0.0,24.0,0.0,1.4158437991504552e-16,jerk,0.1,3.033043242170331e-16,32,1.5165216210851655e-15,acceleration_upper,0.9999999999999999,0.0,2,0.0,0.0,0.7,1.0,550a36b9e1c0a080,1.0,131,prediction_scope,1.0,24.0,20.0,1.5165216210851655e-16,0.0,0.0,0.0,41
80,8,"[1,12,24,35,46,57,69,80]",0.35,2.0,0.0,even_idm_leader_N80,0.2,wave,8.0,1.5,0,5.0,closed symmetric acceleration-command pulse,0.1,8,"[1,12,24,35,46,57,69,80]",94.0,jerk_saturation,5.0,-20.0,0,idm,[],60.0,0.2,even,73.78086648211146,-30.534013756663498,0.06148405540175956,4.5,gap_lower,52.6,2.726700687833175,24,5.000000000000004,gap_lower,-1.883412740290602,51.1,24,6.666666666666667,0.0,0.7,0.0,5578950cfe991599,0.0,167,chain_length_scope,0.0,24.0,20.0,4.5,111.9468284373836,20.0,5902.4693185689175,81
40,0,[],0.35,2.0,0.0,even_idm_leader_d02,0.2,human,8.0,1.5,0,5.0,closed symmetric acceleration-command pulse,0.1,0,[],128.0,jerk_saturation,5.0,-20.0,0,idm,[],60.0,0.2,even,231.64662783465238,-2.460907553738803,0.19303885652887698,4.5,gap_lower,57.400000000000006,1.3230453776869402,37,5.000000000000004,gap_lower,-0.4985453776869403,56.900000000000006,37,6.666666666666667,4.6962964575756025,0.7,0.0,55847b20511a5fb9,0.0,113,controller_comparison,0.0,24.0,20.0,4.5,139.5429533435418,20.0,9265.865113386095,41
40,4,"[1,14,27,40]",0.35,1.7,1.0,even_idm_leader_cmd04,0.4,margin,8.0,1.5,0,5.0,closed symmetric acceleration-command pulse,0.1,4,"[1,14,27,40]",1.0,jerk_saturation,5.0,-17.0,0,idm,[],60.0,0.2,even,4.858733452845704,20.251777019784384,0.004048944544038087,1.7,jerk,6.300000000000001,0.1949187838400666,1,5.0,gap_lower,0.7390560421139881,6.7,1,0.3805379080617901,0.0,0.7,1.0,559232f6e13c07bf,1.0,149,prediction_scope,1.0,24.0,20.0,0.11663892997348801,2.4867500000168548,0.4178609756342233,194.34933811382817,41
40,4,"[19,20,21,22]",0.35,2.1,0.0,middle_idm_leader_d02,0.2,margin,8.0,1.5,0,5.0,closed symmetric acceleration-command pulse,0.1,4,"[19,20,21,22]",83.0,jerk_saturation,5.0,-21.0,0,idm,[],60.0,0.2,middle,145.1181450904398,-99.9712403482372,0.12093178757536652,4.5,gap_lower,52.900000000000006,6.19856201741186,19,5.000000000000004,gap_lower,-5.3567846627478115,51.400000000000006,19,6.349206349206349,0.001196807037688909,0.7,0.0,5599bd02bba696ec,0.0,97,layout_comparison;prediction_scope,0.0,24.0,20.0,4.5,123.50329804881994,20.0,5804.725803617593,41
80,8,"[1,12,24,35,46,57,69,80]",0.35,2.2,0.0,even_idm_leader_N80,0.2,wave,8.0,1.5,0,5.0,closed symmetric acceleration-command pulse,0.1,8,"[1,12,24,35,46,57,69,80]",92.0,jerk_saturation,5.0,-22.0,0,idm,[],60.0,0.2,even,71.7758948765933,-30.35509542989942,0.05981324573049441,4.5,gap_lower,52.800000000000004,2.7177547714949712,24,5.000000000000004,gap_lower,-1.8761646411520148,51.300000000000004,24,6.0606060606060606,0.0,0.7,0.0,55a23b104e7e1dda,0.0,131,chain_length_scope,0.0,24.0,20.0,4.5,92.2238463759083,20.0,5742.071590127463,81
40,4,"[1,14,27,40]",0.35,0.25,1.0,even_idm_internal8_d02,0.2,margin,8.0,1.5,8,5.0,closed symmetric acceleration-command pulse,0.1,4,"[1,14,27,40]",1.0,jerk_saturation,6.5,5.1561842520454615,8,idm,[],60.0,0.2,even,0.052655960483253175,23.659499361549948,4.3879967069377646e-05,0.24999999999999986,jerk,6.6000000000000005,1.0,8,5.0,acceleration_upper,0.7802029741925853,7.2,8,0.8814477597304915,0.0,0.7,1.0,55a8c48b7cfe258a,1.0,97,prediction_scope,1.0,24.0,20.0,1.1303550155989987e-05,0.0007450803664141858,9.217387710336311e-05,2.106238419330127,41
40,4,"[1,14,27,40]",0.35,1.7,1.0,even_idm_leader_d02,0.2,wave,8.0,1.5,0,5.0,closed symmetric acceleration-command pulse,0.1,4,"[1,14,27,40]",1.0,jerk_saturation,5.0,-17.0,0,idm,[],60.0,0.2,even,4.86932240415171,21.194869123199226,0.004057768670126425,1.7,acceleration_upper,9.0,0.7722007508944968,1,5.0,acceleration_upper,0.15762496776271306,8.4,1,0.7907956668683235,0.0013789983360242908,0.7,1.0,55d4213e034be428,1.0,29,controller_comparison,1.0,24.0,20.0,0.1253241832309485,0.9510468947828485,0.5093730375180527,194.7728961660684,41
40,4,"[19,20,21,22]",0.35,1.0,1.0,middle_idm_leader_d02,0.2,margin,8.0,1.5,0,5.0,closed symmetric acceleration-command pulse,0.1,4,"[19,20,21,22]",1.0,jerk_saturation,5.0,-10.0,0,idm,[],60.0,0.2,middle,3.1895735229238107,22.217971778462996,0.002657977935769842,1.0603855313524262,jerk,7.9,0.3148253811532431,1,5.0,acceleration_upper,0.698995320293437,9.1,1,0.8864871756532816,4.787400105972969e-10,0.7,1.0,55de137c7d504cfe,1.0,167,layout_comparison;prediction_scope,1.0,24.0,20.0,0.07571190856646612,2.270883316005552,0.449999999999978,127.58294091695242,41
40,4,"[37,38,39,40]",0.35,1.9,0.0,rear_idm_leader_d02,0.2,margin,8.0,1.5,0,5.0,closed symmetric acceleration-command pulse,0.1,4,"[37,38,39,40]",123.0,jerk_saturation,5.0,-18.999999999999996,0,idm,[],60.0,0.2,rear,245.05256657868208,-54.90375041774073,0.20421047214890173,4.5,gap_lower,60.0,3.9451875208870364,37,5.000000000000004,gap_lower,-3.434462272364749,59.900000000000006,37,7.017543859649123,0.18860331402273334,0.7,0.0,5629e6001197e850,0.0,149,layout_comparison;prediction_scope,0.0,24.0,20.0,4.5,108.56058299494771,20.0,9802.102663147283,41
40,4,"[1,2,3,4]",0.35,2.5,1.0,front_idm_leader_d02,0.2,margin,8.0,1.5,0,5.0,closed symmetric acceleration-command pulse,0.1,4,"[1,2,3,4]",1.0,jerk_saturation,5.0,-25.0,0,idm,[],60.0,0.2,front,7.776207497991564,17.940824239627887,0.00648017291499297,2.5,gap_lower,8.6,0.30295878801860565,1,5.0,gap_lower,0.6284722142964542,7.1000000000000005,1,0.3329445331574059,1.4186301939389523e-06,0.7,1.0,565c59de27ae4e05,1.0,191,layout_comparison;prediction_scope,1.0,24.0,20.0,0.20351639197953236,2.983819241997253,0.49830166214538707,311.04829991966255,41
40,4,"[1,2,3,4]",0.35,0.0,1.0,front_idm_leader_d02,0.2,margin,8.0,1.5,0,5.0,closed symmetric acceleration-command pulse,0.1,4,"[1,2,3,4]",0.0,jerk,0.1,3.092860462114067e-16,6,idm,[],60.0,0.2,front,0.0,24.0,0.0,1.5331773592430868e-16,jerk,0.1,3.092860462114067e-16,6,1.5464302310570335e-15,acceleration_upper,0.9999999999999999,0.0,6,0.0,0.0,0.7,1.0,567058b1af006ecc,1.0,97,layout_comparison;prediction_scope,1.0,24.0,20.0,1.5464302310570336e-16,0.0,0.0,0.0,41
40,4,"[1,14,27,40]",0.35,2.5,1.0,even_idm_leader_cmd0,0.0,margin,8.0,1.5,0,5.0,closed symmetric acceleration-command pulse,0.1,4,"[1,14,27,40]",1.0,jerk_saturation,5.0,-25.0,0,idm,[],60.0,0.2,even,7.702582255293395,17.943901265816777,0.0064188185460778285,2.5,gap_lower,8.700000000000001,0.30280493670916114,1,5.0,gap_lower,0.6349762171695131,7.0,1,0.29333014016283887,0.0,0.7,1.0,5677744daada26bb,1.0,113,prediction_scope,1.0,24.0,20.0,0.0937912658233515,2.8599991957310067,0.4513874666946265,308.1032902117358,41
80,8,"[1,12,24,35,46,57,69,80]",0.35,0.25,1.0,even_idm_leader_N80,0.2,margin,8.0,1.5,0,5.0,closed symmetric acceleration-command pulse,0.1,8,"[1,12,24,35,46,57,69,80]",0.0,gap_lower,12.9,0.028125,1,idm,[],60.0,0.2,even,0.0,23.4375,0.0,0.25,gap_lower,12.9,0.028125,1,5.0,gap_lower,0.9535000000000021,6.7,1,0.0,0.0,0.7,1.0,568b29a34f064a6b,1.0,149,chain_length_scope,1.0,24.0,20.0,1.5522080316662207e-16,0.5625,0.0,0.0,81
40,4,"[1,14,27,40]",0.35,0.25,1.0,even_idm_leader_d02,0.2,margin,8.0,1.5,0,5.0,closed symmetric acceleration-command pulse,0.1,4,"[1,14,27,40]",0.0,gap_lower,12.9,0.028125,1,idm,[],60.0,0.2,even,0.0,23.4375,0.0,0.25,gap_lower,12.9,0.028125,1,5.0,gap_lower,0.9535000000000021,6.7,1,0.0,0.0,0.7,1.0,569e1f5c450ea8a0,1.0,97,controller_comparison;layout_comparison;prediction_scope,1.0,24.0,20.0,1.5464302310570336e-16,0.5625,0.0,0.0,41
40,4,"[1,14,27,40]",0.35,0.0,1.0,even_ovm_leader_d02,0.2,margin,8.0,1.5,0,5.0,closed symmetric acceleration-command pulse,0.1,4,"[1,14,27,40]",0.0,jerk,0.1,6.959353337789655e-16,12,ovm,[],60.0,0.2,even,0.0,24.0,0.0,3.3977981647044216e-16,jerk,0.1,6.959353337789655e-16,12,3.4796766688948275e-15,command_upper,0.9999999999999998,0.0,9,0.0,0.0,0.7,1.0,56d5b77d5907c89c,1.0,191,prediction_scope,1.0,24.0,20.0,3.479676668894828e-16,0.0,0.0,0.0,41
40,4,"[19,20,21,22]",0.35,2.0,0.0,middle_idm_leader_d02,0.2,margin,8.0,1.5,0,5.0,closed symmetric acceleration-command pulse,0.1,4,"[19,20,21,22]",94.0,jerk_saturation,5.0,-20.0,0,idm,[],60.0,0.2,middle,157.26207112661413,-99.8141599920446,0.13105172593884512,4.5,gap_lower,52.7,6.19070799960223,19,5.000000000000004,gap_lower,-5.346056851415976,51.1,19,6.666666666666667,0.0014893614753799984,0.7,0.0,56e9af21bee32c49,0.0,79,layout_comparison,0.0,24.0,20.0,4.5,116.52137880539328,20.0,6290.4828450645655,41
80,8,"[1,12,24,35,46,57,69,80]",0.35,2.0,1.0,even_idm_leader_N80,0.2,wave,8.0,1.5,0,5.0,closed symmetric acceleration-command pulse,0.1,8,"[1,12,24,35,46,57,69,80]",63.0,jerk_saturation,5.0,-20.0,0,idm,[],60.0,0.2,even,35.95282683673433,-19.37203252742472,0.029960689030611942,4.5,gap_lower,60.0,2.168601626371236,35,5.000000000000004,gap_lower,-1.4405853505454584,59.900000000000006,35,6.666666666666667,0.0,0.7,0.0,5732ef58345f7fec,0.0,149,chain_length_scope,0.0,24.0,20.0,4.5,63.77670101487604,20.0,2876.2261469387463,81
40,4,"[19,20,21,22]",0.35,0.0,1.0,middle_idm_leader_d02,0.2,margin,8.0,1.5,0,5.0,closed symmetric acceleration-command pulse,0.1,4,"[19,20,21,22]",0.0,jerk,0.1,5.669712742983465e-16,30,idm,[],60.0,0.2,middle,0.0,24.0,0.0,1.519317481612589e-16,jerk,0.1,5.669712742983465e-16,30,2.8348563714917324e-15,command_upper,0.9999999999999998,0.0,30,0.0,0.0,0.7,1.0,57774cd5330ec0cf,1.0,113,layout_comparison;prediction_scope,1.0,24.0,20.0,2.8348563714917324e-16,0.0,0.0,0.0,41
40,4,"[37,38,39,40]",0.35,1.9,0.0,rear_idm_leader_d02,0.2,margin,8.0,1.5,0,5.0,closed symmetric acceleration-command pulse,0.1,4,"[37,38,39,40]",119.0,jerk_saturation,5.0,-18.999999999999996,0,idm,[],60.0,0.2,rear,232.92925858031714,-54.517063821797244,0.1941077154835976,4.5,gap_lower,60.0,3.9258531910898626,37,5.000000000000004,gap_lower,-3.418089366897251,59.900000000000006,37,7.017543859649123,0.18860331402273334,0.7,0.0,58348e146efb38aa,0.0,79,layout_comparison,0.0,24.0,20.0,4.5,85.93805521371723,20.0,9317.170343212685,41
80,8,"[1,12,24,35,46,57,69,80]",0.35,1.8,1.0,even_idm_leader_N80,0.2,wave,8.0,1.5,0,5.0,closed symmetric acceleration-command pulse,0.1,8,"[1,12,24,35,46,57,69,80]",2.0,jerk_saturation,5.0,-18.0,0,idm,[],60.0,0.2,even,3.738669972460598,20.880253655542006,0.003115558310383832,1.8,acceleration_upper,9.0,0.8108967007441591,1,5.0,acceleration_upper,0.1154448318353769,8.5,1,0.8338018825544258,0.0,0.7,0.0,58712e83951fb8a4,1.0,191,chain_length_scope,0.0,24.0,20.0,0.330046720118701,1.8865883677464126,1.2313667194906408,299.09359779684786,81
80,8,"[1,12,24,35,46,57,69,80]",0.35,2.5,1.0,even_idm_leader_N80,0.2,margin,8.0,1.5,0,5.0,closed symmetric acceleration-command pulse,0.1,8,"[1,12,24,35,46,57,69,80]",1.0,jerk_saturation,5.0,-25.0,0,idm,[],60.0,0.2,even,3.4586716378734694,17.940824239627887,0.0028822263648945576,2.5,gap_lower,8.6,0.30295878801860565,1,5.0,gap_lower,0.6284722142964542,7.1000000000000005,1,0.3329445331574059,0.0,0.7,1.0,587ea5c3598caa61,1.0,131,chain_length_scope,1.0,24.0,20.0,0.09279152866766803,1.9623249755131837,0.42499999999999005,276.69373102987754,81
40,4,"[1,2,3,4]",0.35,2.1,1.0,front_idm_leader_d02,0.2,margin,8.0,1.5,0,5.0,closed symmetric acceleration-command pulse,0.1,4,"[1,2,3,4]",1.0,jerk_saturation,5.0,-21.0,0,idm,[],60.0,0.2,front,6.747629999523272,19.221536821795013,0.005623024999602727,2.1,gap_lower,8.200000000000001,0.23892315891024934,1,5.0,gap_lower,0.688120998403801,6.800000000000001,1,0.3173783908256328,2.5566815745984664e-06,0.7,1.0,5890cf5ba208c30a,1.0,149,layout_comparison;prediction_scope,1.0,24.0,20.0,0.06438240696377691,2.3587499999998727,0.421171947377438,269.9051999809309,41
40,4,"[1,14,27,40]",0.35,2.1,0.0,even_idm_leader_d02,0.2,wave,8.0,1.5,0,5.0,closed symmetric acceleration-command pulse,0.1,4,"[1,14,27,40]",107.0,jerk_saturation,5.0,-21.0,0,idm,[],60.0,0.2,even,170.84518303715782,-33.15766264903611,0.1423709858642982,4.5,gap_lower,60.0,2.8578831324518057,27,5.000000000000004,gap_lower,-2.0379935737479147,59.900000000000006,27,6.349206349206349,3.8200935547108896,0.7,0.0,589e1521db07ae4f,0.0,149,controller_comparison,0.0,24.0,20.0,4.5,78.27068694564991,20.0,6833.807321486313,41
20,2,"[1,20]",0.35,2.2,0.0,even_idm_leader_N20,0.2,wave,8.0,1.5,0,5.0,closed symmetric acceleration-command pulse,0.1,2,"[1,20]",32.0,jerk_saturation,5.0,-22.0,0,idm,[],60.0,0.2,even,118.96781233134121,-28.034345930292716,0.099139843609451,4.5,gap_lower,44.900000000000006,2.601717296514636,20,5.000000000000002,gap_lower,-1.747923911918497,43.1,20,6.0606060606060606,5.700195338496966,0.7,0.0,58ebc84977b2eeb4,0.0,113,chain_length_scope,0.0,24.0,20.0,1.1472370205206646,104.63864577081256,6.9402730618162956,2379.356246626824,21
40,4,"[1,14,27,40]",0.35,0.0,1.0,even_idm_leader_d02,0.2,predictive,8.0,1.5,0,5.0,closed symmetric acceleration-command pulse,0.1,4,"[1,14,27,40]",0.0,jerk,0.1,3.057761386297021e-16,6,idm,[],60.0,0.2,even,0.0,24.0,0.0,1.4435554130338614e-16,jerk,0.1,3.057761386297021e-16,6,1.5288806931485105e-15,acceleration_upper,0.9999999999999999,0.0,2,0.0,0.0,0.7,1.0,59131cc95e19f981,1.0,61,controller_comparison,1.0,24.0,20.0,1.5288806931485106e-16,0.0,0.0,0.0,41
40,4,"[1,14,27,40]",0.35,2.5,1.0,even_idm_leader_d02,0.2,margin,8.0,1.5,0,5.0,closed symmetric acceleration-command pulse,0.1,4,"[1,14,27,40]",1.0,jerk_saturation,5.0,-25.0,0,idm,[],60.0,0.2,even,7.353592325509597,17.940824239627887,0.00612799360459133,2.5,gap_lower,8.6,0.30295878801860565,1,5.0,gap_lower,0.6284722142964542,7.1000000000000005,1,0.33380430680592593,0.0,0.7,1.0,5920c06801985acd,1.0,61,controller_comparison;layout_comparison,1.0,24.0,20.0,0.20351639197953236,1.9572278912005459,0.42499999999999005,294.14369302038386,41
40,4,"[1,14,27,40]",0.35,0.0,1.0,even_idm_leader_cmd04,0.4,margin,8.0,1.5,0,5.0,closed symmetric acceleration-command pulse,0.1,4,"[1,14,27,40]",0.0,jerk,0.1,3.092860462114067e-16,6,idm,[],60.0,0.2,even,0.0,24.0,0.0,1.5331773592430868e-16,jerk,0.1,3.092860462114067e-16,6,1.5464302310570335e-15,acceleration_upper,0.9999999999999999,0.0,3,0.0,0.0,0.7,1.0,5943f911f61d084a,1.0,97,prediction_scope,1.0,24.0,20.0,1.5464302310570336e-16,0.0,0.0,0.0,41
40,4,"[37,38,39,40]",0.35,2.5,0.0,rear_idm_leader_d02,0.2,margin,8.0,1.5,0,5.0,closed symmetric acceleration-command pulse,0.1,4,"[37,38,39,40]",136.0,jerk_saturation,5.0,-25.0,0,idm,[],60.0,0.2,rear,286.9199758380868,-57.2767985031826,0.23909997986507237,4.5,gap_lower,60.0,4.0638399251591295,37,5.000000000000004,gap_lower,-3.5442412796261245,59.900000000000006,37,5.333333333333333,0.17000134978236758,0.7,0.0,59a4195f41ea15eb,0.0,61,layout_comparison,0.0,24.0,20.0,4.5,117.46775632312449,20.0,11476.799033523474,41
40,0,[],0.35,2.1,0.0,even_idm_leader_d02,0.2,human,8.0,1.5,0,5.0,closed symmetric acceleration-command pulse,0.1,0,[],132.0,jerk_saturation,5.0,-21.0,0,idm,[],60.0,0.2,even,244.53571863280968,-2.4719236614142908,0.2037797655273414,4.5,gap_lower,57.300000000000004,1.3235961830707146,37,5.000000000000004,gap_lower,-0.49909618307071446,56.800000000000004,37,6.349206349206349,4.632084042582119,0.7,0.0,59ccb0e0b6d87042,0.0,113,controller_comparison,0.0,24.0,20.0,4.5,134.09459819555263,20.0,9781.428745312387,41
40,4,"[37,38,39,40]",0.35,1.7,0.0,rear_idm_leader_d02,0.2,margin,8.0,1.5,0,5.0,closed symmetric acceleration-command pulse,0.1,4,"[37,38,39,40]",81.0,jerk_saturation,5.0,-17.0,0,idm,[],60.0,0.2,rear,112.47653683392136,-39.60806242201562,0.09373044736160113,4.5,gap_lower,60.0,3.180403121100781,37,5.000000000000004,gap_lower,-2.775668887004376,59.900000000000006,37,7.843137254901961,0.04644275750402583,0.7,0.0,59f257d266927ec3,0.0,131,layout_comparison;prediction_scope,0.0,24.0,20.0,4.5,138.13785083177396,20.0,4499.061473356855,41
40,4,"[1,14,27,40]",0.35,0.0,1.0,even_idm_leader_d02,0.2,acc,8.0,1.5,0,5.0,closed symmetric acceleration-command pulse,0.1,4,"[1,14,27,40]",0.0,jerk,0.1,3.0438989830050984e-16,32,idm,[],60.0,0.2,even,0.0,24.0,0.0,1.519770894331564e-16,jerk,0.1,3.0438989830050984e-16,32,1.5219494915025492e-15,acceleration_upper,0.9999999999999999,0.0,21,0.0,0.0,0.7,1.0,5a0e3b17033bebef,1.0,3,controller_comparison,1.0,24.0,20.0,1.5219494915025492e-16,0.0,0.0,0.0,41
40,4,"[1,14,27,40]",0.35,1.7,1.0,even_idm_leader_d02,0.2,predictive,8.0,1.5,0,5.0,closed symmetric acceleration-command pulse,0.1,4,"[1,14,27,40]",1.0,jerk_saturation,5.0,-17.0,0,idm,[],60.0,0.2,even,3.0652177332019095,20.126428094831113,0.0025543481110015913,1.7,gap_lower,8.1,0.19367859525844439,1,5.0,gap_lower,0.7405207352121215,6.7,1,0.24508576040922214,0.0,0.7,1.0,5a10ad3707d2dfa6,1.0,131,controller_comparison,1.0,24.0,20.0,0.21679742284252312,1.303863648648985,0.1994914027948873,122.60870932807637,41
20,2,"[1,20]",0.35,0.25,1.0,even_idm_leader_N20,0.2,wave,8.0,1.5,0,5.0,closed symmetric acceleration-command pulse,0.1,2,"[1,20]",0.0,acceleration_upper,8.700000000000001,0.12363052410794312,1,idm,[],60.0,0.2,even,0.5446580555997718,23.63545048406307,0.00045388171299980975,0.25,acceleration_upper,8.700000000000001,0.12363052410794312,1,5.0,acceleration_upper,0.8602823717271342,8.200000000000001,1,0.7078878072353424,0.1254161607995267,0.7,1.0,5a9438bec5211e54,1.0,113,chain_length_scope,1.0,24.0,20.0,0.0004885414570767125,0.029175805350746487,0.00832538144331707,10.893161111995434,21
40,4,"[1,14,27,40]",0.35,1.5,1.0,even_idm_leader_d02,0.2,acc,8.0,1.5,0,5.0,closed symmetric acceleration-command pulse,0.1,4,"[1,14,27,40]",2.0,jerk_saturation,5.0,-15.0,0,idm,[],60.0,0.2,even,8.582744993494199,20.164213744672196,0.007152287494578498,1.5,acceleration_upper,9.200000000000001,0.6217650735345163,1,5.0,acceleration_upper,0.33895041296577066,8.700000000000001,1,1.2040927102168741,0.006052591149088787,0.7,0.0,5a989339f179c95b,1.0,97,controller_comparison,0.0,24.0,20.0,1.3965610905205854,3.835786255327804,2.709208597987967,343.3097997397679,41
20,2,"[1,20]",0.35,2.5,1.0,even_idm_leader_N20,0.2,predictive,8.0,1.5,0,5.0,closed symmetric acceleration-command pulse,0.1,2,"[1,20]",1.0,jerk_saturation,5.0,-25.0,0,idm,[],60.0,0.2,even,9.317868041412591,17.44987155700528,0.0077648900345104925,2.5,gap_lower,8.8,0.32750642214973597,1,5.0,gap_lower,0.616796615564511,7.0,1,0.28273323171390624,0.09333333333333371,0.7,1.0,5acc7e5a4d0215a2,1.0,167,chain_length_scope,1.0,24.0,20.0,0.21679742284252312,1.4069510128083493,0.3500000000000014,186.3573608282518,21
40,4,"[1,14,27,40]",0.35,2.1,0.0,even_idm_leader_d02,0.2,acc,8.0,1.5,0,5.0,closed symmetric acceleration-command pulse,0.1,4,"[1,14,27,40]",121.0,jerk_saturation,5.0,-21.0,0,idm,[],60.0,0.2,even,219.80873302887525,-2.4575977798551634,0.18317394419072938,4.5,gap_lower,30.700000000000003,1.3228798889927582,16,5.000000000000004,gap_lower,-0.4983798889927586,30.200000000000003,16,6.349206349206349,4.880040819138791,0.7,0.0,5b0f5191dc29b6a4,0.0,3,controller_comparison,0.0,24.0,20.0,4.5,110.01461465990053,20.0,8792.34932115501,41
40,4,"[1,14,27,40]",0.35,2.1,1.0,even_idm_leader_d02,0.2,predictive,8.0,1.5,0,5.0,closed symmetric acceleration-command pulse,0.1,4,"[1,14,27,40]",1.0,jerk_saturation,5.0,-21.0,0,idm,[],60.0,0.2,even,4.135303360689676,18.931757248300926,0.003446086133908063,2.1,gap_lower,8.5,0.25341213758495373,1,5.0,gap_lower,0.6797430717799526,6.9,1,0.2574026541153822,0.0,0.7,1.0,5b3fd6ee4b78be10,1.0,11,controller_comparison,1.0,24.0,20.0,0.21679742284252312,1.450660079487136,0.22499999999999432,165.41213442758703,41
40,4,"[19,20,21,22]",0.35,2.5,0.0,middle_idm_leader_d02,0.2,margin,8.0,1.5,0,5.0,closed symmetric acceleration-command pulse,0.1,4,"[19,20,21,22]",101.0,jerk_saturation,5.0,-25.0,0,idm,[],60.0,0.2,middle,189.02558196363512,-103.04841617718048,0.15752131830302926,4.5,gap_lower,59.2,6.352420808859025,19,5.000000000000004,gap_lower,-5.515471497868706,58.1,19,5.333333333333333,0.0012940153837121215,0.7,0.0,5b41000a2e68a083,0.0,97,layout_comparison;prediction_scope,0.0,24.0,20.0,4.5,138.49437681921938,20.0,7561.0232785454045,41
40,4,"[19,20,21,22]",0.35,1.7,0.0,middle_idm_leader_d02,0.2,margin,8.0,1.5,0,5.0,closed symmetric acceleration-command pulse,0.1,4,"[19,20,21,22]",61.0,jerk_saturation,5.0,-17.0,0,idm,[],60.0,0.2,middle,67.60306253332821,-61.17166943799202,0.05633588544444018,4.5,gap_lower,41.5,4.258583471899601,19,5.000000000000004,gap_lower,-3.2658407615769294,40.800000000000004,19,7.843137254901961,0.00037390021763103194,0.7,0.0,5b643e6f7673f165,0.0,97,layout_comparison;prediction_scope,0.0,24.0,20.0,4.5,82.03718222234852,20.0,2704.1225013331286,41
40,4,"[19,20,21,22]",0.35,1.8,0.0,middle_idm_leader_d02,0.2,margin,8.0,1.5,0,5.0,closed symmetric acceleration-command pulse,0.1,4,"[19,20,21,22]",74.0,jerk_saturation,5.0,-18.0,0,idm,[],60.0,0.2,middle,114.31140101859103,-94.660733724274,0.09525950084882585,4.5,gap_lower,48.5,5.9330366862137,19,5.000000000000004,gap_lower,-5.043677917899638,46.1,19,7.4074074074074066,0.0011249099726358452,0.7,0.0,5b7c4a9dec8acd50,0.0,79,layout_comparison,0.0,24.0,20.0,4.5,103.47151722773503,20.0,4572.456040743641,41
40,4,"[1,2,3,4]",0.35,2.0,1.0,front_idm_leader_d02,0.2,margin,8.0,1.5,0,5.0,closed symmetric acceleration-command pulse,0.1,4,"[1,2,3,4]",1.0,jerk_saturation,5.0,-20.0,0,idm,[],60.0,0.2,front,6.681352408868935,19.56003271057392,0.005567793674057446,2.0,gap_lower,8.1,0.22199836447130394,1,5.0,gap_lower,0.7028209984038035,6.800000000000001,1,0.3165806789364443,3.846713604834425e-06,0.7,1.0,5b85b7d9efbcd899,1.0,3,layout_comparison,1.0,24.0,20.0,0.042626257741587396,2.402499999994461,0.4139613213580198,267.2540963547574,41
40,4,"[1,2,3,4]",0.35,1.8,1.0,front_idm_leader_d02,0.2,margin,8.0,1.5,0,5.0,closed symmetric acceleration-command pulse,0.1,4,"[1,2,3,4]",1.0,jerk_saturation,5.0,-18.0,0,idm,[],60.0,0.2,front,6.35144015894283,20.118271619165995,0.005292866799119025,1.8,jerk,6.1000000000000005,0.1949187838400666,1,5.0,gap_lower,0.7314541031193812,6.7,1,0.3239786377755459,1.305304147239086e-06,0.7,1.0,5b9434078989f718,1.0,191,layout_comparison;prediction_scope,1.0,24.0,20.0,0.20351639197953236,2.972280225506438,0.3981463372509566,254.05760635771318,41
40,0,[],0.35,1.0,1.0,even_idm_leader_d02,0.2,human,8.0,1.5,0,5.0,closed symmetric acceleration-command pulse,0.1,0,[],1.0,jerk_saturation,5.0,-10.0,0,idm,[],60.0,0.2,even,2.6019502981524263,22.2666670489849,0.002168291915127022,1.0092121390886246,jerk,7.9,0.3037602283120884,1,5.0,acceleration_upper,0.705636302458041,9.0,1,0.8394742665076222,0.00033370859786430174,0.7,1.0,5bd0e71566ca3fdc,1.0,3,controller_comparison,1.0,24.0,20.0,0.06726379838175711,0.5142366856605634,0.3077694151596404,104.07801192609705,41
40,4,"[1,14,27,40]",0.35,1.0,1.0,even_idm_leader_d02,0.2,acc,8.0,1.5,0,5.0,closed symmetric acceleration-command pulse,0.1,4,"[1,14,27,40]",1.0,jerk_saturation,5.0,-10.0,0,idm,[],60.0,0.2,even,3.233612872193865,22.256051358316,0.0026946773934948876,1.0,acceleration_upper,9.1,0.4260524990731095,1,5.0,acceleration_upper,0.5444537387124273,8.5,1,0.8778495915594012,0.001316763360020919,0.7,1.0,5c2c028cea351f0c,1.0,113,controller_comparison,1.0,24.0,20.0,0.11331981593729451,0.844435469696549,0.4777557509027659,129.3445148877546,41
40,4,"[1,14,27,40]",0.35,2.0,1.0,even_idm_leader_d02,0.2,predictive,8.0,1.5,0,5.0,closed symmetric acceleration-command pulse,0.1,4,"[1,14,27,40]",1.0,jerk_saturation,5.0,-20.0,0,idm,[],60.0,0.2,even,3.5632217469338814,19.272922396420682,0.0029693514557782344,2.0,gap_lower,8.3,0.23635388017896589,1,5.0,gap_lower,0.6939790965800888,6.800000000000001,1,0.2502103055805698,0.0,0.7,1.0,5c38e8aa7ec1399c,1.0,79,controller_comparison,1.0,24.0,20.0,0.11061093002169545,1.3463136381910203,0.20000000000000995,142.52886987735525,41
40,4,"[1,14,27,40]",0.35,2.1,1.0,even_idm_leader_d02,0.2,predictive,8.0,1.5,0,5.0,closed symmetric acceleration-command pulse,0.1,4,"[1,14,27,40]",1.0,jerk_saturation,5.0,-21.0,0,idm,[],60.0,0.2,even,3.838078684729683,18.931757248300926,0.0031983989039414025,2.1,gap_lower,8.5,0.25341213758495373,1,5.0,gap_lower,0.6797430717799526,6.9,1,0.2691324808092851,0.0,0.7,1.0,5c4090bbc2e1a768,1.0,149,controller_comparison,1.0,24.0,20.0,0.15485530203037365,1.3179636560923882,0.20000000000000995,153.52314738918733,41
40,4,"[19,20,21,22]",0.35,0.0,1.0,middle_idm_leader_d02,0.2,margin,8.0,1.5,0,5.0,closed symmetric acceleration-command pulse,0.1,4,"[19,20,21,22]",0.0,jerk,0.1,3.057761386297021e-16,6,idm,[],60.0,0.2,middle,0.0,24.0,0.0,1.4435554130338614e-16,jerk,0.1,3.057761386297021e-16,6,1.5288806931485105e-15,acceleration_upper,0.9999999999999999,0.0,2,0.0,0.0,0.7,1.0,5cceac291c0b0cc8,1.0,61,layout_comparison,1.0,24.0,20.0,1.5288806931485106e-16,0.0,0.0,0.0,41
20,2,"[1,20]",0.35,1.0,1.0,even_idm_leader_N20,0.2,margin,8.0,1.5,0,5.0,closed symmetric acceleration-command pulse,0.1,2,"[1,20]",1.0,jerk_saturation,5.0,-10.0,0,idm,[],60.0,0.2,even,5.1391585284018335,22.041091224490145,0.004282632107001528,1.0,jerk,7.7,0.15796767347454377,1,5.0,gap_lower,0.8475557889641916,6.7,1,0.3999933531864291,0.2499999999999621,0.7,1.0,5ce45ad41ad52859,1.0,191,chain_length_scope,1.0,24.0,20.0,0.20351639197954327,1.6597640013073942,0.21785714285713453,102.78317056803667,21
40,4,"[19,20,21,22]",0.35,1.9,0.0,middle_idm_leader_d02,0.2,margin,8.0,1.5,0,5.0,closed symmetric acceleration-command pulse,0.1,4,"[19,20,21,22]",87.0,jerk_saturation,5.0,-18.999999999999996,0,idm,[],60.0,0.2,middle,129.68712950739206,-95.0267197169877,0.1080726079228267,4.5,gap_lower,48.7,5.951335985849385,19,5.000000000000004,gap_lower,-5.071192968156039,46.400000000000006,19,7.017543859649123,0.0016370352325959692,0.7,0.0,5d068046e1a48bb7,0.0,3,layout_comparison,0.0,24.0,20.0,4.5,104.48978544278279,20.0,5187.485180295682,41
20,2,"[1,20]",0.35,0.25,1.0,even_idm_leader_N20,0.2,wave,8.0,1.5,0,5.0,closed symmetric acceleration-command pulse,0.1,2,"[1,20]",0.0,acceleration_upper,8.700000000000001,0.12363052410794312,1,idm,[],60.0,0.2,even,0.5454912726122885,23.63545048406307,0.00045457606051024037,0.25,acceleration_upper,8.700000000000001,0.12363052410794312,1,5.0,acceleration_upper,0.8602823717271342,8.200000000000001,1,0.7078878072353424,0.11347067852572461,0.7,1.0,5d09fdfdc0c4993c,1.0,149,chain_length_scope,1.0,24.0,20.0,0.0005045862114076518,0.030511664450500575,0.008761626933139866,10.90982545224577,21
40,0,[],0.35,2.5,0.0,even_idm_leader_d02,0.2,human,8.0,1.5,0,5.0,closed symmetric acceleration-command pulse,0.1,0,[],143.0,jerk_saturation,5.0,-25.0,0,idm,[],60.0,0.2,even,285.5258991262227,-2.316306639698425,0.23793824927185225,4.5,gap_lower,40.800000000000004,1.3158153319849213,24,5.000000000000004,gap_lower,-0.49131533198492167,40.300000000000004,24,5.333333333333333,3.7799557658687974,0.7,0.0,5d1465ced18de956,0.0,191,controller_comparison,0.0,24.0,20.0,4.5,116.02281392242617,20.0,11421.035965048908,41
40,4,"[1,14,27,40]",0.35,1.0,1.0,even_idm_leader_cmd0,0.0,margin,8.0,1.5,0,5.0,closed symmetric acceleration-command pulse,0.1,4,"[1,14,27,40]",1.0,jerk_saturation,5.0,-10.0,0,idm,[],60.0,0.2,even,3.104398379428561,22.034208599529606,0.0025869986495238007,1.0,jerk,11.8,0.14285724680060036,1,5.0,gap_lower,0.8432233102715522,6.7,1,0.31666663634981757,0.0,0.7,1.0,5d18e16a0e93a533,1.0,191,prediction_scope,1.0,24.0,20.0,0.1589265414901165,2.6349999999997635,0.23990250259172186,124.17593517714243,41
40,4,"[1,14,27,40]",0.35,1.7,0.0,even_idm_leader_d02,0.2,acc,8.0,1.5,0,5.0,closed symmetric acceleration-command pulse,0.1,4,"[1,14,27,40]",100.0,jerk_saturation,5.0,-17.0,0,idm,[],60.0,0.2,even,155.40989247060196,-2.502759350097662,0.12950824372550163,4.5,gap_lower,41.400000000000006,1.325137967504883,24,5.000000000000004,gap_lower,-0.5006379675048833,40.900000000000006,24,7.843137254901961,4.6705190311393,0.7,0.0,5d46f9f01612ceb5,0.0,11,controller_comparison,0.0,24.0,20.0,4.5,86.3950471064266,20.0,6216.395698824078,41
40,4,"[1,14,27,40]",0.35,1.9,1.0,even_idm_leader_cmd0,0.0,margin,8.0,1.5,0,5.0,closed symmetric acceleration-command pulse,0.1,4,"[1,14,27,40]",1.0,jerk_saturation,5.0,-18.999999999999996,0,idm,[],60.0,0.2,even,5.124060988552832,20.008608001059713,0.004270050823794026,1.9,jerk,5.800000000000001,0.2157434402332361,1,5.0,gap_lower,0.7272864274312851,6.7,1,0.29823703934855367,0.0,0.7,1.0,5d5f42b519716fe7,1.0,191,prediction_scope,1.0,24.0,20.0,0.05318109348608571,2.329749999994192,0.3324065089522641,204.96243954211326,41
40,4,"[1,14,27,40]",0.35,2.5,0.0,even_idm_leader_d02,0.2,acc,8.0,1.5,0,5.0,closed symmetric acceleration-command pulse,0.1,4,"[1,14,27,40]",127.0,jerk_saturation,5.0,-25.0,0,idm,[],60.0,0.2,even,248.09200379444647,-2.4536685230735316,0.20674333649537205,4.5,gap_lower,53.300000000000004,1.3226834261536766,34,5.000000000000004,gap_lower,-0.49818342615367656,52.800000000000004,34,5.333333333333333,4.161843398774339,0.7,0.0,5d8abf71a857da70,0.0,29,controller_comparison,0.0,24.0,20.0,4.5,129.45324965325642,20.0,9923.680151777859,41
40,4,"[1,14,27,40]",0.35,1.7,1.0,even_idm_leader_cmd04,0.4,margin,8.0,1.5,0,5.0,closed symmetric acceleration-command pulse,0.1,4,"[1,14,27,40]",1.0,jerk_saturation,5.0,-17.0,0,idm,[],60.0,0.2,even,4.549706029848961,20.251777019784384,0.0037914216915408013,1.7,jerk,6.300000000000001,0.1949187838400666,1,5.0,gap_lower,0.7390560421139881,6.7,1,0.36167911867200553,0.0,0.7,1.0,5ddd2cb88f560329,1.0,191,prediction_scope,1.0,24.0,20.0,0.2378999338012598,2.4867500000168548,0.47499999154456773,181.98824119395846,41
40,4,"[19,20,21,22]",0.35,0.25,1.0,middle_idm_leader_d02,0.2,margin,8.0,1.5,0,5.0,closed symmetric acceleration-command pulse,0.1,4,"[19,20,21,22]",0.0,acceleration_upper,8.9,0.0740444728976095,1,idm,[],60.0,0.2,middle,0.2585688041493462,23.469607530689245,0.00021547400345778848,0.25,acceleration_upper,8.9,0.0740444728976095,1,5.0,acceleration_upper,0.9280358353595963,8.9,1,0.6748868080147853,0.0,0.7,1.0,5e49b547cbb35976,1.0,11,layout_comparison,1.0,24.0,20.0,0.00027135175068585465,0.5303924693107547,0.0034748497647392185,10.342752165973847,41
40,4,"[1,14,27,40]",0.35,0.25,1.0,even_ovm_leader_d02,0.2,margin,8.0,1.5,0,5.0,closed symmetric acceleration-command pulse,0.1,4,"[1,14,27,40]",0.0,gap_lower,12.9,0.028125,1,ovm,[],60.0,0.2,even,0.0,23.4375,0.0,0.25,gap_lower,12.9,0.028125,1,5.0,gap_lower,0.9535000000000021,6.7,1,0.0,0.0,0.7,1.0,5e58a77ac81bbbc4,1.0,149,prediction_scope,1.0,24.0,20.0,3.4836492605019796e-16,0.5625,0.0,0.0,41
80,8,"[1,12,24,35,46,57,69,80]",0.35,2.5,1.0,even_idm_leader_N80,0.2,margin,8.0,1.5,0,5.0,closed symmetric acceleration-command pulse,0.1,8,"[1,12,24,35,46,57,69,80]",1.0,jerk_saturation,5.0,-25.0,0,idm,[],60.0,0.2,even,3.616199203474717,17.940824239627887,0.003013499336228931,2.5,gap_lower,8.6,0.30295878801860565,1,5.0,gap_lower,0.6284722142964542,7.1000000000000005,1,0.3329445331574059,0.0,0.7,1.0,5e70413785509dcb,1.0,149,chain_length_scope,1.0,24.0,20.0,0.08119098415494679,2.02982856133508,0.42499999999999005,289.2959362779774,81
40,4,"[1,2,3,4]",0.35,2.1,1.0,front_idm_leader_d02,0.2,margin,8.0,1.5,0,5.0,closed symmetric acceleration-command pulse,0.1,4,"[1,2,3,4]",1.0,jerk_saturation,5.0,-21.0,0,idm,[],60.0,0.2,front,7.039972447094665,19.221536821795013,0.0058666437059122205,2.1,gap_lower,8.200000000000001,0.23892315891024934,1,5.0,gap_lower,0.688120998403801,6.800000000000001,1,0.3173783908256328,2.603066239737292e-06,0.7,1.0,5e7bdaa860d6bafd,1.0,61,layout_comparison,1.0,24.0,20.0,0.061617295340978165,2.3587499999998727,0.43286749635004895,281.5988978837866,41
80,8,"[1,12,24,35,46,57,69,80]",0.35,1.8,1.0,even_idm_leader_N80,0.2,wave,8.0,1.5,0,5.0,closed symmetric acceleration-command pulse,0.1,8,"[1,12,24,35,46,57,69,80]",1.0,jerk_saturation,5.0,-18.0,0,idm,[],60.0,0.2,even,3.385203675819401,20.7305905937054,0.0028210030631828343,1.8,acceleration_upper,9.0,0.8108967007441591,1,5.0,acceleration_upper,0.1154448318353769,8.5,1,0.8252887765536632,0.0,0.7,1.0,5e8515f4dc6849b1,1.0,149,chain_length_scope,1.0,24.0,20.0,0.23443084747962736,1.3999003986466505,0.9014434070955488,270.8162940655521,81
40,4,"[1,14,27,40]",0.35,2.5,1.0,even_idm_leader_d02,0.2,margin,8.0,1.5,0,5.0,closed symmetric acceleration-command pulse,0.1,4,"[1,14,27,40]",1.0,jerk_saturation,5.0,-25.0,0,idm,[],60.0,0.2,even,7.763404032235002,17.940824239627887,0.006469503360195835,2.5,gap_lower,8.6,0.30295878801860565,1,5.0,gap_lower,0.6284722142964542,7.1000000000000005,1,0.3539634035359919,0.0,0.7,1.0,5ee6b741b0418831,1.0,11,controller_comparison;layout_comparison,1.0,24.0,20.0,0.21679742284252385,1.9137499999919783,0.4524543277236681,310.53616128940007,41
40,4,"[1,14,27,40]",0.35,1.7,1.0,even_idm_leader_d02,0.2,predictive,8.0,1.5,0,5.0,closed symmetric acceleration-command pulse,0.1,4,"[1,14,27,40]",1.0,jerk_saturation,5.0,-17.0,0,idm,[],60.0,0.2,even,2.913701018477094,20.126428094831113,0.0024280841820642452,1.7,gap_lower,8.1,0.19367859525844439,1,5.0,gap_lower,0.7405207352121215,6.7,1,0.24508576040922214,0.0,0.7,1.0,5efaa0eb9b8f08e6,1.0,61,controller_comparison,1.0,24.0,20.0,0.1849229487713453,1.2353519317431392,0.17500000000000426,116.54804073908377,41
40,4,"[1,14,27,40]",0.35,1.0,1.0,even_idm_leader_cmd04,0.4,margin,8.0,1.5,0,5.0,closed symmetric acceleration-command pulse,0.1,4,"[1,14,27,40]",1.0,jerk_saturation,5.0,-10.0,0,idm,[],60.0,0.2,even,3.2491692247847626,21.96675522775942,0.0027076410206539688,1.0,jerk,6.7,0.1618300440899868,1,5.0,gap_lower,0.8437995695711498,6.7,1,0.4289121016803463,0.0,0.7,1.0,5f047b641f869969,1.0,167,prediction_scope,1.0,24.0,20.0,0.22628387334820138,2.1726026366417273,0.43364160831497145,129.9667689913905,41
40,4,"[1,14,27,40]",0.35,1.9,1.0,even_idm_leader_cmd04,0.4,margin,8.0,1.5,0,5.0,closed symmetric acceleration-command pulse,0.1,4,"[1,14,27,40]",1.0,jerk_saturation,5.0,-18.999999999999996,0,idm,[],60.0,0.2,even,5.540366697380716,19.72904833201028,0.004616972247817264,1.9,jerk,6.2,0.2157434402332361,1,5.0,gap_lower,0.710639156871452,6.800000000000001,1,0.35786361025327657,0.0,0.7,1.0,5f790fd38aff03b3,1.0,131,prediction_scope,1.0,24.0,20.0,0.2330599096130229,1.3028028751981537,0.47499999999811493,221.61466789522865,41
40,0,[],0.35,2.5,0.0,even_idm_leader_d02,0.2,human,8.0,1.5,0,5.0,closed symmetric acceleration-command pulse,0.1,0,[],146.0,jerk_saturation,5.0,-25.0,0,idm,[],60.0,0.2,even,292.8917530338785,-2.529261933849483,0.24407646086156543,4.5,gap_lower,40.5,1.3264630966924742,24,5.000000000000004,gap_lower,-0.501963096692475,40.0,24,5.333333333333333,4.237442567539016,0.7,0.0,5f7aedacd8d5a2e7,0.0,11,controller_comparison,0.0,24.0,20.0,4.5,100.53058395946198,20.0,11715.67012135514,41
40,4,"[1,14,27,40]",0.35,1.8,1.0,even_idm_leader_cmd0,0.0,margin,8.0,1.5,0,5.0,closed symmetric acceleration-command pulse,0.1,4,"[1,14,27,40]",1.0,jerk_saturation,5.0,-18.0,0,idm,[],60.0,0.2,even,4.90729499872015,20.24543240660705,0.0040894124989334585,1.8,jerk,5.9,0.1949187838400666,1,5.0,gap_lower,0.7398714811833569,6.7,1,0.29629195513215,0.0,0.7,1.0,5f7f8d940b87347d,1.0,191,prediction_scope,1.0,24.0,20.0,0.059054891141904424,2.6369999999992615,0.324719582634188,196.29179994880602,41
40,4,"[1,14,27,40]",0.35,1.8,0.0,even_idm_leader_d02,0.2,wave,8.0,1.5,0,5.0,closed symmetric acceleration-command pulse,0.1,4,"[1,14,27,40]",44.0,jerk_saturation,5.0,-18.0,0,idm,[],60.0,0.2,even,40.63457857955945,-2.427834986540674,0.033862148816299543,4.5,gap_lower,55.800000000000004,1.3213917493270337,34,5.000000000000004,gap_lower,-0.4968917493270338,55.300000000000004,34,7.4074074074074066,1.4063979197312904,0.7,0.0,5ff2217b86f1df6b,0.0,61,controller_comparison,0.0,24.0,20.0,4.5,36.96205001898289,20.0,1625.383143182378,41
40,4,"[1,14,27,40]",0.35,0.25,1.0,even_idm_leader_d02,0.2,acc,8.0,1.5,0,5.0,closed symmetric acceleration-command pulse,0.1,4,"[1,14,27,40]",0.0,acceleration_upper,8.9,0.11045353428495491,1,idm,[],60.0,0.2,even,0.40901203499268285,23.599743840947625,0.00034084336249390237,0.25,acceleration_upper,8.9,0.11045353428495491,1,5.0,acceleration_upper,0.8798395296158674,8.3,1,0.8070695198907742,0.0004688478771205003,0.7,1.0,6004f3391483e7fc,1.0,79,controller_comparison,1.0,24.0,20.0,0.010905398611210175,0.06984424617851914,0.039875914684387226,16.360481399707314,41
40,4,"[1,2,3,4]",0.35,1.8,1.0,front_idm_leader_d02,0.2,margin,8.0,1.5,0,5.0,closed symmetric acceleration-command pulse,0.1,4,"[1,2,3,4]",1.0,jerk_saturation,5.0,-18.0,0,idm,[],60.0,0.2,front,6.9209445233072575,20.118271619165995,0.005767453769422714,1.8,jerk,6.1000000000000005,0.1949187838400666,1,5.0,gap_lower,0.7314541031193812,6.7,1,0.3239786377755459,3.6323317792258183e-06,0.7,1.0,6011db0aeed50173,1.0,97,layout_comparison;prediction_scope,1.0,24.0,20.0,0.20351639197953236,2.972280225506438,0.4217619614646182,276.8377809322903,41
40,0,[],0.35,0.25,1.0,even_idm_leader_d02,0.2,human,8.0,1.5,0,5.0,closed symmetric acceleration-command pulse,0.1,0,[],0.0,acceleration_upper,8.9,0.07914289586333147,1,idm,[],60.0,0.2,even,0.3713791319866222,23.592341873324457,0.00030948260998885183,0.25,acceleration_upper,8.9,0.07914289586333147,1,5.0,acceleration_upper,0.9230553573043985,8.9,1,0.6979807417176099,0.00010890094955584573,0.7,1.0,601356ce93a7a758,1.0,29,controller_comparison,1.0,24.0,20.0,0.006684863543249533,0.06349195632620308,0.03016214278780538,14.855165279464888,41
40,4,"[1,14,27,40]",0.35,1.0,1.0,even_idm_leader_cmd04,0.4,margin,8.0,1.5,0,5.0,closed symmetric acceleration-command pulse,0.1,4,"[1,14,27,40]",1.0,jerk_saturation,5.0,-10.0,0,idm,[],60.0,0.2,even,3.5787655533771145,21.96675522775942,0.002982304627814262,1.0,jerk,6.7,0.1618300440899868,1,5.0,gap_lower,0.8437995695711498,6.7,1,0.4289121016803463,0.0,0.7,1.0,60250b47052c9996,1.0,113,prediction_scope,1.0,24.0,20.0,0.21679742284252312,2.6598949226686273,0.45958773738664505,143.15062213508457,41
40,4,"[1,14,27,40]",0.35,0.0,1.0,even_idm_leader_d02,0.2,wave,8.0,1.5,0,5.0,closed symmetric acceleration-command pulse,0.1,4,"[1,14,27,40]",0.0,jerk,0.1,3.0438989830050984e-16,32,idm,[],60.0,0.2,even,0.0,24.0,0.0,1.519770894331564e-16,jerk,0.1,3.0438989830050984e-16,32,1.5219494915025492e-15,acceleration_upper,0.9999999999999999,0.0,21,0.0,0.0,0.7,1.0,60fe3fd1418812f0,1.0,3,controller_comparison,1.0,24.0,20.0,1.5219494915025492e-16,0.0,0.0,0.0,41
40,4,"[19,20,21,22]",0.35,2.1,0.0,middle_idm_leader_d02,0.2,margin,8.0,1.5,0,5.0,closed symmetric acceleration-command pulse,0.1,4,"[19,20,21,22]",83.0,jerk_saturation,5.0,-21.0,0,idm,[],60.0,0.2,middle,144.7500006927527,-99.29256240002302,0.12062500057729392,4.5,gap_lower,51.900000000000006,6.164628120001151,19,5.000000000000004,gap_lower,-5.32723596174664,50.300000000000004,19,6.349206349206349,0.0012224500025818466,0.7,0.0,612c21e0950a0c3d,0.0,47,layout_comparison,0.0,24.0,20.0,4.5,137.49962044435586,20.0,5790.000027710108,41
40,4,"[1,14,27,40]",0.35,2.5,0.0,even_idm_leader_d02,0.2,wave,8.0,1.5,0,5.0,closed symmetric acceleration-command pulse,0.1,4,"[1,14,27,40]",105.0,jerk_saturation,5.0,-25.0,0,idm,[],60.0,0.2,even,168.50494114563782,-33.018144241450614,0.1404207842880315,4.5,gap_lower,60.0,2.8509072120725305,27,5.000000000000004,gap_lower,-2.0319428478525667,59.900000000000006,27,5.333333333333333,2.858487098545375,0.7,0.0,612d815e85dda914,0.0,191,controller_comparison,0.0,24.0,20.0,4.5,92.47671393794002,20.0,6740.197645825512,41
40,4,"[1,2,3,4]",0.35,1.8,1.0,front_idm_leader_d02,0.2,margin,8.0,1.5,0,5.0,closed symmetric acceleration-command pulse,0.1,4,"[1,2,3,4]",1.0,jerk_saturation,5.0,-18.0,0,idm,[],60.0,0.2,front,6.592041662979443,20.118271619165995,0.005493368052482869,1.8,jerk,6.1000000000000005,0.1949187838400666,1,5.0,gap_lower,0.7314541031193812,6.7,1,0.3239786377755459,2.9713062930256826e-06,0.7,1.0,617fcae141ad1444,1.0,79,layout_comparison,1.0,24.0,20.0,0.20351639197953236,2.972280225506438,0.3996563713423775,263.6816665191777,41
40,4,"[19,20,21,22]",0.35,1.8,0.0,middle_idm_leader_d02,0.2,margin,8.0,1.5,0,5.0,closed symmetric acceleration-command pulse,0.1,4,"[19,20,21,22]",75.0,jerk_saturation,5.0,-18.0,0,idm,[],60.0,0.2,middle,99.9399953665482,-83.83096616480006,0.0832833294721235,4.5,gap_lower,44.5,5.391548308240003,19,5.000000000000004,gap_lower,-4.398660608648234,43.400000000000006,19,7.4074074074074066,0.0006491702606291903,0.7,0.0,618d30876e96b693,0.0,47,layout_comparison,0.0,24.0,20.0,4.5,121.9679655757958,20.0,3997.599814661928,41
40,4,"[1,14,27,40]",0.35,1.8,1.0,even_idm_leader_d02,0.2,predictive,8.0,1.5,0,5.0,closed symmetric acceleration-command pulse,0.1,4,"[1,14,27,40]",1.0,jerk_saturation,5.0,-18.0,0,idm,[],60.0,0.2,even,3.4010768961617517,19.848370192974244,0.0028342307468014597,1.8,gap_lower,8.200000000000001,0.2075814903512878,1,5.0,gap_lower,0.7253314111035014,6.800000000000001,1,0.24364478835789202,0.0,0.7,1.0,622d4e557fffbdb7,1.0,11,controller_comparison,1.0,24.0,20.0,0.21679742284252312,1.3338625840696068,0.20000000000000995,136.04307584647006,41
40,4,"[19,20,21,22]",0.35,0.25,1.0,middle_idm_leader_d02,0.2,margin,8.0,1.5,0,5.0,closed symmetric acceleration-command pulse,0.1,4,"[19,20,21,22]",0.0,acceleration_upper,8.9,0.08939207863011335,1,idm,[],60.0,0.2,middle,0.25437336161445845,23.49554642374642,0.00021197780134538205,0.25,acceleration_upper,8.9,0.08939207863011335,1,5.0,acceleration_upper,0.9131947058832561,8.9,1,0.742536747692308,0.0,0.7,1.0,62760fcbafbfa58e,1.0,79,layout_comparison,1.0,24.0,20.0,0.00038442835697751913,0.5044535762535816,0.005455068614466541,10.174934464578339,41
80,8,"[1,12,24,35,46,57,69,80]",0.35,1.5,1.0,even_idm_leader_N80,0.2,margin,8.0,1.5,0,5.0,closed symmetric acceleration-command pulse,0.1,8,"[1,12,24,35,46,57,69,80]",1.0,jerk_saturation,5.0,-15.0,0,idm,[],60.0,0.2,even,2.162501874934068,20.903158065760977,0.0018020848957783903,1.5,jerk,6.2,0.18004402927351704,1,5.0,gap_lower,0.7739406906150658,6.7,1,0.34133460735243504,0.0,0.7,1.0,62bf4c75ca4ce621,1.0,131,chain_length_scope,1.0,24.0,20.0,0.08524874594676748,2.140000000000782,0.3749999999999858,173.00014999472546,81
40,4,"[19,20,21,22]",0.35,1.8,0.0,middle_idm_leader_d02,0.2,margin,8.0,1.5,0,5.0,closed symmetric acceleration-command pulse,0.1,4,"[19,20,21,22]",84.0,jerk_saturation,5.0,-18.0,0,idm,[],60.0,0.2,middle,122.40220226508127,-92.37727495480357,0.10200183522090106,4.5,gap_lower,47.2,5.818863747740179,19,5.000000000000004,gap_lower,-4.905189963658314,44.6,19,7.4074074074074066,0.0010274438783773752,0.7,0.0,632d1ee718c09581,0.0,11,layout_comparison,0.0,24.0,20.0,4.5,155.02664047834082,20.0,4896.088090603251,41
80,8,"[1,12,24,35,46,57,69,80]",0.35,1.8,1.0,even_idm_leader_N80,0.2,wave,8.0,1.5,0,5.0,closed symmetric acceleration-command pulse,0.1,8,"[1,12,24,35,46,57,69,80]",56.0,jerk_saturation,5.0,-18.0,0,idm,[],60.0,0.2,even,30.448041775188756,-19.109406898676397,0.02537336814599063,4.5,gap_lower,60.0,2.15547034493382,35,5.000000000000004,gap_lower,-1.4292858882405957,59.900000000000006,35,7.4074074074074066,0.0,0.7,0.0,63977aab62b27fe5,0.0,167,chain_length_scope,0.0,24.0,20.0,4.5,49.46033562880004,20.0,2435.8433420151005,81
40,4,"[1,14,27,40]",0.35,0.0,1.0,even_idm_leader_d02,0.2,margin,8.0,1.5,0,5.0,closed symmetric acceleration-command pulse,0.1,4,"[1,14,27,40]",0.0,jerk,0.1,3.0868044401493493e-16,5,idm,[],60.0,0.2,even,0.0,24.0,0.0,1.5431316168805067e-16,jerk,0.1,3.0868044401493493e-16,5,1.5434022200746747e-15,acceleration_upper,0.9999999999999999,0.0,2,0.0,0.0,0.7,1.0,63c074e00cc5bfa2,1.0,167,controller_comparison;layout_comparison;prediction_scope,1.0,24.0,20.0,1.543402220074675e-16,0.0,0.0,0.0,41
20,2,"[1,20]",0.35,2.2,1.0,even_idm_leader_N20,0.2,predictive,8.0,1.5,0,5.0,closed symmetric acceleration-command pulse,0.1,2,"[1,20]",1.0,jerk_saturation,5.0,-22.0,0,idm,[],60.0,0.2,even,7.745801621090362,18.552015762797367,0.006454834684241968,2.2,gap_lower,8.6,0.2723992118601316,1,5.0,gap_lower,0.6637930717799548,6.9,1,0.2575566637404807,0.06060606060606361,0.7,1.0,63c0cb5bc6339169,1.0,131,chain_length_scope,1.0,24.0,20.0,0.01908405894226864,2.4521604787437354,0.20000000000000995,154.91603242180724,21
40,4,"[1,14,27,40]",0.35,1.8,1.0,even_idm_leader_d02,0.2,wave,8.0,1.5,0,5.0,closed symmetric acceleration-command pulse,0.1,4,"[1,14,27,40]",1.0,jerk_saturation,5.0,-18.0,0,idm,[],60.0,0.2,even,4.754899496142889,21.01273272579344,0.003962416246785741,1.8,acceleration_upper,9.0,0.8108967007441591,1,5.0,acceleration_upper,0.1154448318353769,8.5,1,0.7942805054877989,0.00046925861343328064,0.7,1.0,63cb2a8d093b8258,1.0,191,controller_comparison,1.0,24.0,20.0,0.07546478666843794,0.723327168761557,0.37890061162115884,190.19597984571558,41
40,4,"[1,14,27,40]",0.35,0.25,1.0,even_idm_leader_cmd0,0.0,margin,8.0,1.5,0,5.0,closed symmetric acceleration-command pulse,0.1,4,"[1,14,27,40]",0.0,gap_lower,12.9,0.028125,1,idm,[],60.0,0.2,even,0.0,23.4375,0.0,0.25,gap_lower,12.9,0.028125,1,5.0,gap_lower,0.9535000000000021,6.7,1,0.0,0.0,0.7,1.0,63d02b10b6c8071e,1.0,167,prediction_scope,1.0,24.0,20.0,1.543402220074675e-16,0.5625,0.0,0.0,41
80,8,"[1,12,24,35,46,57,69,80]",0.35,2.5,1.0,even_idm_leader_N80,0.2,margin,8.0,1.5,0,5.0,closed symmetric acceleration-command pulse,0.1,8,"[1,12,24,35,46,57,69,80]",1.0,jerk_saturation,5.0,-25.0,0,idm,[],60.0,0.2,even,3.7290425711554223,17.940824239627887,0.003107535475962852,2.5,gap_lower,8.6,0.30295878801860565,1,5.0,gap_lower,0.6284722142964542,7.1000000000000005,1,0.3329445331574059,0.0,0.7,1.0,63d080b231d1626c,1.0,97,chain_length_scope,1.0,24.0,20.0,0.0930012398930151,2.0241824843978975,0.449999999999978,298.32340569243377,81
40,4,"[1,2,3,4]",0.35,1.9,1.0,front_idm_leader_d02,0.2,margin,8.0,1.5,0,5.0,closed symmetric acceleration-command pulse,0.1,4,"[1,2,3,4]",1.0,jerk_saturation,5.0,-18.999999999999996,0,idm,[],60.0,0.2,front,6.961069649573062,19.858526954864345,0.005800891374644218,1.9,jerk,6.0,0.2157434402332361,1,5.0,gap_lower,0.7185493977653218,6.7,1,0.3157433198713496,2.0280153671791867e-06,0.7,1.0,63d37feba6ce24c0,1.0,131,layout_comparison;prediction_scope,1.0,24.0,20.0,0.20351639197953236,2.9747802255089937,0.42944834735549264,278.4427859829225,41
80,8,"[1,12,24,35,46,57,69,80]",0.35,2.5,1.0,even_idm_leader_N80,0.2,margin,8.0,1.5,0,5.0,closed symmetric acceleration-command pulse,0.1,8,"[1,12,24,35,46,57,69,80]",1.0,jerk_saturation,5.0,-25.0,0,idm,[],60.0,0.2,even,3.7569877185994995,17.940824239627887,0.0031308230988329163,2.5,gap_lower,8.6,0.30295878801860565,1,5.0,gap_lower,0.6284722142964542,7.1000000000000005,1,0.3441399810703947,0.0,0.7,1.0,63e276e9492ffcde,1.0,113,chain_length_scope,1.0,24.0,20.0,0.08515087810411993,1.9499736416007636,0.449999999999978,300.55901748796,81
40,4,"[37,38,39,40]",0.35,1.9,0.0,rear_idm_leader_d02,0.2,margin,8.0,1.5,0,5.0,closed symmetric acceleration-command pulse,0.1,4,"[37,38,39,40]",114.0,jerk_saturation,5.0,-18.999999999999996,0,idm,[],60.0,0.2,rear,216.9830851217119,-53.55230774152066,0.18081923760142657,4.5,gap_lower,60.0,3.8776153870760326,37,5.000000000000004,gap_lower,-3.377477659048244,59.900000000000006,37,7.017543859649123,0.17983411331603702,0.7,0.0,6455d27303ce3803,0.0,97,layout_comparison;prediction_scope,0.0,24.0,20.0,4.5,133.24604695349115,20.0,8679.323404868475,41
40,4,"[1,14,27,40]",0.35,2.5,1.0,even_idm_leader_d02,0.2,predictive,8.0,1.5,0,5.0,closed symmetric acceleration-command pulse,0.1,4,"[1,14,27,40]",1.0,jerk_saturation,5.0,-25.0,0,idm,[],60.0,0.2,even,5.265572682618238,17.44987155700528,0.004387977235515198,2.5,gap_lower,8.8,0.32750642214973597,1,5.0,gap_lower,0.616796615564511,7.0,1,0.28085083928444304,0.0,0.7,1.0,64a94fd167d5139d,1.0,3,controller_comparison,1.0,24.0,20.0,0.07763299884460204,2.0429479825349404,0.3387146422709826,210.62290730472952,41
40,4,"[19,20,21,22]",0.35,0.0,1.0,middle_idm_leader_d02,0.2,margin,8.0,1.5,0,5.0,closed symmetric acceleration-command pulse,0.1,4,"[19,20,21,22]",0.0,jerk,0.1,3.0840736763882177e-16,24,idm,[],60.0,0.2,middle,0.0,24.0,0.0,1.4927216045054946e-16,jerk,0.1,3.0840736763882177e-16,24,1.5420368381941087e-15,acceleration_upper,0.9999999999999999,0.0,12,0.0,0.0,0.7,1.0,64be2ac01f634e62,1.0,79,layout_comparison,1.0,24.0,20.0,1.5420368381941088e-16,0.0,0.0,0.0,41
40,4,"[1,14,27,40]",0.35,2.5,1.0,even_idm_leader_d02,0.2,margin,8.0,1.5,0,5.0,closed symmetric acceleration-command pulse,0.1,4,"[1,14,27,40]",1.0,jerk_saturation,5.0,-25.0,0,idm,[],60.0,0.2,even,7.659538320816734,17.940824239627887,0.006382948600680611,2.5,gap_lower,8.6,0.30295878801860565,1,5.0,gap_lower,0.6284722142964542,7.1000000000000005,1,0.3329445331574059,0.0,0.7,1.0,64c4443143e8d899,1.0,113,controller_comparison;layout_comparison;prediction_scope,1.0,24.0,20.0,0.21679742284252457,1.9137499999919783,0.449999999999978,306.38153283266934,41
40,4,"[1,14,27,40]",0.35,1.8,1.0,even_idm_leader_d02,0.2,predictive,8.0,1.5,0,5.0,closed symmetric acceleration-command pulse,0.1,4,"[1,14,27,40]",1.0,jerk_saturation,5.0,-18.0,0,idm,[],60.0,0.2,even,3.0909085558530216,19.848370192974244,0.0025757571298775177,1.8,gap_lower,8.200000000000001,0.2075814903512878,1,5.0,gap_lower,0.7253314111035014,6.800000000000001,1,0.2528496980430756,0.0,0.7,1.0,64c75fb78f0cbb67,1.0,3,controller_comparison,1.0,24.0,20.0,0.20351639197953236,1.308064649135531,0.17500000000000426,123.63634223412086,41
40,4,"[1,14,27,40]",0.35,1.0,1.0,even_idm_leader_d02,0.2,wave,8.0,1.5,0,5.0,closed symmetric acceleration-command pulse,0.1,4,"[1,14,27,40]",1.0,jerk_saturation,5.0,-10.0,0,idm,[],60.0,0.2,even,1.9322996400674977,22.41719531546063,0.0016102497000562482,1.0,acceleration_upper,8.9,0.47616499802648427,1,5.0,acceleration_upper,0.4712842528868433,8.3,1,0.7636366299609705,0.00029137280392177445,0.7,1.0,64ed738e07638a73,1.0,131,controller_comparison,1.0,24.0,20.0,0.024233321309223507,0.2710681613689587,0.13634766244068786,77.29198560269991,41
40,4,"[1,14,27,40]",0.35,2.1,1.0,even_idm_internal8_d02,0.2,margin,8.0,1.5,8,5.0,closed symmetric acceleration-command pulse,0.1,4,"[1,14,27,40]",2.0,jerk_saturation,5.0,-21.0,8,idm,[],60.0,0.2,even,8.985656430651469,13.826279124003392,0.00748804702554289,2.8696541900483172,jerk,5.300000000000001,1.0000000000000002,8,5.000000000000001,acceleration_upper,0.0,6.5,8,1.3440053778747936,0.14285713255220223,0.7,1.0,6500a4a64ebe8b63,1.0,131,prediction_scope,1.0,24.0,20.0,0.22628395760281636,3.4777686286857943,0.6496652971131383,359.42625722605874,41
80,8,"[1,12,24,35,46,57,69,80]",0.35,1.5,1.0,even_idm_leader_N80,0.2,predictive,8.0,1.5,0,5.0,closed symmetric acceleration-command pulse,0.1,8,"[1,12,24,35,46,57,69,80]",1.0,jerk_saturation,5.0,-15.0,0,idm,[],60.0,0.2,even,1.2199409756603408,20.59906245446058,0.0010166174797169507,1.5,gap_lower,8.1,0.17004687727697104,1,5.0,gap_lower,0.7612126343801773,6.7,1,0.2222220090665543,0.0,0.7,1.0,656d91b4998231c3,1.0,97,chain_length_scope,1.0,24.0,20.0,0.053427966410233306,1.3374657468705209,0.14999999999999858,97.59527805282727,81
40,4,"[1,14,27,40]",0.35,2.5,1.0,even_ovm_leader_d02,0.2,margin,8.0,1.5,0,5.0,closed symmetric acceleration-command pulse,0.1,4,"[1,14,27,40]",2.0,jerk_saturation,5.0,-25.0,0,ovm,[],60.0,0.2,even,13.610496187728183,5.8421030292561795,0.011342080156440152,2.5,acceleration_upper,55.800000000000004,0.9806826054808184,26,5.0,acceleration_upper,0.023919316309062078,55.7,26,1.5045492665316544,0.0,0.7,0.0,65be09932e3fd96c,1.0,191,prediction_scope,0.0,24.0,20.0,1.320386736222565,16.119574502389185,3.7976787100023657,544.4198475091273,41
40,4,"[1,2,3,4]",0.35,2.0,1.0,front_idm_leader_d02,0.2,margin,8.0,1.5,0,5.0,closed symmetric acceleration-command pulse,0.1,4,"[1,2,3,4]",1.0,jerk_saturation,5.0,-20.0,0,idm,[],60.0,0.2,front,6.898737633963338,19.56003271057392,0.005748948028302782,2.0,gap_lower,8.1,0.22199836447130394,1,5.0,gap_lower,0.7028209984038035,6.800000000000001,1,0.3165806789364443,2.383856249584445e-06,0.7,1.0,65c5a23c92a33b87,1.0,61,layout_comparison,1.0,24.0,20.0,0.04490119131446438,2.402499999994461,0.4237264279000854,275.94950535853354,41
40,4,"[1,14,27,40]",0.35,1.5,1.0,even_idm_leader_cmd04,0.4,margin,8.0,1.5,0,5.0,closed symmetric acceleration-command pulse,0.1,4,"[1,14,27,40]",1.0,jerk_saturation,5.0,-15.0,0,idm,[],60.0,0.2,even,4.304794289307695,20.76997882537276,0.0035873285744230793,1.5,jerk,6.4,0.18004402927351704,1,5.0,gap_lower,0.7672837536055284,6.7,1,0.3731435285351902,0.0,0.7,1.0,65e20373586507c3,1.0,167,prediction_scope,1.0,24.0,20.0,0.23789992663417944,2.5037500000169075,0.4841547049966515,172.1917715723078,41
80,8,"[1,12,24,35,46,57,69,80]",0.35,2.0,1.0,even_idm_leader_N80,0.2,wave,8.0,1.5,0,5.0,closed symmetric acceleration-command pulse,0.1,8,"[1,12,24,35,46,57,69,80]",2.0,jerk_saturation,5.0,-20.0,0,idm,[],60.0,0.2,even,6.021580069304482,18.55726314798696,0.005017983391087069,3.3423137810481256,acceleration_upper,9.1,0.88821329777608,1,5.0,acceleration_upper,0.03278903783535214,8.5,1,1.4733291847577938,0.0,0.7,0.0,65f306f866bf59b4,1.0,131,chain_length_scope,0.0,24.0,20.0,3.3423137810481256,5.252158414938421,4.419987554273382,481.7264055443586,81
40,4,"[1,14,27,40]",0.35,2.5,1.0,even_idm_leader_cmd04,0.4,margin,8.0,1.5,0,5.0,closed symmetric acceleration-command pulse,0.1,4,"[1,14,27,40]",1.0,jerk_saturation,5.0,-25.0,0,idm,[],60.0,0.2,even,6.641301292003125,17.768573398377953,0.005534417743335938,2.5,gap_lower,8.5,0.3115713300811024,1,5.0,gap_lower,0.6226531178538599,7.2,1,0.35790496768155816,0.0,0.7,1.0,661b2f635b74913a,1.0,191,prediction_scope,1.0,24.0,20.0,0.23305990961327222,1.7049999999999272,0.49999999999901945,265.652051680125,41
40,4,"[1,14,27,40]",0.35,1.0,1.0,even_idm_internal8_d02,0.2,margin,8.0,1.5,8,5.0,closed symmetric acceleration-command pulse,0.1,4,"[1,14,27,40]",1.0,jerk_saturation,5.0,-10.0,8,idm,[],60.0,0.2,even,2.4998021900394343,22.42067435242234,0.0020831684916995286,0.9999999999999999,jerk,5.1000000000000005,1.0,8,5.0,acceleration_upper,0.20212931943056622,7.4,8,0.8796292064689079,0.15906827408660007,0.7,1.0,663305ab358a2ef6,1.0,97,prediction_scope,1.0,24.0,20.0,0.24559035548040717,2.4460574300539975,0.27712690763132386,99.99208760157737,41
40,4,"[1,14,27,40]",0.35,1.7,1.0,even_idm_leader_d02,0.2,wave,8.0,1.5,0,5.0,closed symmetric acceleration-command pulse,0.1,4,"[1,14,27,40]",1.0,jerk_saturation,5.0,-17.0,0,idm,[],60.0,0.2,even,5.468051655069084,21.194869123199226,0.00455670971255757,1.7,acceleration_upper,9.0,0.7722007508944968,1,5.0,acceleration_upper,0.15762496776271306,8.4,1,0.7907956668683235,0.0012790139965481032,0.7,1.0,666cb47b7edebc60,1.0,167,controller_comparison,1.0,24.0,20.0,0.1533187077273407,0.9761438076140507,0.585379851233828,218.72206620276336,41
40,0,[],0.35,1.8,0.0,even_idm_leader_d02,0.2,human,8.0,1.5,0,5.0,closed symmetric acceleration-command pulse,0.1,0,[],128.0,jerk_saturation,5.0,-18.0,0,idm,[],60.0,0.2,even,234.0963336989201,-2.70392573911343,0.1950802780824334,4.5,gap_lower,29.5,1.3351962869556715,15,5.000000000000004,gap_lower,-0.5106962869556716,29.0,15,7.4074074074074066,5.225103188945773,0.7,0.0,66ae3e1b68852d45,0.0,149,controller_comparison,0.0,24.0,20.0,4.5,127.77017296830752,20.0,9363.853347956803,41
40,4,"[1,14,27,40]",0.35,2.0,1.0,even_idm_leader_cmd0,0.0,margin,8.0,1.5,0,5.0,closed symmetric acceleration-command pulse,0.1,4,"[1,14,27,40]",1.0,jerk_saturation,5.0,-20.0,0,idm,[],60.0,0.2,even,5.370484024089228,19.702188065488627,0.0044754033534076905,2.0,jerk,5.800000000000001,0.2157434402332361,1,5.0,gap_lower,0.71213316245092,6.800000000000001,1,0.2916611877818802,0.0,0.7,1.0,66c62259e30cfcd0,1.0,191,prediction_scope,1.0,24.0,20.0,0.1588921284300571,2.35124999999357,0.34405471358843087,214.81936096356912,41
40,4,"[1,14,27,40]",0.35,0.0,1.0,even_idm_leader_d02,0.2,predictive,8.0,1.5,0,5.0,closed symmetric acceleration-command pulse,0.1,4,"[1,14,27,40]",0.0,jerk,0.1,8.431356589244537e-16,34,idm,[],60.0,0.2,even,0.0,24.0,0.0,1.4937857699229206e-16,jerk,0.1,8.431356589244537e-16,34,4.215678294622268e-15,acceleration_upper,0.9999999999999998,0.0,34,0.0,0.0,0.7,1.0,66da5ec971d0dcea,1.0,11,controller_comparison,1.0,24.0,20.0,4.215678294622269e-16,0.0,0.0,0.0,41
40,0,[],0.35,2.1,0.0,even_idm_leader_d02,0.2,human,8.0,1.5,0,5.0,closed symmetric acceleration-command pulse,0.1,0,[],134.0,jerk_saturation,5.0,-21.0,0,idm,[],60.0,0.2,even,257.5560637450158,-2.419767585524184,0.21463005312084651,4.5,gap_lower,53.400000000000006,1.3209883792762092,34,5.000000000000004,gap_lower,-0.4964883792762095,52.900000000000006,34,6.349206349206349,4.733779516411111,0.7,0.0,66dd24aa1c24ae8d,0.0,61,controller_comparison,0.0,24.0,20.0,4.5,87.47460142329243,20.0,10302.242549800632,41
20,2,"[1,20]",0.35,0.0,1.0,even_idm_leader_N20,0.2,margin,8.0,1.5,0,5.0,closed symmetric acceleration-command pulse,0.1,2,"[1,20]",0.0,jerk,0.1,2.9917851233384956e-16,7,idm,[],60.0,0.2,even,0.0,24.0,0.0,1.4958925616692478e-16,jerk,0.1,2.9917851233384956e-16,7,1.4958925616692477e-15,acceleration_upper,0.9999999999999999,0.0,12,0.0,0.0,0.7,1.0,6707d7ed1710aced,1.0,167,chain_length_scope,1.0,24.0,20.0,1.4958925616692478e-16,0.0,0.0,0.0,21
80,8,"[1,12,24,35,46,57,69,80]",0.35,1.5,1.0,even_idm_leader_N80,0.2,predictive,8.0,1.5,0,5.0,closed symmetric acceleration-command pulse,0.1,8,"[1,12,24,35,46,57,69,80]",1.0,jerk_saturation,5.0,-15.0,0,idm,[],60.0,0.2,even,1.318189395670277,20.59906245446058,0.0010984911630585643,1.5,gap_lower,8.1,0.17004687727697104,1,5.0,gap_lower,0.7612126343801773,6.7,1,0.22795846697874034,0.0,0.7,1.0,6759467e2529e909,1.0,167,chain_length_scope,1.0,24.0,20.0,0.06827290883346285,1.2989673977798475,0.1743016224985432,105.45515165362217,81
20,2,"[1,20]",0.35,2.0,1.0,even_idm_leader_N20,0.2,margin,8.0,1.5,0,5.0,closed symmetric acceleration-command pulse,0.1,2,"[1,20]",1.0,jerk_saturation,5.0,-20.0,0,idm,[],60.0,0.2,even,8.45931021148029,19.56003271057392,0.007049425176233575,2.0,gap_lower,8.1,0.22199836447130394,1,5.0,gap_lower,0.7028209984038035,6.800000000000001,1,0.3305254838902556,0.15833333333332789,0.7,1.0,67659ad63779e3b6,1.0,191,chain_length_scope,1.0,24.0,20.0,0.01735447570953418,2.3075000000003456,0.17633839939448492,169.1862042296058,21
40,0,[],0.35,1.9,0.0,even_idm_leader_d02,0.2,human,8.0,1.5,0,5.0,closed symmetric acceleration-command pulse,0.1,0,[],128.0,jerk_saturation,5.0,-18.999999999999996,0,idm,[],60.0,0.2,even,237.2120642610915,-2.3817598367418924,0.19767672021757626,4.5,gap_lower,28.200000000000003,1.3190879918370946,14,5.000000000000004,gap_lower,-0.4945879918370938,27.700000000000003,14,7.017543859649123,4.886138701976589,0.7,0.0,67892123a7d7f30a,0.0,79,controller_comparison,0.0,24.0,20.0,4.5,85.93805521371723,20.0,9488.48257044366,41
40,4,"[1,14,27,40]",0.35,1.7,1.0,even_ovm_leader_d02,0.2,margin,8.0,1.5,0,5.0,closed symmetric acceleration-command pulse,0.1,4,"[1,14,27,40]",2.0,jerk_saturation,5.0,-17.0,0,ovm,[],60.0,0.2,even,9.37677535475608,13.004325613503966,0.007813979462296734,1.7,gap_lower,56.0,0.5497837193248017,27,5.0,gap_lower,0.4384533077687259,55.300000000000004,27,1.326415400035886,0.0,0.7,0.0,67b1445fb79c9af9,1.0,131,prediction_scope,0.0,24.0,20.0,0.9286793451157593,10.330916218062555,2.3061956350388364,375.07101419024326,41
40,0,[],0.35,0.0,1.0,even_idm_leader_d02,0.2,human,8.0,1.5,0,5.0,closed symmetric acceleration-command pulse,0.1,0,[],0.0,jerk,0.1,5.669712742983465e-16,30,idm,[],60.0,0.2,even,0.0,24.0,0.0,1.519317481612589e-16,jerk,0.1,5.669712742983465e-16,30,2.8348563714917324e-15,command_upper,0.9999999999999998,0.0,30,0.0,0.0,0.7,1.0,67b9ad2ad7fe68cc,1.0,113,controller_comparison,1.0,24.0,20.0,2.8348563714917324e-16,0.0,0.0,0.0,41
20,2,"[1,20]",0.35,1.8,1.0,even_idm_leader_N20,0.2,wave,8.0,1.5,0,5.0,closed symmetric acceleration-command pulse,0.1,2,"[1,20]",1.0,jerk_saturation,5.0,-18.0,0,idm,[],60.0,0.2,even,10.623966862102886,19.236157108080377,0.008853305718419073,2.1896060908366914,acceleration_upper,9.0,0.8108967007441591,1,5.0,acceleration_upper,0.1154448318353769,8.5,1,1.3545974810790644,1.1496275797313358,0.7,1.0,67d7da3deabeb9c1,1.0,149,chain_length_scope,1.0,24.0,20.0,0.018747825373721237,0.7735068848207902,0.2722312444134616,212.47933724205774,21
80,8,"[1,12,24,35,46,57,69,80]",0.35,2.0,1.0,even_idm_leader_N80,0.2,predictive,8.0,1.5,0,5.0,closed symmetric acceleration-command pulse,0.1,8,"[1,12,24,35,46,57,69,80]",1.0,jerk_saturation,5.0,-20.0,0,idm,[],60.0,0.2,even,1.8217158637701754,19.272922396420682,0.0015180965531418128,2.0,gap_lower,8.3,0.23635388017896589,1,5.0,gap_lower,0.6939790965800888,6.800000000000001,1,0.26086610803191235,0.0,0.7,1.0,67f179b2bd95e88a,1.0,167,chain_length_scope,1.0,24.0,20.0,0.05846443187360055,1.7071932910571945,0.22367647883167407,145.73726910161403,81
40,4,"[1,14,27,40]",0.35,1.5,1.0,even_idm_leader_d02,0.2,wave,8.0,1.5,0,5.0,closed symmetric acceleration-command pulse,0.1,4,"[1,14,27,40]",1.0,jerk_saturation,5.0,-15.0,0,idm,[],60.0,0.2,even,4.516410207844027,21.546420964520223,0.0037636751732033555,1.5,acceleration_upper,9.0,0.6910652464529088,1,5.0,acceleration_upper,0.2408760651583718,8.4,1,0.7855481259587296,0.0010905701044694955,0.7,1.0,67f23e6f5f6b554c,1.0,61,controller_comparison,1.0,24.0,20.0,0.10611774411579682,0.8520000889721189,0.4636318394849326,180.65640831376106,41
40,4,"[1,14,27,40]",0.35,1.5,1.0,even_idm_leader_cmd0,0.0,margin,8.0,1.5,0,5.0,closed symmetric acceleration-command pulse,0.1,4,"[1,14,27,40]",1.0,jerk_saturation,5.0,-15.0,0,idm,[],60.0,0.2,even,4.3649796941217405,21.017591806340647,0.003637483078434784,1.5,jerk,6.0,0.18004402927351704,1,5.0,gap_lower,0.7820105564362583,6.7,1,0.31110560405746274,0.0,0.7,1.0,6865e4a8a5f35132,1.0,191,prediction_scope,1.0,24.0,20.0,0.15889212828112897,2.3037499999927604,0.2999999924635546,174.5991877648696,41
40,4,"[1,14,27,40]",0.35,1.9,1.0,even_idm_leader_d02,0.2,predictive,8.0,1.5,0,5.0,closed symmetric acceleration-command pulse,0.1,4,"[1,14,27,40]",1.0,jerk_saturation,5.0,-18.999999999999996,0,idm,[],60.0,0.2,even,3.1677584687206575,19.577656259410332,0.002639798723933881,1.9,gap_lower,8.3,0.22111718702948338,1,5.0,gap_lower,0.7099290965800863,6.800000000000001,1,0.24560556476260004,0.0,0.7,1.0,686a686c9a1ce4c0,1.0,167,controller_comparison,1.0,24.0,20.0,0.20351639197953236,1.3005264372613965,0.17500000000000426,126.7103387488263,41
40,4,"[1,2,3,4]",0.35,0.25,1.0,front_idm_leader_d02,0.2,margin,8.0,1.5,0,5.0,closed symmetric acceleration-command pulse,0.1,4,"[1,2,3,4]",0.0,gap_lower,12.9,0.028125,1,idm,[],60.0,0.2,front,0.0,23.4375,0.0,0.25,gap_lower,12.9,0.028125,1,5.0,gap_lower,0.9535000000000021,6.7,1,0.0,0.0,0.7,1.0,687e3347b85a9c25,1.0,167,layout_comparison;prediction_scope,1.0,24.0,20.0,1.543402220074675e-16,0.5625,0.0,0.0,41
40,4,"[37,38,39,40]",0.35,0.0,1.0,rear_idm_leader_d02,0.2,margin,8.0,1.5,0,5.0,closed symmetric acceleration-command pulse,0.1,4,"[37,38,39,40]",0.0,jerk,0.1,3.057761386297021e-16,6,idm,[],60.0,0.2,rear,0.0,24.0,0.0,1.4435554130338614e-16,jerk,0.1,3.057761386297021e-16,6,1.5288806931485105e-15,acceleration_upper,0.9999999999999999,0.0,2,0.0,0.0,0.7,1.0,68adba8e99299d5b,1.0,61,layout_comparison,1.0,24.0,20.0,1.5288806931485106e-16,0.0,0.0,0.0,41
20,2,"[1,20]",0.35,1.5,1.0,even_idm_leader_N20,0.2,predictive,8.0,1.5,0,5.0,closed symmetric acceleration-command pulse,0.1,2,"[1,20]",1.0,jerk_saturation,5.0,-15.0,0,idm,[],60.0,0.2,even,4.700882051817991,20.59906245446058,0.003917401709848326,1.5,gap_lower,8.1,0.17004687727697104,1,5.0,gap_lower,0.7612126343801773,6.7,1,0.22544824323302887,0.06666666666666604,0.7,1.0,68df2a0c9aa0624d,1.0,113,chain_length_scope,1.0,24.0,20.0,0.006516240174165583,1.2087671419704975,0.14999999999999858,94.01764103635982,21
40,4,"[1,14,27,40]",0.35,0.25,1.0,even_idm_leader_d02,0.2,acc,8.0,1.5,0,5.0,closed symmetric acceleration-command pulse,0.1,4,"[1,14,27,40]",0.0,acceleration_upper,8.9,0.11045353428495491,1,idm,[],60.0,0.2,even,0.4381469007532626,23.600657519873863,0.0003651224172943855,0.25,acceleration_upper,8.9,0.11045353428495491,1,5.0,acceleration_upper,0.8798395296158674,8.3,1,0.8070695198907742,0.0006098768065214699,0.7,1.0,692bda1323848334,1.0,11,controller_comparison,1.0,24.0,20.0,0.012061593887709337,0.08444298162928021,0.04636623504282511,17.525876030130505,41
40,4,"[1,14,27,40]",0.35,1.5,1.0,even_idm_leader_cmd04,0.4,margin,8.0,1.5,0,5.0,closed symmetric acceleration-command pulse,0.1,4,"[1,14,27,40]",1.0,jerk_saturation,5.0,-15.0,0,idm,[],60.0,0.2,even,4.123378934414586,20.76997882537276,0.003436149112012155,1.5,jerk,6.4,0.18004402927351704,1,5.0,gap_lower,0.7672837536055284,6.7,1,0.3731435285351902,0.0,0.7,1.0,69652bd7aef71a81,1.0,191,prediction_scope,1.0,24.0,20.0,0.23789992663417944,2.5037500000169075,0.4749999545247263,164.93515737658345,41
40,4,"[1,14,27,40]",0.35,2.5,0.0,even_idm_leader_d02,0.2,wave,8.0,1.5,0,5.0,closed symmetric acceleration-command pulse,0.1,4,"[1,14,27,40]",123.0,jerk_saturation,5.0,-25.0,0,idm,[],60.0,0.2,even,219.16890955858108,-33.32605936772449,0.18264075796548424,4.5,gap_lower,60.0,2.8663029683862247,27,5.000000000000004,gap_lower,-2.04529648461141,59.900000000000006,27,5.333333333333333,3.5799426489928843,0.7,0.0,6980fb84ec4821ac,0.0,149,controller_comparison,0.0,24.0,20.0,4.5,110.25867193877264,20.0,8766.756382343243,41
40,4,"[1,14,27,40]",0.35,0.25,1.0,even_idm_leader_d02,0.2,predictive,8.0,1.5,0,5.0,closed symmetric acceleration-command pulse,0.1,4,"[1,14,27,40]",0.0,gap_lower,12.9,0.028125,1,idm,[],60.0,0.2,even,0.0,23.4375,0.0,0.25,gap_lower,12.9,0.028125,1,5.0,gap_lower,0.9535000000000021,6.7,1,0.0,0.0,0.7,1.0,699ad83df819de33,1.0,131,controller_comparison,1.0,24.0,20.0,1.5165216210851655e-16,0.5625,0.0,0.0,41
40,4,"[19,20,21,22]",0.35,2.0,0.0,middle_idm_leader_d02,0.2,margin,8.0,1.5,0,5.0,closed symmetric acceleration-command pulse,0.1,4,"[19,20,21,22]",83.0,jerk_saturation,5.0,-20.0,0,idm,[],60.0,0.2,middle,140.4511708784094,-98.80618977638869,0.11704264239867453,4.5,gap_lower,51.2,6.140309488819435,19,5.000000000000004,gap_lower,-5.289608119673757,49.400000000000006,19,6.666666666666667,0.000983998133752569,0.7,0.0,699dc80dd3373f1f,0.0,61,layout_comparison,0.0,24.0,20.0,4.5,114.07696826634472,20.0,5618.046835136377,41
40,0,[],0.35,1.9,0.0,even_idm_leader_d02,0.2,human,8.0,1.5,0,5.0,closed symmetric acceleration-command pulse,0.1,0,[],116.0,jerk_saturation,5.0,-18.999999999999996,0,idm,[],60.0,0.2,even,197.30321638526843,-2.4574559196331762,0.1644193469877237,4.5,gap_lower,54.0,1.3228727959816589,34,5.000000000000004,gap_lower,-0.4983727959816585,53.5,34,7.017543859649123,4.384106687580397,0.7,0.0,69c187fe57a3e28a,0.0,29,controller_comparison,0.0,24.0,20.0,4.5,88.34749926714466,20.0,7892.128655410737,41
40,4,"[1,2,3,4]",0.35,1.0,1.0,front_idm_leader_d02,0.2,margin,8.0,1.5,0,5.0,closed symmetric acceleration-command pulse,0.1,4,"[1,2,3,4]",1.0,jerk_saturation,5.0,-10.0,0,idm,[],60.0,0.2,front,5.610394337525358,22.041091224490145,0.004675328614604465,1.0,jerk,7.7,0.15796767347454377,1,5.0,gap_lower,0.8475557889641916,6.7,1,0.38330523773824393,1.216667044445785e-06,0.7,1.0,69fe1e17ed46d700,1.0,167,layout_comparison;prediction_scope,1.0,24.0,20.0,0.038247502869072796,2.802500000000009,0.35175035330764004,224.4157735010143,41
40,0,[],0.35,1.8,0.0,even_idm_leader_d02,0.2,human,8.0,1.5,0,5.0,closed symmetric acceleration-command pulse,0.1,0,[],124.0,jerk_saturation,5.0,-18.0,0,idm,[],60.0,0.2,even,219.39781881621266,-2.389735361068446,0.18283151568017722,4.5,gap_lower,29.700000000000003,1.3194867680534224,15,5.000000000000004,gap_lower,-0.49498676805342223,29.200000000000003,15,7.4074074074074066,4.888125739937893,0.7,0.0,6a0b820feeaaa199,0.0,79,controller_comparison,0.0,24.0,20.0,4.5,102.4898902864644,20.0,8775.912752648506,41
40,4,"[1,14,27,40]",0.35,2.1,1.0,even_ovm_leader_d02,0.2,margin,8.0,1.5,0,5.0,closed symmetric acceleration-command pulse,0.1,4,"[1,14,27,40]",2.0,jerk_saturation,5.0,-21.0,0,ovm,[],60.0,0.2,even,9.222432896088888,15.388421244690164,0.00768536074674074,2.1,gap_lower,55.1,0.4305789377654918,27,5.0,gap_lower,0.5625653586594679,54.0,27,0.8625083592164391,0.0,0.7,0.0,6a650db7bb5b19fa,1.0,97,prediction_scope,0.0,24.0,20.0,0.49742794742228735,7.200563611833331,1.9841739415846078,368.89731584355553,41
20,2,"[1,20]",0.35,1.0,1.0,even_idm_leader_N20,0.2,wave,8.0,1.5,0,5.0,closed symmetric acceleration-command pulse,0.1,2,"[1,20]",1.0,jerk_saturation,5.0,-10.0,0,idm,[],60.0,0.2,even,2.790362981127333,22.41719531546063,0.0023253024842727777,1.0,acceleration_upper,8.9,0.47616499802648427,1,5.0,acceleration_upper,0.4712842528868433,8.3,1,0.7636366299609705,0.2513443104045005,0.7,1.0,6a792222899c7116,1.0,113,chain_length_scope,1.0,24.0,20.0,0.0016785222854947084,0.08088831551469866,0.019227131378709572,55.80725962254667,21
40,4,"[1,14,27,40]",0.35,2.5,1.0,even_idm_leader_d02,0.2,predictive,8.0,1.5,0,5.0,closed symmetric acceleration-command pulse,0.1,4,"[1,14,27,40]",1.0,jerk_saturation,5.0,-25.0,0,idm,[],60.0,0.2,even,5.352784134431835,17.44987155700528,0.004460653445359863,2.5,gap_lower,8.8,0.32750642214973597,1,5.0,gap_lower,0.616796615564511,7.0,1,0.2666430711583966,0.0,0.7,1.0,6a84f5582bc9ef59,1.0,79,controller_comparison,1.0,24.0,20.0,0.21679742284254452,2.065161402016713,0.34080605390193597,214.11136537727342,41
20,2,"[1,20]",0.35,1.0,1.0,even_idm_leader_N20,0.2,predictive,8.0,1.5,0,5.0,closed symmetric acceleration-command pulse,0.1,2,"[1,20]",1.0,jerk_saturation,5.0,-10.0,0,idm,[],60.0,0.2,even,3.297078086424198,21.882056486128107,0.002747565072020165,1.0,jerk,11.200000000000001,0.14285753923608713,1,5.0,gap_lower,0.836886763385144,6.7,1,0.24279610957709488,0.08333333333334043,0.7,1.0,6b0e87fcd60e442c,1.0,191,chain_length_scope,1.0,24.0,20.0,0.20351639197953236,1.1585969387929254,0.12500000000001066,65.94156172848396,21
40,4,"[1,14,27,40]",0.35,1.0,1.0,even_ovm_leader_d02,0.2,margin,8.0,1.5,0,5.0,closed symmetric acceleration-command pulse,0.1,4,"[1,14,27,40]",1.0,jerk_saturation,5.0,-10.0,0,ovm,[],60.0,0.2,even,5.178566333120722,20.363075304427923,0.004315471944267268,1.0,gap_lower,55.2,0.18184623477860384,27,5.0,gap_lower,0.8128005305085683,53.6,27,0.7825137412558784,0.0,0.7,1.0,6ba837a8e4db0322,1.0,97,prediction_scope,1.0,24.0,20.0,0.24135709635523883,3.257772505408127,0.911524648541949,207.14265332482887,41
40,4,"[1,14,27,40]",0.35,0.25,1.0,even_ovm_leader_d02,0.2,margin,8.0,1.5,0,5.0,closed symmetric acceleration-command pulse,0.1,4,"[1,14,27,40]",0.0,gap_lower,12.9,0.028125,1,ovm,[],60.0,0.2,even,0.0,23.4375,0.0,0.25,gap_lower,12.9,0.028125,1,5.0,gap_lower,0.9535000000000021,6.7,1,0.0,0.0,0.7,1.0,6c072e24c0646b25,1.0,167,prediction_scope,1.0,24.0,20.0,3.502614961865265e-16,0.5625,0.0,0.0,41
40,4,"[1,14,27,40]",0.35,2.1,1.0,even_idm_internal8_d02,0.2,margin,8.0,1.5,8,5.0,closed symmetric acceleration-command pulse,0.1,4,"[1,14,27,40]",2.0,jerk_saturation,5.0,-21.0,8,idm,[],60.0,0.2,even,8.047699805773917,14.560178927099493,0.006706416504811597,2.842838507241695,jerk,5.1000000000000005,1.0,8,5.0,acceleration_upper,0.0,6.5,8,1.3304981656129602,0.15079364342803891,0.7,1.0,6c10c065d7dc056f,1.0,113,prediction_scope,1.0,24.0,20.0,0.24685199240521144,3.346671217521248,0.6082912541248611,321.90799223095667,41
40,4,"[1,14,27,40]",0.35,1.8,1.0,even_idm_leader_d02,0.2,predictive,8.0,1.5,0,5.0,closed symmetric acceleration-command pulse,0.1,4,"[1,14,27,40]",1.0,jerk_saturation,5.0,-18.0,0,idm,[],60.0,0.2,even,3.1244825963702096,19.848370192974244,0.002603735496975175,1.8,gap_lower,8.200000000000001,0.2075814903512878,1,5.0,gap_lower,0.7253314111035014,6.800000000000001,1,0.2407364782618002,0.0,0.7,1.0,6c2b661dee217f11,1.0,47,controller_comparison,1.0,24.0,20.0,0.20351639197953236,1.3321566816877066,0.17500000000000426,124.97930385480839,41
40,4,"[1,2,3,4]",0.35,0.25,1.0,front_idm_leader_d02,0.2,margin,8.0,1.5,0,5.0,closed symmetric acceleration-command pulse,0.1,4,"[1,2,3,4]",0.0,gap_lower,12.9,0.028125,1,idm,[],60.0,0.2,front,0.0,23.4375,0.0,0.25,gap_lower,12.9,0.028125,1,5.0,gap_lower,0.9535000000000021,6.7,1,0.0,0.0,0.7,1.0,6c666bf8776dd89c,1.0,79,layout_comparison,1.0,24.0,20.0,1.5420368381941088e-16,0.5625,0.0,0.0,41
40,0,[],0.35,1.5,1.0,even_idm_leader_d02,0.2,human,8.0,1.5,0,5.0,closed symmetric acceleration-command pulse,0.1,0,[],2.0,jerk_saturation,5.0,-15.0,0,idm,[],60.0,0.2,even,8.895556901203408,20.17445649098417,0.007412964084336173,1.6926906578672825,jerk,7.9,0.556677615122835,1,5.0,acceleration_upper,0.5982254141829634,9.200000000000001,1,1.1945106698670556,0.0017215431294819912,0.7,0.0,6c67e655841a257d,1.0,29,controller_comparison,0.0,24.0,20.0,1.4993170123016204,3.6152437125866186,2.687649007200875,355.8222760481363,41
40,4,"[1,14,27,40]",0.35,1.8,1.0,even_idm_internal8_d02,0.2,margin,8.0,1.5,8,5.0,closed symmetric acceleration-command pulse,0.1,4,"[1,14,27,40]",2.0,jerk_saturation,5.0,-18.0,8,idm,[],60.0,0.2,even,5.664564204151278,17.60387310574668,0.004720470170126064,1.8528072794721642,jerk,5.300000000000001,1.0000000000000002,8,5.000000000000001,acceleration_upper,0.0,6.5,8,1.026535351742676,0.15740374505050694,0.7,1.0,6c7bd4e1ba507f9d,1.0,131,prediction_scope,1.0,24.0,20.0,0.24918009525056659,2.7815406455952143,0.4342138231969521,226.5825681660511,41
40,4,"[19,20,21,22]",0.35,2.5,0.0,middle_idm_leader_d02,0.2,margin,8.0,1.5,0,5.0,closed symmetric acceleration-command pulse,0.1,4,"[19,20,21,22]",105.0,jerk_saturation,5.0,-25.0,0,idm,[],60.0,0.2,middle,192.69331714077012,-102.48478512028582,0.1605777642839751,4.5,gap_lower,57.7,6.324239256014291,19,5.000000000000004,gap_lower,-5.489107891198817,56.6,19,5.333333333333333,0.0008093760358984051,0.7,0.0,6cf198ba737ac675,0.0,191,layout_comparison;prediction_scope,0.0,24.0,20.0,4.5,126.48478512028582,20.0,7707.732685630805,41
40,4,"[1,14,27,40]",0.35,2.1,0.0,even_idm_leader_d02,0.2,wave,8.0,1.5,0,5.0,closed symmetric acceleration-command pulse,0.1,4,"[1,14,27,40]",94.0,jerk_saturation,5.0,-21.0,0,idm,[],60.0,0.2,even,143.71349044787405,-32.944587241124694,0.11976124203989504,4.5,gap_lower,60.0,2.847229362056235,27,5.000000000000004,gap_lower,-2.0287526752007454,59.900000000000006,27,6.349206349206349,3.1873105955897274,0.7,0.0,6d33ccdc03a2f5e1,0.0,47,controller_comparison,0.0,24.0,20.0,4.5,114.35571830034985,20.0,5748.539617914962,41
40,4,"[1,14,27,40]",0.35,0.0,1.0,even_idm_leader_d02,0.2,margin,8.0,1.5,0,5.0,closed symmetric acceleration-command pulse,0.1,4,"[1,14,27,40]",0.0,jerk,0.1,3.0840736763882177e-16,24,idm,[],60.0,0.2,even,0.0,24.0,0.0,1.4927216045054946e-16,jerk,0.1,3.0840736763882177e-16,24,1.5420368381941087e-15,acceleration_upper,0.9999999999999999,0.0,12,0.0,0.0,0.7,1.0,6d5e48db9ef2c71c,1.0,79,controller_comparison;layout_comparison,1.0,24.0,20.0,1.5420368381941088e-16,0.0,0.0,0.0,41
40,0,[],0.35,1.8,0.0,even_idm_leader_d02,0.2,human,8.0,1.5,0,5.0,closed symmetric acceleration-command pulse,0.1,0,[],116.0,jerk_saturation,5.0,-18.0,0,idm,[],60.0,0.2,even,198.1320706832871,-2.610937883047754,0.16511005890273925,4.5,gap_lower,31.1,1.3305468941523877,16,5.000000000000004,gap_lower,-0.5060468941523883,30.6,16,7.4074074074074066,4.860517001833338,0.7,0.0,6d6afcfc56b82102,0.0,3,controller_comparison,0.0,24.0,20.0,4.5,116.33631334415253,20.0,7925.282827331484,41
40,4,"[1,14,27,40]",0.35,2.0,1.0,even_idm_leader_cmd0,0.0,margin,8.0,1.5,0,5.0,closed symmetric acceleration-command pulse,0.1,4,"[1,14,27,40]",1.0,jerk_saturation,5.0,-20.0,0,idm,[],60.0,0.2,even,5.608172048451688,19.702188065488627,0.004673476707043074,2.0,jerk,5.800000000000001,0.2157434402332361,1,5.0,gap_lower,0.71213316245092,6.800000000000001,1,0.2916611877818802,0.0,0.7,1.0,6d905f74ad58dc60,1.0,167,prediction_scope,1.0,24.0,20.0,0.15889212833032398,2.35124999999357,0.34791577162127396,224.32688193806752,41
20,2,"[1,20]",0.35,0.0,1.0,even_idm_leader_N20,0.2,predictive,8.0,1.5,0,5.0,closed symmetric acceleration-command pulse,0.1,2,"[1,20]",0.0,jerk,0.1,6.155158669185302e-16,16,idm,[],60.0,0.2,even,0.0,24.0,0.0,3.077579334592651e-16,jerk,0.1,6.155158669185302e-16,16,3.0775793345926507e-15,acceleration_upper,0.9999999999999999,0.0,7,0.0,0.0,0.7,1.0,6da779f95ba6cf77,1.0,149,chain_length_scope,1.0,24.0,20.0,3.077579334592651e-16,0.0,0.0,0.0,21
40,4,"[1,14,27,40]",0.35,1.7,1.0,even_idm_leader_d02,0.2,wave,8.0,1.5,0,5.0,closed symmetric acceleration-command pulse,0.1,4,"[1,14,27,40]",23.0,jerk_saturation,5.0,-17.0,0,idm,[],60.0,0.2,even,20.44535610226519,-0.8915981255402698,0.01703779675188766,4.5,gap_lower,60.0,1.2445799062770135,37,5.000000000000004,gap_lower,-0.35815022908889005,59.900000000000006,37,7.843137254901961,0.4520063343052458,0.7,0.0,6dbd67ca99d1b0d6,0.0,11,controller_comparison,0.0,24.0,20.0,4.5,24.89159812554027,20.0,817.8142440906076,41
40,4,"[37,38,39,40]",0.35,1.0,1.0,rear_idm_leader_d02,0.2,margin,8.0,1.5,0,5.0,closed symmetric acceleration-command pulse,0.1,4,"[37,38,39,40]",1.0,jerk_saturation,5.0,-10.0,0,idm,[],60.0,0.2,rear,2.67143193861047,22.202272100965544,0.0022261932821753916,1.084330244356399,acceleration_upper,9.0,0.34628987017139234,1,5.0,acceleration_upper,0.6617451466105465,9.0,1,0.899885235567678,0.0,0.7,1.0,6dcd0552f90b74c5,1.0,97,layout_comparison;prediction_scope,1.0,24.0,20.0,0.07561064697023491,0.6847402408376411,0.37486427118327725,106.85727754441879,41
40,4,"[19,20,21,22]",0.35,0.25,1.0,middle_idm_leader_d02,0.2,margin,8.0,1.5,0,5.0,closed symmetric acceleration-command pulse,0.1,4,"[19,20,21,22]",0.0,acceleration_upper,8.9,0.08119699677053889,1,idm,[],60.0,0.2,middle,0.24889840712596775,23.49786007284365,0.0002074153392716398,0.25,acceleration_upper,8.9,0.08119699677053889,1,5.0,acceleration_upper,0.9213192660262588,8.9,1,0.6753344056951486,0.0,0.7,1.0,6ddc2c1f47e1e5df,1.0,47,layout_comparison,1.0,24.0,20.0,0.0003696307347942737,0.5021399271563496,0.005476577599569765,9.95593628503871,41
40,4,"[1,14,27,40]",0.35,2.5,1.0,even_idm_leader_d02,0.2,margin,8.0,1.5,0,5.0,closed symmetric acceleration-command pulse,0.1,4,"[1,14,27,40]",1.0,jerk_saturation,5.0,-25.0,0,idm,[],60.0,0.2,even,7.3190741281686424,17.940824239627887,0.006099228440140536,2.5,gap_lower,8.6,0.30295878801860565,1,5.0,gap_lower,0.6284722142964542,7.1000000000000005,1,0.35410634774684696,0.0,0.7,1.0,6de0afa5afd9dd92,1.0,3,controller_comparison;layout_comparison,1.0,24.0,20.0,0.13524507014068454,1.9137499999919783,0.425722843101795,292.7629651267457,41
40,4,"[1,14,27,40]",0.35,1.5,1.0,even_idm_leader_d02,0.2,margin,8.0,1.5,0,5.0,closed symmetric acceleration-command pulse,0.1,4,"[1,14,27,40]",1.0,jerk_saturation,5.0,-15.0,0,idm,[],60.0,0.2,even,4.506020965641255,20.903158065760977,0.003755017471367713,1.5,jerk,6.2,0.18004402927351704,1,5.0,gap_lower,0.7739406906150658,6.7,1,0.34133460735243504,0.0,0.7,1.0,6de1dc40f395d404,1.0,61,controller_comparison;layout_comparison,1.0,24.0,20.0,0.12514829984528092,2.140000000000782,0.3681746633572338,180.2408386256502,41
40,4,"[1,2,3,4]",0.35,1.9,1.0,front_idm_leader_d02,0.2,margin,8.0,1.5,0,5.0,closed symmetric acceleration-command pulse,0.1,4,"[1,2,3,4]",1.0,jerk_saturation,5.0,-18.999999999999996,0,idm,[],60.0,0.2,front,6.538904251396265,19.858526954864345,0.005449086876163555,1.9,jerk,6.0,0.2157434402332361,1,5.0,gap_lower,0.7185493977653218,6.7,1,0.3157433198713496,2.466030984873725e-06,0.7,1.0,6de7271a1649e77c,1.0,149,layout_comparison;prediction_scope,1.0,24.0,20.0,0.20351639197953236,2.9747802255089937,0.40530431107524834,261.5561700558506,41
20,2,"[1,20]",0.35,2.2,0.0,even_idm_leader_N20,0.2,wave,8.0,1.5,0,5.0,closed symmetric acceleration-command pulse,0.1,2,"[1,20]",31.0,jerk_saturation,5.0,-22.0,0,idm,[],60.0,0.2,even,108.16389823161964,-26.873139673780372,0.09013658185968304,4.5,gap_lower,44.2,2.5436569836890186,20,5.000000000000004,gap_lower,-1.6807221894230087,42.400000000000006,20,6.0606060606060606,5.64488397702021,0.7,0.0,6dec7fb01fac0397,0.0,149,chain_length_scope,0.0,24.0,20.0,1.1345834048132122,85.45191381737811,6.351407304614067,2163.277964632393,21
40,4,"[1,2,3,4]",0.35,2.5,1.0,front_idm_leader_d02,0.2,margin,8.0,1.5,0,5.0,closed symmetric acceleration-command pulse,0.1,4,"[1,2,3,4]",1.0,jerk_saturation,5.0,-25.0,0,idm,[],60.0,0.2,front,7.9323340650939755,17.940824239627887,0.006610278387578313,2.5,gap_lower,8.6,0.30295878801860565,1,5.0,gap_lower,0.6284722142964542,7.1000000000000005,1,0.3329445331574059,4.0331051460877156e-06,0.7,1.0,6dfae8983cae4499,1.0,3,layout_comparison,1.0,24.0,20.0,0.20351639197953236,2.983819241997253,0.5138914666399614,317.293362603759,41
40,4,"[1,14,27,40]",0.35,0.25,1.0,even_idm_internal8_d02,0.2,margin,8.0,1.5,8,5.0,closed symmetric acceleration-command pulse,0.1,4,"[1,14,27,40]",1.0,jerk_saturation,6.5,5.188179954620618,8,idm,[],60.0,0.2,even,0.04434415776619221,23.665585246877853,3.695346480516018e-05,0.25,jerk,6.6000000000000005,1.0,8,5.0,acceleration_upper,0.7618979028469856,7.2,8,0.8580972500598042,0.0,0.7,1.0,6dfb86b5b4a09cd5,1.0,149,prediction_scope,1.0,24.0,20.0,2.4431122220767978e-05,0.0033836498663504244,0.00029068971555190615,1.7737663106476884,41
40,4,"[1,14,27,40]",0.35,2.0,1.0,even_idm_leader_d02,0.2,margin,8.0,1.5,0,5.0,closed symmetric acceleration-command pulse,0.1,4,"[1,14,27,40]",1.0,jerk_saturation,5.0,-20.0,0,idm,[],60.0,0.2,even,5.720213544876003,19.56003271057392,0.004766844620730002,2.0,gap_lower,8.1,0.22199836447130394,1,5.0,gap_lower,0.7028209984038035,6.800000000000001,1,0.3165806789364443,0.0,0.7,1.0,6e08073be8b81549,1.0,61,controller_comparison;layout_comparison,1.0,24.0,20.0,0.13734864264490498,2.3075000000003456,0.40178425363444603,228.80854179504013,41
40,0,[],0.35,1.8,0.0,even_idm_leader_d02,0.2,human,8.0,1.5,0,5.0,closed symmetric acceleration-command pulse,0.1,0,[],102.0,jerk_saturation,5.0,-18.0,0,idm,[],60.0,0.2,even,156.493045636677,-2.5481162236852555,0.1304108713638975,4.5,gap_lower,43.2,1.3274058111842628,25,5.000000000000004,gap_lower,-0.5029058111842624,42.7,25,7.4074074074074066,3.41042420357725,0.7,0.0,6e0e14560acf4858,0.0,131,controller_comparison,0.0,24.0,20.0,4.5,138.47684833395294,20.0,6259.721825467081,41
80,8,"[1,12,24,35,46,57,69,80]",0.35,2.5,1.0,even_idm_leader_N80,0.2,predictive,8.0,1.5,0,5.0,closed symmetric acceleration-command pulse,0.1,8,"[1,12,24,35,46,57,69,80]",1.0,jerk_saturation,5.0,-25.0,0,idm,[],60.0,0.2,even,2.4346463994388756,17.44987155700528,0.0020288719995323963,2.5,gap_lower,8.8,0.32750642214973597,1,5.0,gap_lower,0.616796615564511,7.0,1,0.2666430711583966,0.0,0.7,1.0,6e20b9b6719ab188,1.0,131,chain_length_scope,1.0,24.0,20.0,0.21679742284255307,2.3046595204135656,0.3170069019381323,194.77171195511005,81
40,0,[],0.35,1.9,0.0,even_idm_leader_d02,0.2,human,8.0,1.5,0,5.0,closed symmetric acceleration-command pulse,0.1,0,[],132.0,jerk_saturation,5.0,-18.999999999999996,0,idm,[],60.0,0.2,even,249.51546232570462,-2.674561041849259,0.20792955193808718,4.5,gap_lower,29.3,1.333728052092463,15,5.000000000000004,gap_lower,-0.5092280520924624,28.8,15,7.017543859649123,5.151469047554064,0.7,0.0,6e87925d00c8bbc0,0.0,149,controller_comparison,0.0,24.0,20.0,4.5,108.56058299494771,20.0,9980.618493028185,41
80,8,"[1,12,24,35,46,57,69,80]",0.35,1.8,1.0,even_idm_leader_N80,0.2,predictive,8.0,1.5,0,5.0,closed symmetric acceleration-command pulse,0.1,8,"[1,12,24,35,46,57,69,80]",1.0,jerk_saturation,5.0,-18.0,0,idm,[],60.0,0.2,even,1.5143318946681918,19.848370192974244,0.0012619432455568266,1.8,gap_lower,8.200000000000001,0.2075814903512878,1,5.0,gap_lower,0.7253314111035014,6.800000000000001,1,0.2407364782618002,0.0,0.7,1.0,6e8acfa7efcf2f06,1.0,97,chain_length_scope,1.0,24.0,20.0,0.21679742284252312,1.510847626367422,0.17500000000000426,121.14655157345534,81
40,4,"[1,2,3,4]",0.35,2.5,1.0,front_idm_leader_d02,0.2,margin,8.0,1.5,0,5.0,closed symmetric acceleration-command pulse,0.1,4,"[1,2,3,4]",1.0,jerk_saturation,5.0,-25.0,0,idm,[],60.0,0.2,front,7.853356858519416,17.940824239627887,0.00654446404876618,2.5,gap_lower,8.6,0.30295878801860565,1,5.0,gap_lower,0.6284722142964542,7.1000000000000005,1,0.3329445331574059,2.457879317792807e-06,0.7,1.0,6eb7b8f4820e080a,1.0,149,layout_comparison;prediction_scope,1.0,24.0,20.0,0.20351639197953236,2.983819241997253,0.5057073107858976,314.13427434077664,41
40,4,"[37,38,39,40]",0.35,1.8,0.0,rear_idm_leader_d02,0.2,margin,8.0,1.5,0,5.0,closed symmetric acceleration-command pulse,0.1,4,"[37,38,39,40]",99.0,jerk_saturation,5.0,-18.0,0,idm,[],60.0,0.2,rear,163.31230479181195,-48.59732406772241,0.13609358732650995,4.5,gap_lower,60.0,3.6298662033861206,37,5.000000000000004,gap_lower,-3.1686978760864464,59.900000000000006,37,7.4074074074074066,0.13433517636568731,0.7,0.0,6f1267a6a006fc5b,0.0,29,layout_comparison,0.0,24.0,20.0,4.5,83.43925232109189,20.0,6532.492191672478,41
40,4,"[1,14,27,40]",0.35,0.25,1.0,even_idm_leader_cmd0,0.0,margin,8.0,1.5,0,5.0,closed symmetric acceleration-command pulse,0.1,4,"[1,14,27,40]",0.0,gap_lower,12.9,0.028125,1,idm,[],60.0,0.2,even,0.0,23.4375,0.0,0.25,gap_lower,12.9,0.028125,1,5.0,gap_lower,0.9535000000000021,6.7,1,0.0,0.0,0.7,1.0,6f529da7d80bee65,1.0,97,prediction_scope,1.0,24.0,20.0,1.5464302310570336e-16,0.5625,0.0,0.0,41
80,8,"[1,12,24,35,46,57,69,80]",0.35,2.2,1.0,even_idm_leader_N80,0.2,margin,8.0,1.5,0,5.0,closed symmetric acceleration-command pulse,0.1,8,"[1,12,24,35,46,57,69,80]",1.0,jerk_saturation,5.0,-22.0,0,idm,[],60.0,0.2,even,2.9771419863425823,18.90519299544539,0.002480951655285485,2.2,gap_lower,8.4,0.2547403502277305,1,5.0,gap_lower,0.672686427431288,6.9,1,0.3181025637066063,0.0,0.7,1.0,6f75279492da980e,1.0,131,chain_length_scope,1.0,24.0,20.0,0.08699421987992124,2.136500000000069,0.3999999999999915,238.17135890740659,81
20,2,"[1,20]",0.35,2.5,0.0,even_idm_leader_N20,0.2,wave,8.0,1.5,0,5.0,closed symmetric acceleration-command pulse,0.1,2,"[1,20]",44.0,jerk_saturation,5.0,-25.0,0,idm,[],60.0,0.2,even,194.38827829793155,-33.276483011922664,0.16199023191494294,4.5,gap_lower,51.400000000000006,2.863824150596133,20,5.000000000000004,gap_lower,-2.0283017115089534,50.300000000000004,20,5.333333333333333,5.231175934746555,0.7,0.0,6f7ce9bf7b487bc3,0.0,149,chain_length_scope,0.0,24.0,20.0,1.3591111497300203,133.54870387191806,14.55372864327583,3887.7655659586308,21
40,4,"[19,20,21,22]",0.35,2.5,0.0,middle_idm_leader_d02,0.2,margin,8.0,1.5,0,5.0,closed symmetric acceleration-command pulse,0.1,4,"[19,20,21,22]",108.0,jerk_saturation,5.0,-25.0,0,idm,[],60.0,0.2,middle,194.42101481996306,-102.56629786919503,0.16201751234996922,4.5,gap_lower,57.5,6.328314893459751,19,5.000000000000004,gap_lower,-5.492805541050968,56.5,19,5.333333333333333,0.0011172463807857488,0.7,0.0,6f90230cbdc2271e,0.0,167,layout_comparison;prediction_scope,0.0,24.0,20.0,4.5,126.56629786919503,20.0,7776.840592798522,41
80,8,"[1,12,24,35,46,57,69,80]",0.35,1.0,1.0,even_idm_leader_N80,0.2,wave,8.0,1.5,0,5.0,closed symmetric acceleration-command pulse,0.1,8,"[1,12,24,35,46,57,69,80]",1.0,jerk_saturation,5.0,-10.0,0,idm,[],60.0,0.2,even,1.0460234024463702,22.41719531546063,0.0008716861687053085,1.0,acceleration_upper,8.9,0.47616499802648427,1,5.0,acceleration_upper,0.4712842528868433,8.3,1,0.7636366299609705,0.0,0.7,1.0,6f9a6b8d891aeead,1.0,167,chain_length_scope,1.0,24.0,20.0,0.03197543321588158,0.3183941806114774,0.1689947132991243,83.68187219570962,81
40,4,"[1,14,27,40]",0.35,2.5,0.0,even_idm_leader_d02,0.2,wave,8.0,1.5,0,5.0,closed symmetric acceleration-command pulse,0.1,4,"[1,14,27,40]",114.0,jerk_saturation,5.0,-25.0,0,idm,[],60.0,0.2,even,200.099615226908,-33.15585535478296,0.16674967935575669,4.5,gap_lower,60.0,2.8577927677391477,27,5.000000000000004,gap_lower,-2.0379151954236567,59.900000000000006,27,5.333333333333333,3.2647178175083185,0.7,0.0,7010f1b0202d3c89,0.0,167,controller_comparison,0.0,24.0,20.0,4.5,95.27705956712748,20.0,8003.98460907632,41
40,0,[],0.35,2.5,0.0,even_idm_leader_d02,0.2,human,8.0,1.5,0,5.0,closed symmetric acceleration-command pulse,0.1,0,[],144.0,jerk_saturation,5.0,-25.0,0,idm,[],60.0,0.2,even,287.602379055463,-2.364664070551626,0.23966864921288583,4.5,gap_lower,39.300000000000004,1.3182332035275812,23,5.000000000000004,gap_lower,-0.493733203527582,38.800000000000004,23,5.333333333333333,4.0125162954700455,0.7,0.0,7074066fc5a009e6,0.0,167,controller_comparison,0.0,24.0,20.0,4.5,93.26341330911913,20.0,11504.09516221852,41
40,4,"[1,14,27,40]",0.35,1.8,1.0,even_idm_leader_d02,0.2,predictive,8.0,1.5,0,5.0,closed symmetric acceleration-command pulse,0.1,4,"[1,14,27,40]",1.0,jerk_saturation,5.0,-18.0,0,idm,[],60.0,0.2,even,3.058516015819409,19.848370192974244,0.002548763346516174,1.8,gap_lower,8.200000000000001,0.2075814903512878,1,5.0,gap_lower,0.7253314111035014,6.800000000000001,1,0.2407364782618002,0.0,0.7,1.0,708b326bff5aa9c6,1.0,167,controller_comparison,1.0,24.0,20.0,0.1849229487713453,1.2870415473359458,0.17500000000000426,122.34064063277636,41
40,4,"[37,38,39,40]",0.35,1.0,1.0,rear_idm_leader_d02,0.2,margin,8.0,1.5,0,5.0,closed symmetric acceleration-command pulse,0.1,4,"[37,38,39,40]",1.0,jerk_saturation,5.0,-10.0,0,idm,[],60.0,0.2,rear,2.19331977247338,22.18368176292347,0.0018277664770611501,1.0701229690926455,jerk,7.9,0.3200852677257239,1,5.0,acceleration_upper,0.6915083214230677,9.1,1,0.8940192998843154,0.0,0.7,1.0,708ef711aa895514,1.0,191,layout_comparison;prediction_scope,1.0,24.0,20.0,0.031514334720747945,0.375012408526203,0.1867418302895807,87.7327908989352,41
40,4,"[1,14,27,40]",0.35,1.8,1.0,even_idm_internal8_d02,0.2,margin,8.0,1.5,8,5.0,closed symmetric acceleration-command pulse,0.1,4,"[1,14,27,40]",2.0,jerk_saturation,5.0,-18.0,8,idm,[],60.0,0.2,even,4.36101864407787,19.582126099185537,0.0036341822033982246,1.7999999999999998,jerk,5.1000000000000005,1.0,8,5.0,acceleration_upper,0.0,6.5,8,0.8689774465468476,0.14658682309932208,0.7,1.0,7093aab85239441f,1.0,191,prediction_scope,1.0,24.0,20.0,0.2488521333507932,2.4445310917474217,0.3957844223681697,174.4407457631148,41
40,4,"[1,14,27,40]",0.35,1.8,1.0,even_idm_leader_d02,0.2,margin,8.0,1.5,0,5.0,closed symmetric acceleration-command pulse,0.1,4,"[1,14,27,40]",1.0,jerk_saturation,5.0,-18.0,0,idm,[],60.0,0.2,even,5.6199037842579305,20.118271619165995,0.004683253153548276,1.8,jerk,6.1000000000000005,0.1949187838400666,1,5.0,gap_lower,0.7314541031193812,6.7,1,0.3288647708185897,0.0,0.7,1.0,70a48b0732a36040,1.0,11,controller_comparison;layout_comparison,1.0,24.0,20.0,0.11906423774503216,2.1526503416649803,0.4277813501666401,224.79615137031723,41
80,8,"[1,12,24,35,46,57,69,80]",0.35,2.2,1.0,even_idm_leader_N80,0.2,predictive,8.0,1.5,0,5.0,closed symmetric acceleration-command pulse,0.1,8,"[1,12,24,35,46,57,69,80]",1.0,jerk_saturation,5.0,-22.0,0,idm,[],60.0,0.2,even,2.1027554187053914,18.552015762797367,0.001752296182254493,2.2,gap_lower,8.6,0.2723992118601316,1,5.0,gap_lower,0.6637930717799548,6.9,1,0.2575566637404807,0.0,0.7,1.0,70d0e27723b8be1a,1.0,149,chain_length_scope,1.0,24.0,20.0,0.06103793769249949,2.1296471709283082,0.29089554120622196,168.22043349643133,81
40,4,"[1,14,27,40]",0.35,1.9,1.0,even_idm_leader_d02,0.2,margin,8.0,1.5,0,5.0,closed symmetric acceleration-command pulse,0.1,4,"[1,14,27,40]",1.0,jerk_saturation,5.0,-18.999999999999996,0,idm,[],60.0,0.2,even,5.610014928008129,19.858526954864345,0.004675012440006773,1.9,jerk,6.0,0.2157434402332361,1,5.0,gap_lower,0.7185493977653218,6.7,1,0.3157433198713496,0.0,0.7,1.0,71270d8f241880ef,1.0,131,controller_comparison;layout_comparison;prediction_scope,1.0,24.0,20.0,0.12388132259986909,1.9300778828154534,0.3999999999999879,224.40059712032513,41
40,4,"[19,20,21,22]",0.35,1.0,1.0,middle_idm_leader_d02,0.2,margin,8.0,1.5,0,5.0,closed symmetric acceleration-command pulse,0.1,4,"[19,20,21,22]",1.0,jerk_saturation,5.0,-10.0,0,idm,[],60.0,0.2,middle,3.0648380807561404,22.26328729812093,0.0025540317339634504,1.0,acceleration_upper,9.1,0.3052832296359452,1,5.0,acceleration_upper,0.7022036680671431,9.0,1,0.8336387845718107,1.0731800633341966e-10,0.7,1.0,7162e7c246b792c4,1.0,131,layout_comparison;prediction_scope,1.0,24.0,20.0,0.07884064855760584,2.295063426536899,0.449999999999978,122.59352323024561,41
40,4,"[1,14,27,40]",0.35,0.25,1.0,even_idm_leader_d02,0.2,margin,8.0,1.5,0,5.0,closed symmetric acceleration-command pulse,0.1,4,"[1,14,27,40]",0.0,gap_lower,12.9,0.028125,1,idm,[],60.0,0.2,even,0.0,23.4375,0.0,0.25,gap_lower,12.9,0.028125,1,5.0,gap_lower,0.9535000000000021,6.7,1,0.0,0.0,0.7,1.0,716dbd2ce59b3365,1.0,167,controller_comparison;layout_comparison;prediction_scope,1.0,24.0,20.0,1.543402220074675e-16,0.5625,0.0,0.0,41
40,0,[],0.35,1.7,0.0,even_idm_leader_d02,0.2,human,8.0,1.5,0,5.0,closed symmetric acceleration-command pulse,0.1,0,[],121.0,jerk_saturation,5.0,-17.0,0,idm,[],60.0,0.2,even,212.76519227782464,-2.670391342030044,0.1773043268981872,4.5,gap_lower,29.6,1.333519567101502,15,5.000000000000004,gap_lower,-0.5090195671015015,29.1,15,7.843137254901961,5.231354053791898,0.7,0.0,719c8dc587bba317,0.0,149,controller_comparison,0.0,24.0,20.0,4.5,113.3256154576975,20.0,8510.607691112986,41
40,4,"[1,14,27,40]",0.35,1.9,1.0,even_idm_leader_d02,0.2,predictive,8.0,1.5,0,5.0,closed symmetric acceleration-command pulse,0.1,4,"[1,14,27,40]",1.0,jerk_saturation,5.0,-18.999999999999996,0,idm,[],60.0,0.2,even,3.361263720514279,19.577656259410332,0.0028010531004285656,1.9,gap_lower,8.3,0.22111718702948338,1,5.0,gap_lower,0.7099290965800863,6.800000000000001,1,0.24560556476260004,0.0,0.7,1.0,71a15b83ee226326,1.0,61,controller_comparison,1.0,24.0,20.0,0.21679742284252312,1.3047736062337094,0.20000000000000995,134.45054882057116,41
80,8,"[1,12,24,35,46,57,69,80]",0.35,0.25,1.0,even_idm_leader_N80,0.2,wave,8.0,1.5,0,5.0,closed symmetric acceleration-command pulse,0.1,8,"[1,12,24,35,46,57,69,80]",0.0,acceleration_upper,8.700000000000001,0.12363052410794312,1,idm,[],60.0,0.2,even,0.17566158592924658,23.63545048406307,0.0001463846549410388,0.25,acceleration_upper,8.700000000000001,0.12363052410794312,1,5.0,acceleration_upper,0.8602823717271342,8.200000000000001,1,0.7078878072353424,0.0,0.7,1.0,71a7e7c9af0f61d3,1.0,191,chain_length_scope,1.0,24.0,20.0,0.0031913650151528276,0.042997394989640725,0.018479004430261625,14.052926874339725,81
40,4,"[19,20,21,22]",0.35,1.9,0.0,middle_idm_leader_d02,0.2,margin,8.0,1.5,0,5.0,closed symmetric acceleration-command pulse,0.1,4,"[19,20,21,22]",85.0,jerk_saturation,5.0,-18.999999999999996,0,idm,[],60.0,0.2,middle,123.21366512061766,-92.29333905447973,0.10267805426718138,4.5,gap_lower,46.900000000000006,5.814666952723987,19,5.000000000000004,gap_lower,-4.914397840721214,44.5,19,7.017543859649123,0.000971831161695435,0.7,0.0,71c737c349997d20,0.0,113,layout_comparison;prediction_scope,0.0,24.0,20.0,4.5,141.84346846573226,20.0,4928.546604824706,41
40,4,"[1,14,27,40]",0.35,1.5,1.0,even_idm_leader_d02,0.2,margin,8.0,1.5,0,5.0,closed symmetric acceleration-command pulse,0.1,4,"[1,14,27,40]",1.0,jerk_saturation,5.0,-15.0,0,idm,[],60.0,0.2,even,4.523464815148266,20.903158065760977,0.003769554012623555,1.5,jerk,6.2,0.18004402927351704,1,5.0,gap_lower,0.7739406906150658,6.7,1,0.36100816025383153,0.0,0.7,1.0,71cc2f8d9559b08e,1.0,149,controller_comparison;layout_comparison;prediction_scope,1.0,24.0,20.0,0.20351639197953236,2.140000000000782,0.3999999999999915,180.93859260593064,41
40,4,"[1,14,27,40]",0.35,1.7,0.0,even_idm_leader_d02,0.2,acc,8.0,1.5,0,5.0,closed symmetric acceleration-command pulse,0.1,4,"[1,14,27,40]",87.0,jerk_saturation,5.0,-17.0,0,idm,[],60.0,0.2,even,122.4462341723674,-2.304916941118478,0.10203852847697283,4.5,gap_lower,50.800000000000004,1.3152458470559238,31,5.000000000000004,gap_lower,-0.4907458470559235,50.300000000000004,31,7.843137254901961,3.820245981682995,0.7,0.0,71d2cea68a52d41d,0.0,79,controller_comparison,0.0,24.0,20.0,4.5,83.99042142971041,20.0,4897.849366894696,41
40,4,"[37,38,39,40]",0.35,1.8,0.0,rear_idm_leader_d02,0.2,margin,8.0,1.5,0,5.0,closed symmetric acceleration-command pulse,0.1,4,"[37,38,39,40]",115.0,jerk_saturation,5.0,-18.0,0,idm,[],60.0,0.2,rear,215.33458428718342,-53.331091362455076,0.17944548690598616,4.5,gap_lower,60.0,3.866554568122754,37,5.000000000000004,gap_lower,-3.3676417413847775,59.900000000000006,37,7.4074074074074066,0.18982489738915015,0.7,0.0,71da71c2c8107b11,0.0,79,layout_comparison,0.0,24.0,20.0,4.5,102.4898902864644,20.0,8613.383371487336,41
40,4,"[1,14,27,40]",0.35,0.0,1.0,even_idm_leader_d02,0.2,predictive,8.0,1.5,0,5.0,closed symmetric acceleration-command pulse,0.1,4,"[1,14,27,40]",0.0,jerk,0.1,3.002655725429388e-16,18,idm,[],60.0,0.2,even,0.0,24.0,0.0,1.477107317951692e-16,jerk,0.1,3.002655725429388e-16,18,1.5013278627146939e-15,acceleration_upper,0.9999999999999999,0.0,16,0.0,0.0,0.7,1.0,721b6c1b8a1d51c8,1.0,29,controller_comparison,1.0,24.0,20.0,1.501327862714694e-16,0.0,0.0,0.0,41
40,4,"[1,2,3,4]",0.35,1.9,1.0,front_idm_leader_d02,0.2,margin,8.0,1.5,0,5.0,closed symmetric acceleration-command pulse,0.1,4,"[1,2,3,4]",1.0,jerk_saturation,5.0,-18.999999999999996,0,idm,[],60.0,0.2,front,6.867832484020255,19.858526954864345,0.0057231937366835454,1.9,jerk,6.0,0.2157434402332361,1,5.0,gap_lower,0.7185493977653218,6.7,1,0.3157433198713496,2.602621621686571e-06,0.7,1.0,7243121564def916,1.0,47,layout_comparison,1.0,24.0,20.0,0.20351639197953236,2.9747802255089937,0.42105375429017045,274.7132993608102,41
40,0,[],0.35,0.0,1.0,even_idm_leader_d02,0.2,human,8.0,1.5,0,5.0,closed symmetric acceleration-command pulse,0.1,0,[],0.0,jerk,0.1,3.0840736763882177e-16,24,idm,[],60.0,0.2,even,0.0,24.0,0.0,1.4927216045054946e-16,jerk,0.1,3.0840736763882177e-16,24,1.5420368381941087e-15,acceleration_upper,0.9999999999999999,0.0,12,0.0,0.0,0.7,1.0,72c29c4ede5923d8,1.0,79,controller_comparison,1.0,24.0,20.0,1.5420368381941088e-16,0.0,0.0,0.0,41
40,4,"[1,2,3,4]",0.35,2.0,1.0,front_idm_leader_d02,0.2,margin,8.0,1.5,0,5.0,closed symmetric acceleration-command pulse,0.1,4,"[1,2,3,4]",1.0,jerk_saturation,5.0,-20.0,0,idm,[],60.0,0.2,front,6.85112562194728,19.56003271057392,0.005709271351622733,2.0,gap_lower,8.1,0.22199836447130394,1,5.0,gap_lower,0.7028209984038035,6.800000000000001,1,0.3165806789364443,2.207818558493576e-06,0.7,1.0,730d55ec1db1e8b9,1.0,167,layout_comparison;prediction_scope,1.0,24.0,20.0,0.05499295060116864,2.402499999994461,0.4225658221225821,274.0450248778912,41
40,4,"[1,14,27,40]",0.35,1.8,1.0,even_idm_leader_cmd04,0.4,margin,8.0,1.5,0,5.0,closed symmetric acceleration-command pulse,0.1,4,"[1,14,27,40]",1.0,jerk_saturation,5.0,-18.0,0,idm,[],60.0,0.2,even,5.345198792997613,19.97482180146011,0.004454332327498011,1.8,gap_lower,8.0,0.20125890992699452,1,5.0,gap_lower,0.7249757443671356,6.800000000000001,1,0.3597731786581764,0.0,0.7,1.0,731b61013ed78391,1.0,131,prediction_scope,1.0,24.0,20.0,0.23305990960816353,2.0407499999898846,0.47499999998018083,213.80795171990454,41
40,4,"[1,14,27,40]",0.35,1.7,1.0,even_idm_leader_d02,0.2,predictive,8.0,1.5,0,5.0,closed symmetric acceleration-command pulse,0.1,4,"[1,14,27,40]",1.0,jerk_saturation,5.0,-17.0,0,idm,[],60.0,0.2,even,2.775506845055299,20.126428094831113,0.002312922370879416,1.7,gap_lower,8.1,0.19367859525844439,1,5.0,gap_lower,0.7405207352121215,6.7,1,0.24508576040922214,0.0,0.7,1.0,732459c1edb3b55c,1.0,191,controller_comparison,1.0,24.0,20.0,0.005210420920859278,1.1927689053087533,0.17500000000000426,111.02027380221196,41
20,2,"[1,20]",0.35,2.2,1.0,even_idm_leader_N20,0.2,predictive,8.0,1.5,0,5.0,closed symmetric acceleration-command pulse,0.1,2,"[1,20]",1.0,jerk_saturation,5.0,-22.0,0,idm,[],60.0,0.2,even,7.740284651882439,18.552015762797367,0.0064502372099020325,2.2,gap_lower,8.6,0.2723992118601316,1,5.0,gap_lower,0.6637930717799548,6.9,1,0.2636594366259284,0.06060606060606361,0.7,1.0,7329e5cc081eed81,1.0,113,chain_length_scope,1.0,24.0,20.0,0.021006526889730506,2.290397497005074,0.20000000000000995,154.80569303764878,21
20,2,"[1,20]",0.35,1.5,1.0,even_idm_leader_N20,0.2,margin,8.0,1.5,0,5.0,closed symmetric acceleration-command pulse,0.1,2,"[1,20]",1.0,jerk_saturation,5.0,-15.0,0,idm,[],60.0,0.2,even,6.306754379439523,20.903158065760977,0.005255628649532936,1.5,jerk,6.2,0.18004402927351704,1,5.0,gap_lower,0.7739406906150658,6.7,1,0.34133460735243504,0.1777777777777724,0.7,1.0,734bd2645e60e424,1.0,97,chain_length_scope,1.0,24.0,20.0,0.21679742284252326,2.140000000000782,0.25000000000002487,126.13508758879047,21
40,4,"[19,20,21,22]",0.35,1.8,0.0,middle_idm_leader_d02,0.2,margin,8.0,1.5,0,5.0,closed symmetric acceleration-command pulse,0.1,4,"[19,20,21,22]",62.0,jerk_saturation,5.0,-18.0,0,idm,[],60.0,0.2,middle,69.608107985365,-63.6246971252981,0.05800675665447083,4.5,gap_lower,41.900000000000006,4.381234856264905,19,5.000000000000004,gap_lower,-3.39009951187287,41.1,19,7.4074074074074066,0.0002198300723900683,0.7,0.0,735a9429939a5c31,0.0,191,layout_comparison;prediction_scope,0.0,24.0,20.0,4.5,94.1261887984079,20.0,2784.3243194146,41
40,4,"[37,38,39,40]",0.35,0.25,1.0,rear_idm_leader_d02,0.2,margin,8.0,1.5,0,5.0,closed symmetric acceleration-command pulse,0.1,4,"[37,38,39,40]",0.0,acceleration_upper,8.9,0.09161797046247376,1,idm,[],60.0,0.2,rear,0.3770455677712009,23.59872592702291,0.0003142046398093341,0.25,acceleration_upper,8.9,0.09161797046247376,1,5.0,acceleration_upper,0.9110630758062596,8.9,1,0.7398922934055557,0.0,0.7,1.0,735d79b1e736dbb1,1.0,149,layout_comparison;prediction_scope,1.0,24.0,20.0,0.00464371931055753,0.04715720506411003,0.023925411032276855,15.081822710848037,41
20,2,"[1,20]",0.35,1.8,1.0,even_idm_leader_N20,0.2,predictive,8.0,1.5,0,5.0,closed symmetric acceleration-command pulse,0.1,2,"[1,20]",1.0,jerk_saturation,5.0,-18.0,0,idm,[],60.0,0.2,even,5.953884655314832,19.848370192974244,0.004961570546095694,1.8,gap_lower,8.200000000000001,0.2075814903512878,1,5.0,gap_lower,0.7253314111035014,6.800000000000001,1,0.25211953780861707,0.0648148148148164,0.7,1.0,7365440917433157,1.0,167,chain_length_scope,1.0,24.0,20.0,0.018386301630364598,1.4419233697294658,0.17500000000000426,119.07769310629665,21
40,4,"[1,2,3,4]",0.35,0.0,1.0,front_idm_leader_d02,0.2,margin,8.0,1.5,0,5.0,closed symmetric acceleration-command pulse,0.1,4,"[1,2,3,4]",0.0,jerk,0.1,5.669712742983465e-16,30,idm,[],60.0,0.2,front,0.0,24.0,0.0,1.3984791901914862e-16,jerk,0.1,5.669712742983465e-16,30,2.8348563714917324e-15,command_upper,0.9999999999999998,0.0,30,0.0,0.0,0.7,1.0,73c3fcf5501023d3,1.0,113,layout_comparison;prediction_scope,1.0,24.0,20.0,2.8348563714917324e-16,0.0,0.0,0.0,41
40,4,"[1,14,27,40]",0.35,2.5,0.0,even_idm_leader_d02,0.2,acc,8.0,1.5,0,5.0,closed symmetric acceleration-command pulse,0.1,4,"[1,14,27,40]",133.0,jerk_saturation,5.0,-25.0,0,idm,[],60.0,0.2,even,262.9671969563639,-2.501263212531356,0.21913933079696996,4.5,gap_lower,40.400000000000006,1.3250631606265677,24,5.000000000000004,gap_lower,-0.500563160626568,39.900000000000006,24,5.333333333333333,4.380334369239971,0.7,0.0,73d9400d620c69a9,0.0,11,controller_comparison,0.0,24.0,20.0,4.5,87.64927290818991,20.0,10518.687878254557,41
40,4,"[1,14,27,40]",0.35,1.9,1.0,even_idm_internal8_d02,0.2,margin,8.0,1.5,8,5.0,closed symmetric acceleration-command pulse,0.1,4,"[1,14,27,40]",2.0,jerk_saturation,5.0,-18.999999999999996,8,idm,[],60.0,0.2,even,5.962676035770431,16.914464585196612,0.00496889669647536,2.025546773640285,jerk,5.1000000000000005,1.0,8,5.0,acceleration_upper,0.0,6.5,8,1.1242901192755683,0.1578945015196441,0.7,1.0,743b43446860dab8,1.0,113,prediction_scope,1.0,24.0,20.0,0.2488521333507932,3.0899643874028015,0.468990634982557,238.50704143081725,41
40,4,"[37,38,39,40]",0.35,1.7,0.0,rear_idm_leader_d02,0.2,margin,8.0,1.5,0,5.0,closed symmetric acceleration-command pulse,0.1,4,"[37,38,39,40]",75.0,jerk_saturation,5.0,-17.0,0,idm,[],60.0,0.2,rear,100.61164582546752,-36.05667298474819,0.0838430381878896,4.5,gap_lower,60.0,3.0028336492374095,37,5.000000000000004,gap_lower,-2.6281824775123717,59.900000000000006,37,7.843137254901961,0.021085985414574637,0.7,0.0,74c8fd3ec7282a64,0.0,191,layout_comparison;prediction_scope,0.0,24.0,20.0,4.5,93.41407565818321,20.0,4024.465833018701,41
40,4,"[19,20,21,22]",0.35,2.0,0.0,middle_idm_leader_d02,0.2,margin,8.0,1.5,0,5.0,closed symmetric acceleration-command pulse,0.1,4,"[19,20,21,22]",80.0,jerk_saturation,5.0,-20.0,0,idm,[],60.0,0.2,middle,120.41833975649175,-92.56097009911244,0.10034861646374311,4.5,gap_lower,47.5,5.828048504955622,19,5.000000000000004,gap_lower,-4.912102956079817,44.800000000000004,19,6.666666666666667,0.0006440366833497061,0.7,0.0,75181bbbe0cf7125,0.0,131,layout_comparison;prediction_scope,0.0,24.0,20.0,4.5,109.89521381304382,20.0,4816.73359025967,41
40,4,"[1,14,27,40]",0.35,2.0,1.0,even_idm_internal8_d02,0.2,margin,8.0,1.5,8,5.0,closed symmetric acceleration-command pulse,0.1,4,"[1,14,27,40]",2.0,jerk_saturation,5.0,-20.0,8,idm,[],60.0,0.2,even,5.455888014551888,18.0591842970859,0.004546573345459907,1.9999999999999998,jerk,5.1000000000000005,1.0,8,5.0,acceleration_upper,0.0,6.5,8,0.870072606144023,0.1332847535604659,0.7,1.0,7539b51f8c9a0dc2,1.0,191,prediction_scope,1.0,24.0,20.0,0.2488521333507932,2.7777742454397867,0.39985426068139773,218.23552058207554,41
40,4,"[1,14,27,40]",0.35,1.0,1.0,even_idm_leader_d02,0.2,acc,8.0,1.5,0,5.0,closed symmetric acceleration-command pulse,0.1,4,"[1,14,27,40]",1.0,jerk_saturation,5.0,-10.0,0,idm,[],60.0,0.2,even,2.847275641582661,22.294657598776624,0.002372729701318884,1.0,acceleration_upper,9.1,0.4260524990731095,1,5.0,acceleration_upper,0.5444537387124273,8.5,1,0.8778495915594012,0.0010333179937707844,0.7,1.0,7570d12f2c8644cc,1.0,79,controller_comparison,1.0,24.0,20.0,0.09399966995319936,0.6911219294062505,0.3997409464084001,113.89102566330644,41
40,4,"[1,14,27,40]",0.35,1.0,1.0,even_idm_leader_d02,0.2,wave,8.0,1.5,0,5.0,closed symmetric acceleration-command pulse,0.1,4,"[1,14,27,40]",1.0,jerk_saturation,5.0,-10.0,0,idm,[],60.0,0.2,even,1.752560910632041,22.41719531546063,0.0014604674255267007,1.0,acceleration_upper,8.9,0.47616499802648427,1,5.0,acceleration_upper,0.4712842528868433,8.3,1,0.7636366299609705,0.00015844658842449158,0.7,1.0,75ac8230c31c4765,1.0,191,controller_comparison,1.0,24.0,20.0,0.014647597009217214,0.23601393875333088,0.08952694156413088,70.10243642528164,41
20,2,"[1,20]",0.35,2.0,0.0,even_idm_leader_N20,0.2,wave,8.0,1.5,0,5.0,closed symmetric acceleration-command pulse,0.1,2,"[1,20]",19.0,jerk_saturation,5.0,-20.0,0,idm,[],60.0,0.2,even,59.432315169584626,-15.758984991317774,0.04952692930798719,4.5,gap_lower,41.7,1.9879492495658888,20,5.000000000000004,gap_lower,-0.9926096244355003,40.7,20,6.666666666666667,5.529975239294923,0.7,0.0,760a6a1345fc5d1a,0.0,191,chain_length_scope,0.0,24.0,20.0,0.860170949519432,106.28626966520847,4.5869456557307124,1188.6463033916925,21
40,4,"[1,2,3,4]",0.35,1.0,1.0,front_idm_leader_d02,0.2,margin,8.0,1.5,0,5.0,closed symmetric acceleration-command pulse,0.1,4,"[1,2,3,4]",1.0,jerk_saturation,5.0,-10.0,0,idm,[],60.0,0.2,front,5.990494273202893,22.041091224490145,0.004992078561002412,1.0,jerk,7.7,0.15796767347454377,1,5.0,gap_lower,0.8475557889641916,6.7,1,0.38330523773824393,2.1228094766456707e-06,0.7,1.0,76c5c47eb8d04fd2,1.0,113,layout_comparison;prediction_scope,1.0,24.0,20.0,0.03921564449668348,2.802500000000009,0.3790000191245184,239.61977092811574,41
40,4,"[1,14,27,40]",0.35,2.1,1.0,even_idm_leader_cmd0,0.0,margin,8.0,1.5,0,5.0,closed symmetric acceleration-command pulse,0.1,4,"[1,14,27,40]",1.0,jerk_saturation,5.0,-21.0,0,idm,[],60.0,0.2,even,6.138252941135988,19.3695272593217,0.00511521078427999,2.1,gap_lower,8.3,0.23152363703391501,1,5.0,gap_lower,0.6974331624509172,6.800000000000001,1,0.29364557248179435,0.0,0.7,1.0,76d49deffb2a147d,1.0,131,prediction_scope,1.0,24.0,20.0,0.15889217048263926,2.6330000000007203,0.39437383519986824,245.53011764543953,41
40,4,"[1,14,27,40]",0.35,2.1,1.0,even_idm_leader_cmd04,0.4,margin,8.0,1.5,0,5.0,closed symmetric acceleration-command pulse,0.1,4,"[1,14,27,40]",1.0,jerk_saturation,5.0,-21.0,0,idm,[],60.0,0.2,even,5.497454995652316,19.164326437784013,0.00458121249637693,2.1,gap_lower,8.1,0.24178367811079937,1,5.0,gap_lower,0.6828209984038016,7.0,1,0.36259899702053916,0.0,0.7,1.0,770ff59bd346d610,1.0,191,prediction_scope,1.0,24.0,20.0,0.23305990960601608,1.551792982613165,0.4749999999722583,219.89819982609265,41
40,4,"[1,2,3,4]",0.35,2.0,1.0,front_idm_leader_d02,0.2,margin,8.0,1.5,0,5.0,closed symmetric acceleration-command pulse,0.1,4,"[1,2,3,4]",1.0,jerk_saturation,5.0,-20.0,0,idm,[],60.0,0.2,front,6.793862969767491,19.56003271057392,0.005661552474806242,2.0,gap_lower,8.1,0.22199836447130394,1,5.0,gap_lower,0.7028209984038035,6.800000000000001,1,0.3165806789364443,3.069624749940658e-06,0.7,1.0,771ff28161cbeb45,1.0,79,layout_comparison,1.0,24.0,20.0,0.05023560753854364,2.402499999994461,0.4091076653921917,271.75451879069965,41
40,4,"[1,14,27,40]",0.35,2.5,0.0,even_idm_leader_d02,0.2,acc,8.0,1.5,0,5.0,closed symmetric acceleration-command pulse,0.1,4,"[1,14,27,40]",129.0,jerk_saturation,5.0,-25.0,0,idm,[],60.0,0.2,even,251.61956795103228,-2.608545200844702,0.20968297329252691,4.5,gap_lower,43.1,1.330427260042235,26,5.000000000000004,gap_lower,-0.505927260042235,42.6,26,5.333333333333333,4.273115815574789,0.7,0.0,774f62267a72a749,0.0,97,controller_comparison,0.0,24.0,20.0,4.5,127.41829824438929,20.0,10064.782718041291,41
40,4,"[1,14,27,40]",0.35,1.9,1.0,even_idm_internal8_d02,0.2,margin,8.0,1.5,8,5.0,closed symmetric acceleration-command pulse,0.1,4,"[1,14,27,40]",2.0,jerk_saturation,5.0,-18.999999999999996,8,idm,[],60.0,0.2,even,4.934358232032602,19.04718923182407,0.004111965193360501,1.9,jerk,5.1000000000000005,1.0,8,5.0,acceleration_upper,0.0,6.5,8,0.8572675775728245,0.1490966825298488,0.7,1.0,7777640a686e46ba,1.0,149,prediction_scope,1.0,24.0,20.0,0.24918009525056659,2.3600160232300027,0.4249255452100691,197.37432928130406,41
40,0,[],0.35,2.1,0.0,even_idm_leader_d02,0.2,human,8.0,1.5,0,5.0,closed symmetric acceleration-command pulse,0.1,0,[],128.0,jerk_saturation,5.0,-21.0,0,idm,[],60.0,0.2,even,236.4625467476457,-2.4788226747458424,0.19705212228970473,4.5,gap_lower,53.7,1.3239411337372922,34,5.000000000000004,gap_lower,-0.4994411337372918,53.2,34,6.349206349206349,4.494360292492447,0.7,0.0,77a56a124bfe7dff,0.0,29,controller_comparison,0.0,24.0,20.0,4.5,139.1936434857629,20.0,9458.501869905827,41
40,0,[],0.35,1.8,0.0,even_idm_leader_d02,0.2,human,8.0,1.5,0,5.0,closed symmetric acceleration-command pulse,0.1,0,[],115.0,jerk_saturation,5.0,-18.0,0,idm,[],60.0,0.2,even,191.5781535709663,-2.4643905252010185,0.15964846130913857,4.5,gap_lower,57.800000000000004,1.323219526260051,37,5.000000000000004,gap_lower,-0.4987195262600509,57.300000000000004,37,7.4074074074074066,4.555960725161368,0.7,0.0,77eb4b219c946686,0.0,113,controller_comparison,0.0,24.0,20.0,4.5,101.04095302714012,20.0,7663.1261428386515,41
40,4,"[1,14,27,40]",0.35,0.25,1.0,even_idm_leader_cmd0,0.0,margin,8.0,1.5,0,5.0,closed symmetric acceleration-command pulse,0.1,4,"[1,14,27,40]",0.0,gap_lower,12.9,0.028125,1,idm,[],60.0,0.2,even,0.0,23.4375,0.0,0.25,gap_lower,12.9,0.028125,1,5.0,gap_lower,0.9535000000000021,6.7,1,0.0,0.0,0.7,1.0,77ecfdd7872507aa,1.0,149,prediction_scope,1.0,24.0,20.0,1.5387896672963254e-16,0.5625,0.0,0.0,41
40,4,"[1,14,27,40]",0.35,1.7,0.0,even_idm_leader_d02,0.2,acc,8.0,1.5,0,5.0,closed symmetric acceleration-command pulse,0.1,4,"[1,14,27,40]",80.0,jerk_saturation,5.0,-17.0,0,idm,[],60.0,0.2,even,102.67933178908876,-2.3244968819314806,0.08556610982424064,4.5,gap_lower,44.900000000000006,1.316224844096574,26,5.000000000000004,gap_lower,-0.4917248440965739,44.400000000000006,26,7.843137254901961,3.0829285232724524,0.7,0.0,78461608fc04af1c,0.0,167,controller_comparison,0.0,24.0,20.0,4.5,80.77266562107542,20.0,4107.173271563551,41
40,4,"[1,14,27,40]",0.35,1.7,1.0,even_idm_internal8_d02,0.2,margin,8.0,1.5,8,5.0,closed symmetric acceleration-command pulse,0.1,4,"[1,14,27,40]",2.0,jerk_saturation,5.0,-17.0,8,idm,[],60.0,0.2,even,3.919217582023586,20.18969591707635,0.003266014651686322,1.6999999999999997,jerk,5.1000000000000005,1.0,8,5.0,acceleration_upper,0.0,6.5,8,0.8684162083376412,0.1479716124538801,0.7,1.0,7854c21e1cbba6f2,1.0,191,prediction_scope,1.0,24.0,20.0,0.2488521333507932,2.5455532981537203,0.37732761175739427,156.76870328094344,41
80,8,"[1,12,24,35,46,57,69,80]",0.35,0.25,1.0,even_idm_leader_N80,0.2,predictive,8.0,1.5,0,5.0,closed symmetric acceleration-command pulse,0.1,8,"[1,12,24,35,46,57,69,80]",0.0,gap_lower,12.9,0.028125,1,idm,[],60.0,0.2,even,0.0,23.4375,0.0,0.25,gap_lower,12.9,0.028125,1,5.0,gap_lower,0.9535000000000021,6.7,1,0.0,0.0,0.7,1.0,789db36d5515f38f,1.0,131,chain_length_scope,1.0,24.0,20.0,1.5499690485077145e-16,0.5625,0.0,0.0,81
20,2,"[1,20]",0.35,1.8,1.0,even_idm_leader_N20,0.2,wave,8.0,1.5,0,5.0,closed symmetric acceleration-command pulse,0.1,2,"[1,20]",1.0,jerk_saturation,5.0,-18.0,0,idm,[],60.0,0.2,even,7.871882275258777,21.01273272579344,0.006559901896048981,1.8,acceleration_upper,9.0,0.8108967007441591,1,5.0,acceleration_upper,0.1154448318353769,8.5,1,0.7942805054877989,0.4768349320000124,0.7,1.0,78a2cf22eb1f50ed,1.0,97,chain_length_scope,1.0,24.0,20.0,0.005545556324795833,0.22419354290525462,0.08907165900211211,157.43764550517554,21
40,4,"[1,14,27,40]",0.35,1.5,1.0,even_idm_leader_d02,0.2,predictive,8.0,1.5,0,5.0,closed symmetric acceleration-command pulse,0.1,4,"[1,14,27,40]",1.0,jerk_saturation,5.0,-15.0,0,idm,[],60.0,0.2,even,2.6496109985842002,20.59906245446058,0.002208009165486834,1.5,gap_lower,8.1,0.17004687727697104,1,5.0,gap_lower,0.7612126343801773,6.7,1,0.2222220090665543,0.0,0.7,1.0,78fbb214e3a59c53,1.0,97,controller_comparison,1.0,24.0,20.0,0.21679742284252312,1.3029529945848708,0.17402837178315522,105.98443994336802,41
40,4,"[1,2,3,4]",0.35,1.0,1.0,front_idm_leader_d02,0.2,margin,8.0,1.5,0,5.0,closed symmetric acceleration-command pulse,0.1,4,"[1,2,3,4]",1.0,jerk_saturation,5.0,-10.0,0,idm,[],60.0,0.2,front,5.4870312111603265,22.041091224490145,0.004572526009300273,1.0,jerk,7.7,0.15796767347454377,1,5.0,gap_lower,0.8475557889641916,6.7,1,0.38330523773824393,2.138818418965608e-06,0.7,1.0,796f40ac94ad1bfa,1.0,3,layout_comparison,1.0,24.0,20.0,0.031013754105723604,2.802500000000009,0.3481714239351632,219.48124844641308,41
40,4,"[37,38,39,40]",0.35,1.0,1.0,rear_idm_leader_d02,0.2,margin,8.0,1.5,0,5.0,closed symmetric acceleration-command pulse,0.1,4,"[37,38,39,40]",1.0,jerk_saturation,5.0,-10.0,0,idm,[],60.0,0.2,rear,2.589085213623483,22.217971778462996,0.0021575710113529026,1.0603855313524262,jerk,7.9,0.3148253811532431,1,5.0,acceleration_upper,0.698995320293437,9.1,1,0.8864871756532816,0.0,0.7,1.0,797898b0ac7a502b,1.0,167,layout_comparison;prediction_scope,1.0,24.0,20.0,0.05421733976693259,0.5210257577831783,0.26264686095838385,103.56340854493934,41
40,4,"[1,14,27,40]",0.35,2.0,0.0,even_idm_leader_d02,0.2,wave,8.0,1.5,0,5.0,closed symmetric acceleration-command pulse,0.1,4,"[1,14,27,40]",91.0,jerk_saturation,5.0,-20.0,0,idm,[],60.0,0.2,even,136.3540494882391,-32.91941590106963,0.11362837457353257,4.5,gap_lower,60.0,2.845970795053481,27,5.000000000000004,gap_lower,-2.02766097770726,59.900000000000006,27,6.666666666666667,3.3859091412178692,0.7,0.0,7991de693cfe7b0d,0.0,113,controller_comparison,0.0,24.0,20.0,4.5,116.83800625243487,20.0,5454.161979529564,41
40,4,"[1,14,27,40]",0.35,1.0,1.0,even_ovm_leader_d02,0.2,margin,8.0,1.5,0,5.0,closed symmetric acceleration-command pulse,0.1,4,"[1,14,27,40]",2.0,jerk_saturation,5.0,-10.0,0,ovm,[],60.0,0.2,even,6.000562743630762,18.844603427274194,0.005000468953025635,1.0,gap_lower,56.300000000000004,0.2577698286362903,27,5.0,gap_lower,0.7396763586971427,55.2,27,1.0715502456913437,0.0,0.7,0.0,79a24bd039215042,1.0,131,prediction_scope,0.0,24.0,20.0,0.3540645060644578,5.036245122559535,1.1762188183029423,240.02250974523048,41
40,4,"[37,38,39,40]",0.35,1.5,0.0,rear_idm_leader_d02,0.2,margin,8.0,1.5,0,5.0,closed symmetric acceleration-command pulse,0.1,4,"[37,38,39,40]",69.0,jerk_saturation,5.0,-15.0,0,idm,[],60.0,0.2,rear,84.12473577343461,-35.905210122555175,0.07010394647786218,4.5,gap_lower,60.0,2.995260506127759,37,5.000000000000004,gap_lower,-2.6205141346710548,59.900000000000006,37,8.88888888888889,0.02389745013651792,0.7,0.0,79b7b21ee4001353,0.0,167,layout_comparison;prediction_scope,0.0,24.0,20.0,4.5,78.98534866476467,20.0,3364.9894309373844,41
40,0,[],0.35,2.0,0.0,even_idm_leader_d02,0.2,human,8.0,1.5,0,5.0,closed symmetric acceleration-command pulse,0.1,0,[],131.0,jerk_saturation,5.0,-20.0,0,idm,[],60.0,0.2,even,240.41394847237262,-2.364878269520588,0.2003449570603105,4.5,gap_lower,39.6,1.3182439134760293,23,5.000000000000004,gap_lower,-0.49374391347602986,39.1,23,6.666666666666667,4.549769343184905,0.7,0.0,79ec8dc883dc51ff,0.0,167,controller_comparison,0.0,24.0,20.0,4.5,97.72891252825593,20.0,9616.557938894905,41
40,0,[],0.35,1.7,0.0,even_idm_leader_d02,0.2,human,8.0,1.5,0,5.0,closed symmetric acceleration-command pulse,0.1,0,[],107.0,jerk_saturation,5.0,-17.0,0,idm,[],60.0,0.2,even,168.73502553211793,-2.358935193186255,0.14061252127676493,4.5,gap_lower,45.5,1.3179467596593128,27,5.000000000000004,gap_lower,-0.493446759659313,45.0,27,7.843137254901961,4.511226242306401,0.7,0.0,7a3a0290daa76d17,0.0,3,controller_comparison,0.0,24.0,20.0,4.5,121.70768620701665,20.0,6749.401021284717,41
40,4,"[1,14,27,40]",0.35,1.9,1.0,even_idm_leader_d02,0.2,margin,8.0,1.5,0,5.0,closed symmetric acceleration-command pulse,0.1,4,"[1,14,27,40]",1.0,jerk_saturation,5.0,-18.999999999999996,0,idm,[],60.0,0.2,even,5.868901156667041,19.858526954864345,0.004890750963889201,1.9,jerk,6.0,0.2157434402332361,1,5.0,gap_lower,0.7185493977653218,6.7,1,0.32062874616186043,0.0,0.7,1.0,7a661257dec5eebc,1.0,11,controller_comparison;layout_comparison,1.0,24.0,20.0,0.11906423774503216,2.10375725300446,0.4276757258351722,234.75604626668166,41
40,4,"[1,14,27,40]",0.35,0.0,1.0,even_idm_leader_d02,0.2,wave,8.0,1.5,0,5.0,closed symmetric acceleration-command pulse,0.1,4,"[1,14,27,40]",0.0,jerk,0.1,3.0868044401493493e-16,5,idm,[],60.0,0.2,even,0.0,24.0,0.0,1.5431316168805067e-16,jerk,0.1,3.0868044401493493e-16,5,1.5434022200746747e-15,acceleration_upper,0.9999999999999999,0.0,2,0.0,0.0,0.7,1.0,7ab35e15ddc8f461,1.0,167,controller_comparison,1.0,24.0,20.0,1.543402220074675e-16,0.0,0.0,0.0,41
20,2,"[1,20]",0.35,2.5,0.0,even_idm_leader_N20,0.2,wave,8.0,1.5,0,5.0,closed symmetric acceleration-command pulse,0.1,2,"[1,20]",43.0,jerk_saturation,5.0,-25.0,0,idm,[],60.0,0.2,even,190.62233619662643,-33.25041341633228,0.15885194683052203,4.5,gap_lower,51.5,2.8625206708166138,20,5.000000000000004,gap_lower,-2.026438552149338,50.400000000000006,20,5.333333333333333,5.229940602087883,0.7,0.0,7abc82805483c46d,0.0,131,chain_length_scope,0.0,24.0,20.0,1.2714728519008482,151.29029068536886,15.053493801604596,3812.4467239325286,21
80,8,"[1,12,24,35,46,57,69,80]",0.35,2.2,1.0,even_idm_leader_N80,0.2,predictive,8.0,1.5,0,5.0,closed symmetric acceleration-command pulse,0.1,8,"[1,12,24,35,46,57,69,80]",1.0,jerk_saturation,5.0,-22.0,0,idm,[],60.0,0.2,even,2.1573207405501678,18.552015762797367,0.0017977672837918065,2.2,gap_lower,8.6,0.2723992118601316,1,5.0,gap_lower,0.6637930717799548,6.9,1,0.2696836303494427,0.0,0.7,1.0,7af933b51d49ef00,1.0,167,chain_length_scope,1.0,24.0,20.0,0.06958648271074852,1.9661342719575146,0.24939037125610142,172.5856592440134,81
20,2,"[1,20]",0.35,0.0,1.0,even_idm_leader_N20,0.2,wave,8.0,1.5,0,5.0,closed symmetric acceleration-command pulse,0.1,2,"[1,20]",0.0,jerk,0.1,2.9917851233384956e-16,7,idm,[],60.0,0.2,even,0.0,24.0,0.0,1.4958925616692478e-16,jerk,0.1,2.9917851233384956e-16,7,1.4958925616692477e-15,acceleration_upper,0.9999999999999999,0.0,12,0.0,0.0,0.7,1.0,7b181af597d1f450,1.0,167,chain_length_scope,1.0,24.0,20.0,1.4958925616692478e-16,0.0,0.0,0.0,21
20,2,"[1,20]",0.35,1.5,1.0,even_idm_leader_N20,0.2,margin,8.0,1.5,0,5.0,closed symmetric acceleration-command pulse,0.1,2,"[1,20]",1.0,jerk_saturation,5.0,-15.0,0,idm,[],60.0,0.2,even,6.447686249284355,20.903158065760977,0.0053730718744036295,1.5,jerk,6.2,0.18004402927351704,1,5.0,gap_lower,0.7739406906150658,6.7,1,0.34133460735243504,0.18888888888887656,0.7,1.0,7b2458943561c12d,1.0,131,chain_length_scope,1.0,24.0,20.0,0.056434147970255616,2.140000000000782,0.1391085369925591,128.9537249856871,21
40,4,"[1,14,27,40]",0.35,1.8,1.0,even_idm_leader_d02,0.2,wave,8.0,1.5,0,5.0,closed symmetric acceleration-command pulse,0.1,4,"[1,14,27,40]",2.0,jerk_saturation,5.0,-18.0,0,idm,[],60.0,0.2,even,6.791039033424354,21.01273272579344,0.005659199194520295,1.8,acceleration_upper,9.0,0.8108967007441591,1,5.0,acceleration_upper,0.1154448318353769,8.5,1,0.7942805054877989,0.0033250951886353583,0.7,0.0,7b34ec29eef68d45,1.0,97,controller_comparison,0.0,24.0,20.0,0.3420370858402688,1.7017998658851354,1.072664557350091,271.6415613369742,41
40,4,"[1,14,27,40]",0.35,0.0,1.0,even_idm_internal8_d02,0.2,margin,8.0,1.5,8,5.0,closed symmetric acceleration-command pulse,0.1,4,"[1,14,27,40]",0.0,jerk,0.1,3.033043242170331e-16,32,idm,[],60.0,0.2,even,0.0,24.0,0.0,1.4158437991504552e-16,jerk,0.1,3.033043242170331e-16,32,1.5165216210851655e-15,acceleration_upper,0.9999999999999999,0.0,2,0.0,0.0,0.7,1.0,7bbe8c1b2f46c177,1.0,131,prediction_scope,1.0,24.0,20.0,1.5165216210851655e-16,0.0,0.0,0.0,41
40,4,"[19,20,21,22]",0.35,1.7,0.0,middle_idm_leader_d02,0.2,margin,8.0,1.5,0,5.0,closed symmetric acceleration-command pulse,0.1,4,"[19,20,21,22]",66.0,jerk_saturation,5.0,-17.0,0,idm,[],60.0,0.2,middle,75.84651100086681,-68.66126490722591,0.06320542583405568,4.5,gap_lower,41.7,4.633063245361296,19,5.000000000000004,gap_lower,-3.6394483384882292,41.1,19,7.843137254901961,0.0005560814072805777,0.7,0.0,7bd0c3063c033971,0.0,113,layout_comparison;prediction_scope,0.0,24.0,20.0,4.5,120.56023953530172,20.0,3033.8604400346726,41
40,4,"[1,14,27,40]",0.35,1.9,0.0,even_idm_leader_d02,0.2,wave,8.0,1.5,0,5.0,closed symmetric acceleration-command pulse,0.1,4,"[1,14,27,40]",55.0,jerk_saturation,5.0,-18.999999999999996,0,idm,[],60.0,0.2,even,53.679208842522506,-2.4857034927814396,0.044732674035435425,4.5,gap_lower,53.1,1.324285174639072,32,5.000000000000004,gap_lower,-0.49978517463907224,52.6,32,7.017543859649123,1.5912923379851833,0.7,0.0,7bdf22a8f07d1182,0.0,47,controller_comparison,0.0,24.0,20.0,4.5,46.59632258953832,20.0,2147.1683537009003,41
40,4,"[1,14,27,40]",0.35,2.0,1.0,even_idm_leader_d02,0.2,predictive,8.0,1.5,0,5.0,closed symmetric acceleration-command pulse,0.1,4,"[1,14,27,40]",1.0,jerk_saturation,5.0,-20.0,0,idm,[],60.0,0.2,even,3.3174999375279755,19.272922396420682,0.002764583281273313,2.0,gap_lower,8.3,0.23635388017896589,1,5.0,gap_lower,0.6939790965800888,6.800000000000001,1,0.249984159893175,0.0,0.7,1.0,7bfd995c8b74db8a,1.0,29,controller_comparison,1.0,24.0,20.0,0.20351639197953236,1.3508740425920678,0.17500000000000426,132.69999750111901,41
40,4,"[1,14,27,40]",0.35,0.25,1.0,even_idm_leader_d02,0.2,predictive,8.0,1.5,0,5.0,closed symmetric acceleration-command pulse,0.1,4,"[1,14,27,40]",0.0,gap_lower,12.9,0.028125,1,idm,[],60.0,0.2,even,0.0,23.4375,0.0,0.25,gap_lower,12.9,0.028125,1,5.0,gap_lower,0.9535000000000021,6.7,1,0.0,0.0,0.7,1.0,7c94e9dd210048e8,1.0,97,controller_comparison,1.0,24.0,20.0,1.5464302310570336e-16,0.5625,0.0,0.0,41
20,2,"[1,20]",0.35,2.2,1.0,even_idm_leader_N20,0.2,predictive,8.0,1.5,0,5.0,closed symmetric acceleration-command pulse,0.1,2,"[1,20]",1.0,jerk_saturation,5.0,-22.0,0,idm,[],60.0,0.2,even,7.585987826827575,18.552015762797367,0.006321656522356313,2.2,gap_lower,8.6,0.2723992118601316,1,5.0,gap_lower,0.6637930717799548,6.9,1,0.2575566637404807,0.09090909090909542,0.7,1.0,7cc62a9a6495d63c,1.0,97,chain_length_scope,1.0,24.0,20.0,0.016724562310212215,1.7770324898623358,0.3000000000000149,151.7197565365515,21
40,4,"[1,14,27,40]",0.35,1.5,1.0,even_idm_leader_d02,0.2,predictive,8.0,1.5,0,5.0,closed symmetric acceleration-command pulse,0.1,4,"[1,14,27,40]",1.0,jerk_saturation,5.0,-15.0,0,idm,[],60.0,0.2,even,2.460444735890972,20.59906245446058,0.0020503706132424765,1.5,gap_lower,8.1,0.17004687727697104,1,5.0,gap_lower,0.7612126343801773,6.7,1,0.2222220090665543,0.0,0.7,1.0,7cc888a7678d39dc,1.0,167,controller_comparison,1.0,24.0,20.0,0.004091749546490829,0.9805641396791884,0.14999999999999858,98.41778943563888,41
40,4,"[37,38,39,40]",0.35,1.7,0.0,rear_idm_leader_d02,0.2,margin,8.0,1.5,0,5.0,closed symmetric acceleration-command pulse,0.1,4,"[37,38,39,40]",103.0,jerk_saturation,5.0,-17.0,0,idm,[],60.0,0.2,rear,174.94657462126867,-48.64286091634857,0.14578881218439055,4.5,gap_lower,60.0,3.632143045817428,37,5.000000000000004,gap_lower,-3.17038796286528,59.900000000000006,37,7.843137254901961,0.14223724556366893,0.7,0.0,7d517c46fb658a65,0.0,167,layout_comparison;prediction_scope,0.0,24.0,20.0,4.5,111.68786562185358,20.0,6997.862984850746,41
40,4,"[1,14,27,40]",0.35,1.5,1.0,even_idm_internal8_d02,0.2,margin,8.0,1.5,8,5.0,closed symmetric acceleration-command pulse,0.1,4,"[1,14,27,40]",1.0,jerk_saturation,5.0,-15.0,8,idm,[],60.0,0.2,even,3.692334634855689,20.41989568137418,0.0030769455290464076,1.5408980280364057,jerk,5.1000000000000005,1.0,8,5.0,acceleration_upper,0.0,6.6000000000000005,8,0.8642137750550963,0.16300120564178322,0.7,1.0,7d693e7e308fb2f9,1.0,167,prediction_scope,1.0,24.0,20.0,0.24839298669111048,2.428024569903471,0.3667527126940122,147.69338539422756,41
20,2,"[1,20]",0.35,2.2,1.0,even_idm_leader_N20,0.2,margin,8.0,1.5,0,5.0,closed symmetric acceleration-command pulse,0.1,2,"[1,20]",1.0,jerk_saturation,5.0,-22.0,0,idm,[],60.0,0.2,even,9.232386286959732,18.90519299544539,0.00769365523913311,2.2,gap_lower,8.4,0.2547403502277305,1,5.0,gap_lower,0.672686427431288,6.9,1,0.3181025637066063,0.13636363636362966,0.7,1.0,7dc2f435c861c544,1.0,97,chain_length_scope,1.0,24.0,20.0,0.01787686392121034,2.136500000000069,0.3000000000122576,184.64772573919464,21
40,4,"[1,14,27,40]",0.35,1.8,0.0,even_idm_leader_d02,0.2,acc,8.0,1.5,0,5.0,closed symmetric acceleration-command pulse,0.1,4,"[1,14,27,40]",81.0,jerk_saturation,5.0,-18.0,0,idm,[],60.0,0.2,even,105.31965920238102,-2.537905718630441,0.08776638266865085,4.5,gap_lower,43.7,1.326895285931522,25,5.000000000000004,gap_lower,-0.5023952859315225,43.2,25,7.4074074074074066,2.678052045404564,0.7,0.0,7dc33d2804f885ec,0.0,131,controller_comparison,0.0,24.0,20.0,4.5,97.37866221321724,20.0,4212.7863680952405,41
40,4,"[37,38,39,40]",0.35,1.8,0.0,rear_idm_leader_d02,0.2,margin,8.0,1.5,0,5.0,closed symmetric acceleration-command pulse,0.1,4,"[37,38,39,40]",111.0,jerk_saturation,5.0,-18.0,0,idm,[],60.0,0.2,rear,199.96981930530822,-51.07030533555417,0.16664151608775685,4.5,gap_lower,60.0,3.7535152667777085,37,5.000000000000004,gap_lower,-3.2722814534999207,59.900000000000006,37,7.4074074074074066,0.16206470362101194,0.7,0.0,7e37e83d6c3f038b,0.0,167,layout_comparison;prediction_scope,0.0,24.0,20.0,4.5,114.84517642227809,20.0,7998.792772212329,41
20,2,"[1,20]",0.35,2.2,0.0,even_idm_leader_N20,0.2,wave,8.0,1.5,0,5.0,closed symmetric acceleration-command pulse,0.1,2,"[1,20]",23.0,jerk_saturation,5.0,-22.0,0,idm,[],60.0,0.2,even,70.1134960096806,-19.091449791628875,0.0584279133414005,4.5,gap_lower,42.5,2.1545724895814438,20,5.000000000000004,gap_lower,-1.1568357554555497,41.1,20,6.0606060606060606,5.158391193802801,0.7,0.0,7e41fef8e5b0d6dd,0.0,97,chain_length_scope,0.0,24.0,20.0,0.8078077154473151,89.60992203992004,6.333461845933801,1402.269920193612,21
40,4,"[1,14,27,40]",0.35,1.9,0.0,even_idm_leader_d02,0.2,acc,8.0,1.5,0,5.0,closed symmetric acceleration-command pulse,0.1,4,"[1,14,27,40]",92.0,jerk_saturation,5.0,-18.999999999999996,0,idm,[],60.0,0.2,even,134.9155600873806,-2.471914737953554,0.11242963340615052,4.5,gap_lower,54.400000000000006,1.3235957368976776,34,5.000000000000004,gap_lower,-0.49909573689767794,53.900000000000006,34,7.017543859649123,3.8186882380819664,0.7,0.0,7e438145a4136168,0.0,29,controller_comparison,0.0,24.0,20.0,4.5,106.579393859319,20.0,5396.622403495225,41
40,4,"[37,38,39,40]",0.35,0.0,1.0,rear_idm_leader_d02,0.2,margin,8.0,1.5,0,5.0,closed symmetric acceleration-command pulse,0.1,4,"[37,38,39,40]",0.0,jerk,0.1,3.0438989830050984e-16,32,idm,[],60.0,0.2,rear,0.0,24.0,0.0,1.519770894331564e-16,jerk,0.1,3.0438989830050984e-16,32,1.5219494915025492e-15,acceleration_upper,0.9999999999999999,0.0,21,0.0,0.0,0.7,1.0,7e66f162891dfe16,1.0,3,layout_comparison,1.0,24.0,20.0,1.5219494915025492e-16,0.0,0.0,0.0,41
40,0,[],0.35,2.0,0.0,even_idm_leader_d02,0.2,human,8.0,1.5,0,5.0,closed symmetric acceleration-command pulse,0.1,0,[],123.0,jerk_saturation,5.0,-20.0,0,idm,[],60.0,0.2,even,220.47631012455432,-2.308692907638914,0.1837302584371286,4.5,gap_lower,47.6,1.3154346453819457,29,5.000000000000004,gap_lower,-0.4909346453819451,47.1,29,6.666666666666667,4.058852132141793,0.7,0.0,7e90a0bc204a1bc9,0.0,191,controller_comparison,0.0,24.0,20.0,4.5,102.89133322164446,20.0,8819.052404982172,41
40,0,[],0.35,1.5,0.0,even_idm_leader_d02,0.2,human,8.0,1.5,0,5.0,closed symmetric acceleration-command pulse,0.1,0,[],50.0,jerk_saturation,5.0,-15.0,0,idm,[],60.0,0.2,even,43.563072617403634,-1.9023696485978832,0.03630256051450303,4.5,gap_lower,55.300000000000004,1.2951184824298942,33,5.000000000000004,gap_lower,-0.4706184824298948,54.800000000000004,33,8.88888888888889,0.443776309275691,0.7,0.0,7ebc8c585797676e,0.0,97,controller_comparison,0.0,24.0,20.0,4.5,37.67785301205089,20.0,1742.5229046961454,41
40,4,"[1,14,27,40]",0.35,1.8,1.0,even_idm_leader_d02,0.2,margin,8.0,1.5,0,5.0,closed symmetric acceleration-command pulse,0.1,4,"[1,14,27,40]",1.0,jerk_saturation,5.0,-18.0,0,idm,[],60.0,0.2,even,5.5615072264793755,20.118271619165995,0.0046345893553994795,1.8,jerk,6.1000000000000005,0.1949187838400666,1,5.0,gap_lower,0.7314541031193812,6.7,1,0.3239786377755459,0.0,0.7,1.0,7ed50c56df836935,1.0,113,controller_comparison;layout_comparison;prediction_scope,1.0,24.0,20.0,0.11891802595101504,2.1710075200518304,0.42499999999999005,222.460289059175,41
40,4,"[1,2,3,4]",0.35,1.9,1.0,front_idm_leader_d02,0.2,margin,8.0,1.5,0,5.0,closed symmetric acceleration-command pulse,0.1,4,"[1,2,3,4]",1.0,jerk_saturation,5.0,-18.999999999999996,0,idm,[],60.0,0.2,front,6.77296665229172,19.858526954864345,0.005644138876909767,1.9,jerk,6.0,0.2157434402332361,1,5.0,gap_lower,0.7185493977653218,6.7,1,0.3157433198713496,2.324019535256396e-06,0.7,1.0,7f11b80460b30b97,1.0,167,layout_comparison;prediction_scope,1.0,24.0,20.0,0.20351639197953236,2.9747802255089937,0.4155653206606189,270.9186660916688,41
40,4,"[19,20,21,22]",0.35,1.0,1.0,middle_idm_leader_d02,0.2,margin,8.0,1.5,0,5.0,closed symmetric acceleration-command pulse,0.1,4,"[19,20,21,22]",1.0,jerk_saturation,5.0,-10.0,0,idm,[],60.0,0.2,middle,3.1420291674963483,22.2666670489849,0.00261835763958029,1.0092121390886246,jerk,7.9,0.3037602283120884,1,5.0,acceleration_upper,0.705636302458041,9.0,1,0.8394742665076222,1.5617255636849828e-10,0.7,1.0,7f94a62bcd36df52,1.0,3,layout_comparison,1.0,24.0,20.0,0.2035163919795324,2.4729399768405074,0.449999999999978,125.68116669985393,41
40,4,"[37,38,39,40]",0.35,1.9,0.0,rear_idm_leader_d02,0.2,margin,8.0,1.5,0,5.0,closed symmetric acceleration-command pulse,0.1,4,"[37,38,39,40]",119.0,jerk_saturation,5.0,-18.999999999999996,0,idm,[],60.0,0.2,rear,228.41914830382476,-54.35311248955316,0.19034929025318728,4.5,gap_lower,60.0,3.917655624477658,37,5.000000000000004,gap_lower,-3.41156050543578,59.900000000000006,37,7.017543859649123,0.18860331402273334,0.7,0.0,7f9b69323e621c97,0.0,11,layout_comparison,0.0,24.0,20.0,4.5,146.44490417836852,20.0,9136.76593215299,41
40,4,"[1,14,27,40]",0.35,1.8,1.0,even_idm_leader_d02,0.2,predictive,8.0,1.5,0,5.0,closed symmetric acceleration-command pulse,0.1,4,"[1,14,27,40]",1.0,jerk_saturation,5.0,-18.0,0,idm,[],60.0,0.2,even,3.093296825191338,19.848370192974244,0.002577747354326115,1.8,gap_lower,8.200000000000001,0.2075814903512878,1,5.0,gap_lower,0.7253314111035014,6.800000000000001,1,0.2407364782618002,0.0,0.7,1.0,7fb59618150c968c,1.0,29,controller_comparison,1.0,24.0,20.0,0.20351639197953236,1.3298669840739308,0.17500000000000426,123.73187300765352,41
40,4,"[1,14,27,40]",0.35,0.25,1.0,even_idm_leader_d02,0.2,predictive,8.0,1.5,0,5.0,closed symmetric acceleration-command pulse,0.1,4,"[1,14,27,40]",0.0,gap_lower,12.9,0.028125,1,idm,[],60.0,0.2,even,0.0,23.4375,0.0,0.25,gap_lower,12.9,0.028125,1,5.0,gap_lower,0.9535000000000021,6.7,1,0.0,0.0,0.7,1.0,7fb99ca2a18fbbaf,1.0,3,controller_comparison,1.0,24.0,20.0,1.5219494915025492e-16,0.5625,0.0,0.0,41
40,4,"[1,14,27,40]",0.35,1.0,1.0,even_idm_leader_cmd0,0.0,margin,8.0,1.5,0,5.0,closed symmetric acceleration-command pulse,0.1,4,"[1,14,27,40]",1.0,jerk_saturation,5.0,-10.0,0,idm,[],60.0,0.2,even,3.6852150183939445,22.034208599529606,0.003071012515328287,1.0,jerk,11.8,0.14285724680060036,1,5.0,gap_lower,0.8432233102715522,6.7,1,0.31666663634981757,0.0,0.7,1.0,7fd5379efd40e3bd,1.0,97,prediction_scope,1.0,24.0,20.0,0.09950710769132827,2.6349999999997635,0.2864364750546571,147.40860073575777,41
40,4,"[1,14,27,40]",0.35,1.7,1.0,even_idm_leader_d02,0.2,predictive,8.0,1.5,0,5.0,closed symmetric acceleration-command pulse,0.1,4,"[1,14,27,40]",1.0,jerk_saturation,5.0,-17.0,0,idm,[],60.0,0.2,even,3.129317056204412,20.126428094831113,0.002607764213503677,1.7,gap_lower,8.1,0.19367859525844439,1,5.0,gap_lower,0.7405207352121215,6.7,1,0.24508576040922214,0.0,0.7,1.0,7fd92602948d2aa0,1.0,113,controller_comparison,1.0,24.0,20.0,0.21679742284252312,1.310064112088071,0.19870111344946295,125.17268224817649,41
40,4,"[37,38,39,40]",0.35,0.0,1.0,rear_idm_leader_d02,0.2,margin,8.0,1.5,0,5.0,closed symmetric acceleration-command pulse,0.1,4,"[37,38,39,40]",0.0,jerk,0.1,3.092860462114067e-16,6,idm,[],60.0,0.2,rear,0.0,24.0,0.0,1.5331773592430868e-16,jerk,0.1,3.092860462114067e-16,6,1.5464302310570335e-15,acceleration_upper,0.9999999999999999,0.0,3,0.0,0.0,0.7,1.0,7fe7135bb0176646,1.0,97,layout_comparison;prediction_scope,1.0,24.0,20.0,1.5464302310570336e-16,0.0,0.0,0.0,41
40,4,"[1,14,27,40]",0.35,2.0,0.0,even_idm_leader_d02,0.2,acc,8.0,1.5,0,5.0,closed symmetric acceleration-command pulse,0.1,4,"[1,14,27,40]",116.0,jerk_saturation,5.0,-20.0,0,idm,[],60.0,0.2,even,201.78626120435553,-2.4822479787239473,0.16815521767029626,4.5,gap_lower,57.400000000000006,1.3241123989361974,37,5.000000000000004,gap_lower,-0.49961239893619724,56.900000000000006,37,6.666666666666667,4.742687099230785,0.7,0.0,7ff5d56d089f7b93,0.0,113,controller_comparison,0.0,24.0,20.0,4.5,98.93973376637666,20.0,8071.450448174221,41
40,4,"[1,14,27,40]",0.35,1.9,1.0,even_idm_leader_cmd0,0.0,margin,8.0,1.5,0,5.0,closed symmetric acceleration-command pulse,0.1,4,"[1,14,27,40]",1.0,jerk_saturation,5.0,-18.999999999999996,0,idm,[],60.0,0.2,even,5.525598422759778,20.008608001059713,0.004604665352299815,1.9,jerk,5.800000000000001,0.2157434402332361,1,5.0,gap_lower,0.7272864274312851,6.7,1,0.3195003639913234,0.0,0.7,1.0,80538f0a85bbaff1,1.0,149,prediction_scope,1.0,24.0,20.0,0.15889212831591237,2.329749999994192,0.34293941807886696,221.02393691039111,41
40,4,"[1,2,3,4]",0.35,1.5,1.0,front_idm_leader_d02,0.2,margin,8.0,1.5,0,5.0,closed symmetric acceleration-command pulse,0.1,4,"[1,2,3,4]",1.0,jerk_saturation,5.0,-15.0,0,idm,[],60.0,0.2,front,5.871061586819872,20.903158065760977,0.004892551322349893,1.5,jerk,6.2,0.18004402927351704,1,5.0,gap_lower,0.7739406906150658,6.7,1,0.34133460735243504,1.1829793638500835e-06,0.7,1.0,80554a93b7e644cd,1.0,191,layout_comparison;prediction_scope,1.0,24.0,20.0,0.07313220784981996,2.44602564126194,0.3717658922142846,234.84246347279486,41
40,4,"[1,14,27,40]",0.35,2.1,1.0,even_idm_leader_d02,0.2,predictive,8.0,1.5,0,5.0,closed symmetric acceleration-command pulse,0.1,4,"[1,14,27,40]",1.0,jerk_saturation,5.0,-21.0,0,idm,[],60.0,0.2,even,4.221764056069113,18.931757248300926,0.0035181367133909273,2.1,gap_lower,8.5,0.25341213758495373,1,5.0,gap_lower,0.6797430717799526,6.9,1,0.2539482849633405,0.0,0.7,1.0,8061453dd8651ac3,1.0,97,controller_comparison,1.0,24.0,20.0,0.20351639197953286,1.6827617682610025,0.29706654183752335,168.87056224276452,41
40,4,"[1,14,27,40]",0.35,1.5,1.0,even_idm_leader_cmd04,0.4,margin,8.0,1.5,0,5.0,closed symmetric acceleration-command pulse,0.1,4,"[1,14,27,40]",1.0,jerk_saturation,5.0,-15.0,0,idm,[],60.0,0.2,even,4.648843641529576,20.76997882537276,0.0038740363679413137,1.5,jerk,6.4,0.18004402927351704,1,5.0,gap_lower,0.7672837536055284,6.7,1,0.3731435285351902,0.0,0.7,1.0,806f95b38a853533,1.0,113,prediction_scope,1.0,24.0,20.0,0.1664713638543748,2.5037500000169075,0.4477629547584492,185.95374566118306,41
80,8,"[1,12,24,35,46,57,69,80]",0.35,1.5,1.0,even_idm_leader_N80,0.2,wave,8.0,1.5,0,5.0,closed symmetric acceleration-command pulse,0.1,8,"[1,12,24,35,46,57,69,80]",1.0,jerk_saturation,5.0,-15.0,0,idm,[],60.0,0.2,even,2.544748828379947,21.26531197897853,0.002120624023649956,1.5,acceleration_upper,9.0,0.6910652464529088,1,5.0,acceleration_upper,0.2408760651583718,8.4,1,0.8100458060689514,0.0,0.7,1.0,80e3e7730f6aedc0,1.0,167,chain_length_scope,1.0,24.0,20.0,0.1305012953660333,1.0108280227259456,0.5635317237216206,203.57990627039578,81
40,4,"[37,38,39,40]",0.35,2.0,0.0,rear_idm_leader_d02,0.2,margin,8.0,1.5,0,5.0,closed symmetric acceleration-command pulse,0.1,4,"[37,38,39,40]",119.0,jerk_saturation,5.0,-20.0,0,idm,[],60.0,0.2,rear,231.1509109842112,-54.321297204799315,0.19262575915350935,4.5,gap_lower,60.0,3.916064860239966,37,5.000000000000004,gap_lower,-3.4099789011399295,59.900000000000006,37,6.666666666666667,0.17917314832159667,0.7,0.0,80f9aae82c707780,0.0,47,layout_comparison,0.0,24.0,20.0,4.5,91.82090182261311,20.0,9246.036439368449,41
40,4,"[1,2,3,4]",0.35,2.0,1.0,front_idm_leader_d02,0.2,margin,8.0,1.5,0,5.0,closed symmetric acceleration-command pulse,0.1,4,"[1,2,3,4]",1.0,jerk_saturation,5.0,-20.0,0,idm,[],60.0,0.2,front,6.612736868445667,19.56003271057392,0.005510614057038056,2.0,gap_lower,8.1,0.22199836447130394,1,5.0,gap_lower,0.7028209984038035,6.800000000000001,1,0.3165806789364443,2.3427294356300385e-06,0.7,1.0,8145366fdb0e6385,1.0,149,layout_comparison;prediction_scope,1.0,24.0,20.0,0.04638163661281168,2.402499999994461,0.4112923460218134,264.5094747378267,41
40,4,"[1,14,27,40]",0.35,2.0,1.0,even_idm_leader_d02,0.2,margin,8.0,1.5,0,5.0,closed symmetric acceleration-command pulse,0.1,4,"[1,14,27,40]",1.0,jerk_saturation,5.0,-20.0,0,idm,[],60.0,0.2,even,5.5811481066572455,19.56003271057392,0.004650956755547705,2.0,gap_lower,8.1,0.22199836447130394,1,5.0,gap_lower,0.7028209984038035,6.800000000000001,1,0.3165806789364443,0.0,0.7,1.0,8175d0d17486b10e,1.0,167,controller_comparison;layout_comparison;prediction_scope,1.0,24.0,20.0,0.1158173605658019,2.3075000000003456,0.4009151457388427,223.24592426628982,41
20,2,"[1,20]",0.35,0.25,1.0,even_idm_leader_N20,0.2,margin,8.0,1.5,0,5.0,closed symmetric acceleration-command pulse,0.1,2,"[1,20]",0.0,gap_lower,12.9,0.028125,1,idm,[],60.0,0.2,even,0.0,23.4375,0.0,0.25,gap_lower,12.9,0.028125,1,5.0,gap_lower,0.9535000000000021,6.7,1,0.0,0.0,0.7,1.0,8197cf4b9b5d7f53,1.0,167,chain_length_scope,1.0,24.0,20.0,1.4958925616692478e-16,0.5625,0.0,0.0,21
40,4,"[1,14,27,40]",0.35,2.1,1.0,even_ovm_leader_d02,0.2,margin,8.0,1.5,0,5.0,closed symmetric acceleration-command pulse,0.1,4,"[1,14,27,40]",2.0,jerk_saturation,5.0,-21.0,0,ovm,[],60.0,0.2,even,12.332537592516559,7.026036915186637,0.010277114660430466,2.1,acceleration_upper,56.400000000000006,0.8640928012414044,26,5.0,gap_lower,0.1325108631989252,55.1,27,1.6636951681027472,0.0,0.7,0.0,8202700cf031edb2,1.0,131,prediction_scope,0.0,24.0,20.0,1.5608467805368333,16.26861050582312,3.663638395855628,493.30150370066235,41
40,4,"[1,14,27,40]",0.35,2.1,1.0,even_idm_leader_d02,0.2,predictive,8.0,1.5,0,5.0,closed symmetric acceleration-command pulse,0.1,4,"[1,14,27,40]",1.0,jerk_saturation,5.0,-21.0,0,idm,[],60.0,0.2,even,3.9777236464588173,18.931757248300926,0.0033147697053823475,2.1,gap_lower,8.5,0.25341213758495373,1,5.0,gap_lower,0.6797430717799526,6.9,1,0.2539482849633405,0.0,0.7,1.0,8210bc1a750cd39c,1.0,61,controller_comparison,1.0,24.0,20.0,0.21679742284252312,1.3260523523499046,0.22499999999999432,159.10894585835268,41
20,2,"[1,20]",0.35,2.0,1.0,even_idm_leader_N20,0.2,predictive,8.0,1.5,0,5.0,closed symmetric acceleration-command pulse,0.1,2,"[1,20]",1.0,jerk_saturation,5.0,-20.0,0,idm,[],60.0,0.2,even,6.456392379723044,19.272922396420682,0.005380326983102537,2.0,gap_lower,8.3,0.23635388017896589,1,5.0,gap_lower,0.6939790965800888,6.800000000000001,1,0.249984159893175,0.05833333333333476,0.7,1.0,8235a6d2a337a367,1.0,131,chain_length_scope,1.0,24.0,20.0,0.015137065268090572,2.166989617282752,0.17500000000000426,129.1278475944609,21
40,4,"[1,14,27,40]",0.35,1.5,1.0,even_idm_leader_cmd04,0.4,margin,8.0,1.5,0,5.0,closed symmetric acceleration-command pulse,0.1,4,"[1,14,27,40]",1.0,jerk_saturation,5.0,-15.0,0,idm,[],60.0,0.2,even,4.571878649179608,20.76997882537276,0.00380989887431634,1.5,jerk,6.4,0.18004402927351704,1,5.0,gap_lower,0.7672837536055284,6.7,1,0.3731435285351902,0.0,0.7,1.0,825e37d593c1be87,1.0,97,prediction_scope,1.0,24.0,20.0,0.23789993528294623,2.5037500000169075,0.49730691892145984,182.87514596718432,41
40,4,"[37,38,39,40]",0.35,2.1,0.0,rear_idm_leader_d02,0.2,margin,8.0,1.5,0,5.0,closed symmetric acceleration-command pulse,0.1,4,"[37,38,39,40]",119.0,jerk_saturation,5.0,-21.0,0,idm,[],60.0,0.2,rear,228.28834689656406,-52.65412391917915,0.19024028908047005,4.5,gap_lower,60.0,3.832706195958957,37,5.000000000000004,gap_lower,-3.339209839479781,59.900000000000006,37,6.349206349206349,0.15477400385110723,0.7,0.0,8266f3cdcaac1ac2,0.0,131,layout_comparison;prediction_scope,0.0,24.0,20.0,4.5,119.59829544440663,20.0,9131.533875862562,41
40,4,"[1,2,3,4]",0.35,1.9,1.0,front_idm_leader_d02,0.2,margin,8.0,1.5,0,5.0,closed symmetric acceleration-command pulse,0.1,4,"[1,2,3,4]",1.0,jerk_saturation,5.0,-18.999999999999996,0,idm,[],60.0,0.2,front,7.051673420666307,19.858526954864345,0.0058763945172219225,1.9,jerk,6.0,0.2157434402332361,1,5.0,gap_lower,0.7185493977653218,6.7,1,0.3157433198713496,3.950499274296498e-06,0.7,1.0,82672bceeb618126,1.0,97,layout_comparison;prediction_scope,1.0,24.0,20.0,0.20351639197953236,2.9747802255089937,0.4244163395692091,282.0669368266523,41
40,4,"[1,14,27,40]",0.35,2.1,1.0,even_ovm_leader_d02,0.2,margin,8.0,1.5,0,5.0,closed symmetric acceleration-command pulse,0.1,4,"[1,14,27,40]",2.0,jerk_saturation,5.0,-21.0,0,ovm,[],60.0,0.2,even,9.106715546138247,15.135490020743134,0.007588929621781873,2.1,gap_lower,55.900000000000006,0.4432254989628433,27,5.0,gap_lower,0.5503844645619214,54.800000000000004,27,0.8706699677662292,0.0,0.7,0.0,82c8b4c42b5feac6,1.0,113,prediction_scope,0.0,24.0,20.0,0.6600456406514215,8.299006241509687,1.8443233719625702,364.2686218455299,41
40,0,[],0.35,1.0,1.0,even_idm_leader_d02,0.2,human,8.0,1.5,0,5.0,closed symmetric acceleration-command pulse,0.1,0,[],1.0,jerk_saturation,5.0,-10.0,0,idm,[],60.0,0.2,even,2.931852094841307,22.251934240983516,0.0024432100790344226,1.0812300766255738,jerk,7.9,0.32878400889116144,1,5.0,acceleration_upper,0.680352922083674,9.0,1,0.900670938153174,0.00028815784924300186,0.7,1.0,82edf3752ac96282,1.0,79,controller_comparison,1.0,24.0,20.0,0.08295349444674173,0.6741360890652288,0.3735421524107707,117.27408379365228,41
80,8,"[1,12,24,35,46,57,69,80]",0.35,1.0,1.0,even_idm_leader_N80,0.2,predictive,8.0,1.5,0,5.0,closed symmetric acceleration-command pulse,0.1,8,"[1,12,24,35,46,57,69,80]",1.0,jerk_saturation,5.0,-10.0,0,idm,[],60.0,0.2,even,0.9273966471903918,21.882056486128107,0.0007728305393253265,1.0,jerk,11.200000000000001,0.14285753923608713,1,5.0,gap_lower,0.836886763385144,6.7,1,0.23402883011616163,0.0,0.7,1.0,82f202aaed4c1853,1.0,113,chain_length_scope,1.0,24.0,20.0,0.20351639197953236,1.304608454111417,0.13980439497775876,74.19173177523135,81
40,4,"[1,14,27,40]",0.35,1.5,1.0,even_idm_leader_d02,0.2,acc,8.0,1.5,0,5.0,closed symmetric acceleration-command pulse,0.1,4,"[1,14,27,40]",19.0,jerk_saturation,5.0,-15.0,0,idm,[],60.0,0.2,even,16.890884023952104,2.802491371154801,0.014075736686626754,4.5,gap_lower,60.0,1.05987543144226,37,5.000000000000004,gap_lower,-0.17503424373019644,59.900000000000006,37,7.467255370357943,0.05771894843575057,0.7,0.0,831b857ecc426d34,0.0,47,controller_comparison,0.0,24.0,20.0,4.5,21.1975086288452,16.801324583305373,675.6353609580842,41
40,4,"[1,2,3,4]",0.35,1.0,1.0,front_idm_leader_d02,0.2,margin,8.0,1.5,0,5.0,closed symmetric acceleration-command pulse,0.1,4,"[1,2,3,4]",1.0,jerk_saturation,5.0,-10.0,0,idm,[],60.0,0.2,front,5.705573999722044,22.041091224490145,0.00475464499976837,1.0,jerk,7.7,0.15796767347454377,1,5.0,gap_lower,0.8475557889641916,6.7,1,0.38330523773824393,1.3594208922995676e-06,0.7,1.0,83258fb24928d412,1.0,47,layout_comparison,1.0,24.0,20.0,0.033814080663204946,2.802500000000009,0.35709289844002967,228.22295998888177,41
40,4,"[1,14,27,40]",0.35,0.0,1.0,even_idm_leader_d02,0.2,wave,8.0,1.5,0,5.0,closed symmetric acceleration-command pulse,0.1,4,"[1,14,27,40]",0.0,jerk,0.1,3.077579334592651e-16,16,idm,[],60.0,0.2,even,0.0,24.0,0.0,1.5387896672963254e-16,jerk,0.1,3.077579334592651e-16,16,1.5387896672963253e-15,acceleration_upper,0.9999999999999999,0.0,10,0.0,0.0,0.7,1.0,8329de56a6a6226a,1.0,149,controller_comparison,1.0,24.0,20.0,1.5387896672963254e-16,0.0,0.0,0.0,41
80,8,"[1,12,24,35,46,57,69,80]",0.35,0.0,1.0,even_idm_leader_N80,0.2,margin,8.0,1.5,0,5.0,closed symmetric acceleration-command pulse,0.1,8,"[1,12,24,35,46,57,69,80]",0.0,jerk,0.1,8.575465207127734e-16,58,idm,[],60.0,0.2,even,0.0,24.0,0.0,1.5461993588679941e-16,jerk,0.1,8.575465207127734e-16,58,4.287732603563867e-15,acceleration_upper,0.9999999999999998,0.0,58,0.0,0.0,0.7,1.0,8334f7f513fa6366,1.0,167,chain_length_scope,1.0,24.0,20.0,4.287732603563867e-16,0.0,0.0,0.0,81
40,4,"[1,14,27,40]",0.35,0.25,1.0,even_idm_leader_d02,0.2,margin,8.0,1.5,0,5.0,closed symmetric acceleration-command pulse,0.1,4,"[1,14,27,40]",0.0,gap_lower,12.9,0.028125,1,idm,[],60.0,0.2,even,0.0,23.4375,0.0,0.25,gap_lower,12.9,0.028125,1,5.0,gap_lower,0.9535000000000021,6.7,1,0.0,0.0,0.7,1.0,8365763ea57d4562,1.0,3,controller_comparison;layout_comparison,1.0,24.0,20.0,1.5219494915025492e-16,0.5625,0.0,0.0,41
40,4,"[1,14,27,40]",0.35,1.8,1.0,even_idm_leader_d02,0.2,margin,8.0,1.5,0,5.0,closed symmetric acceleration-command pulse,0.1,4,"[1,14,27,40]",1.0,jerk_saturation,5.0,-18.0,0,idm,[],60.0,0.2,even,5.270815146526399,20.118271619165995,0.0043923459554386654,1.8,jerk,6.1000000000000005,0.1949187838400666,1,5.0,gap_lower,0.7314541031193812,6.7,1,0.34028476603406027,0.0,0.7,1.0,837d458a2d9ca5da,1.0,3,controller_comparison;layout_comparison,1.0,24.0,20.0,0.21679742284252312,1.9824853370173514,0.4249999999999865,210.83260586105595,41
40,4,"[1,14,27,40]",0.35,1.7,1.0,even_idm_leader_cmd04,0.4,margin,8.0,1.5,0,5.0,closed symmetric acceleration-command pulse,0.1,4,"[1,14,27,40]",1.0,jerk_saturation,5.0,-17.0,0,idm,[],60.0,0.2,even,5.002801085294794,20.251777019784384,0.004169000904412329,1.7,jerk,6.300000000000001,0.1949187838400666,1,5.0,gap_lower,0.7390560421139881,6.7,1,0.36167911867200553,0.0,0.7,1.0,83e2a6b5139ea554,1.0,97,prediction_scope,1.0,24.0,20.0,0.23305990960300962,2.4867500000168548,0.49730691892145273,200.11204341179177,41
40,4,"[19,20,21,22]",0.35,1.5,1.0,middle_idm_leader_d02,0.2,margin,8.0,1.5,0,5.0,closed symmetric acceleration-command pulse,0.1,4,"[19,20,21,22]",1.0,jerk_saturation,5.0,-15.0,0,idm,[],60.0,0.2,middle,6.609747268312193,17.80968224471053,0.005508122723593495,1.6525850922689307,jerk,7.9,0.5465681636313844,1,5.0,acceleration_upper,0.57756118019626,9.1,1,1.0183936421205115,2.331442236898814e-06,0.7,1.0,83f37e01e819c921,1.0,131,layout_comparison;prediction_scope,1.0,24.0,20.0,0.22628515242285394,3.9131822376097034,0.5999999999999801,264.38989073248774,41
40,4,"[1,14,27,40]",0.35,0.25,1.0,even_idm_leader_d02,0.2,wave,8.0,1.5,0,5.0,closed symmetric acceleration-command pulse,0.1,4,"[1,14,27,40]",0.0,acceleration_upper,8.700000000000001,0.12363052410794312,1,idm,[],60.0,0.2,even,0.3519206102457936,23.63545048406307,0.000293267175204828,0.25,acceleration_upper,8.700000000000001,0.12363052410794312,1,5.0,acceleration_upper,0.8602823717271342,8.200000000000001,1,0.7078878072353424,0.0002882060671727989,0.7,1.0,84a4307f6bbc2337,1.0,29,controller_comparison,1.0,24.0,20.0,0.002891707588925845,0.04690425593798864,0.017489423463572962,14.076824409831744,41
40,4,"[1,14,27,40]",0.35,2.5,0.0,even_idm_leader_d02,0.2,acc,8.0,1.5,0,5.0,closed symmetric acceleration-command pulse,0.1,4,"[1,14,27,40]",132.0,jerk_saturation,5.0,-25.0,0,idm,[],60.0,0.2,even,257.57619385806845,-2.482247918207669,0.214646828215057,4.5,gap_lower,57.0,1.3241123959103835,37,5.000000000000004,gap_lower,-0.49961239591038364,56.5,37,5.333333333333333,4.2961731956487785,0.7,0.0,84aca4c7a47540bd,0.0,113,controller_comparison,0.0,24.0,20.0,4.5,79.84265879129464,20.0,10303.047754322737,41
40,4,"[19,20,21,22]",0.35,1.9,0.0,middle_idm_leader_d02,0.2,margin,8.0,1.5,0,5.0,closed symmetric acceleration-command pulse,0.1,4,"[19,20,21,22]",75.0,jerk_saturation,5.0,-18.999999999999996,0,idm,[],60.0,0.2,middle,105.51774190740453,-87.30448331772305,0.08793145158950377,4.5,gap_lower,45.5,5.5652241658861525,19,5.000000000000004,gap_lower,-4.576895142546276,42.400000000000006,19,7.017543859649123,0.0008974099870354088,0.7,0.0,84c41a6af08ed579,0.0,29,layout_comparison,0.0,24.0,20.0,4.5,88.34749926714466,20.0,4220.709676296181,41
40,4,"[37,38,39,40]",0.35,1.7,0.0,rear_idm_leader_d02,0.2,margin,8.0,1.5,0,5.0,closed symmetric acceleration-command pulse,0.1,4,"[37,38,39,40]",95.0,jerk_saturation,5.0,-17.0,0,idm,[],60.0,0.2,rear,154.3129329099876,-47.61610324129228,0.128594110758323,4.5,gap_lower,60.0,3.580805162064614,37,5.000000000000004,gap_lower,-3.1275360016860967,59.900000000000006,37,7.843137254901961,0.13246547712247056,0.7,0.0,84e78c327c99879b,0.0,47,layout_comparison,0.0,24.0,20.0,4.5,137.5621542584306,20.0,6172.517316399504,41
40,4,"[1,14,27,40]",0.35,0.25,1.0,even_idm_leader_cmd04,0.4,margin,8.0,1.5,0,5.0,closed symmetric acceleration-command pulse,0.1,4,"[1,14,27,40]",0.0,gap_lower,12.9,0.028125,1,idm,[],60.0,0.2,even,0.0,23.4375,0.0,0.25,gap_lower,12.9,0.028125,1,5.0,gap_lower,0.9535000000000021,6.7,1,0.0,0.0,0.7,1.0,84e93f0ba783d159,1.0,131,prediction_scope,1.0,24.0,20.0,1.5165216210851655e-16,0.5625,0.0,0.0,41
40,4,"[1,14,27,40]",0.35,1.5,1.0,even_idm_leader_d02,0.2,predictive,8.0,1.5,0,5.0,closed symmetric acceleration-command pulse,0.1,4,"[1,14,27,40]",1.0,jerk_saturation,5.0,-15.0,0,idm,[],60.0,0.2,even,2.4737002493746894,20.59906245446058,0.0020614168744789076,1.5,gap_lower,8.1,0.17004687727697104,1,5.0,gap_lower,0.7612126343801773,6.7,1,0.23057963137617163,0.0,0.7,1.0,84f0bd06606490f6,1.0,3,controller_comparison,1.0,24.0,20.0,0.004181077469570636,1.083979458934209,0.14999999999999858,98.94800997498757,41
20,2,"[1,20]",0.35,2.0,1.0,even_idm_leader_N20,0.2,wave,8.0,1.5,0,5.0,closed symmetric acceleration-command pulse,0.1,2,"[1,20]",10.0,jerk_saturation,5.0,-20.0,0,idm,[],60.0,0.2,even,26.43734003216112,3.844302073824707,0.0220311166934676,4.5,gap_lower,38.800000000000004,1.0077848963087646,20,5.0,gap_lower,-0.0022248451679982794,38.1,20,4.277062372282098,3.5087279505527413,0.7,0.0,851d0700352b922a,0.0,131,chain_length_scope,0.0,24.0,20.0,0.1682970090981645,22.705506891667255,3.832220657737171,528.7468006432224,21
40,4,"[1,2,3,4]",0.35,2.1,1.0,front_idm_leader_d02,0.2,margin,8.0,1.5,0,5.0,closed symmetric acceleration-command pulse,0.1,4,"[1,2,3,4]",1.0,jerk_saturation,5.0,-21.0,0,idm,[],60.0,0.2,front,7.273027198201065,19.221536821795013,0.006060855998500887,2.1,gap_lower,8.200000000000001,0.23892315891024934,1,5.0,gap_lower,0.688120998403801,6.800000000000001,1,0.3173783908256328,4.098208777909421e-06,0.7,1.0,855b82a561224c8e,1.0,97,layout_comparison;prediction_scope,1.0,24.0,20.0,0.06639437176412803,2.3587499999998727,0.4337250755646984,290.9210879280426,41
40,4,"[1,14,27,40]",0.35,0.0,1.0,even_idm_leader_d02,0.2,predictive,8.0,1.5,0,5.0,closed symmetric acceleration-command pulse,0.1,4,"[1,14,27,40]",0.0,jerk,0.1,3.0438989830050984e-16,32,idm,[],60.0,0.2,even,0.0,24.0,0.0,1.519770894331564e-16,jerk,0.1,3.0438989830050984e-16,32,1.5219494915025492e-15,acceleration_upper,0.9999999999999999,0.0,21,0.0,0.0,0.7,1.0,85d6f5afa2a21f05,1.0,3,controller_comparison,1.0,24.0,20.0,1.5219494915025492e-16,0.0,0.0,0.0,41
40,4,"[1,14,27,40]",0.35,2.1,1.0,even_idm_leader_cmd0,0.0,margin,8.0,1.5,0,5.0,closed symmetric acceleration-command pulse,0.1,4,"[1,14,27,40]",1.0,jerk_saturation,5.0,-21.0,0,idm,[],60.0,0.2,even,5.994039543847445,19.3695272593217,0.004995032953206205,2.1,gap_lower,8.3,0.23152363703391501,1,5.0,gap_lower,0.6974331624509172,6.800000000000001,1,0.31385733209259137,0.0,0.7,1.0,85e4a77a11cd60a0,1.0,149,prediction_scope,1.0,24.0,20.0,0.15889213113955863,2.6330000000007203,0.37001114919798894,239.76158175389781,41
40,4,"[1,14,27,40]",0.35,1.9,1.0,even_idm_internal8_d02,0.2,margin,8.0,1.5,8,5.0,closed symmetric acceleration-command pulse,0.1,4,"[1,14,27,40]",2.0,jerk_saturation,5.0,-18.999999999999996,8,idm,[],60.0,0.2,even,4.845600040180303,18.87462656647154,0.004038000033483586,1.8999999999999997,jerk,5.1000000000000005,1.0,8,5.0,acceleration_upper,0.0,6.5,8,0.8695292644314461,0.13996584229964154,0.7,1.0,85f18c38633e6b03,1.0,191,prediction_scope,1.0,24.0,20.0,0.2488521333507932,2.571845113769996,0.39890265055397833,193.8240016072121,41
40,4,"[1,14,27,40]",0.35,1.5,1.0,even_idm_internal8_d02,0.2,margin,8.0,1.5,8,5.0,closed symmetric acceleration-command pulse,0.1,4,"[1,14,27,40]",1.0,jerk_saturation,5.0,-15.0,8,idm,[],60.0,0.2,even,3.259685700716671,21.172520380038513,0.002716404750597226,1.5,jerk,6.9,1.0000000000000002,8,5.000000000000001,acceleration_upper,0.0,6.5,8,0.8563456119463319,0.1390674459232094,0.7,1.0,8612e1aaf26a123d,1.0,149,prediction_scope,1.0,24.0,20.0,0.24839298669111048,2.4629132199589776,0.31290175332722114,130.38742802866685,41
40,4,"[19,20,21,22]",0.35,1.7,0.0,middle_idm_leader_d02,0.2,margin,8.0,1.5,0,5.0,closed symmetric acceleration-command pulse,0.1,4,"[19,20,21,22]",67.0,jerk_saturation,5.0,-17.0,0,idm,[],60.0,0.2,middle,79.32196650618641,-71.55527731378066,0.06610163875515535,4.5,gap_lower,42.6,4.7777638656890336,19,5.000000000000004,gap_lower,-3.785508037920193,41.900000000000006,19,7.843137254901961,0.0008080826497268734,0.7,0.0,8613fc8a4c87954b,0.0,3,layout_comparison,0.0,24.0,20.0,4.5,121.70768620701665,20.0,3172.8786602474565,41
20,2,"[1,20]",0.35,0.0,1.0,even_idm_leader_N20,0.2,margin,8.0,1.5,0,5.0,closed symmetric acceleration-command pulse,0.1,2,"[1,20]",0.0,jerk,0.1,2.93878275950609e-16,10,idm,[],60.0,0.2,even,0.0,24.0,0.0,1.469391379753045e-16,jerk,0.1,2.93878275950609e-16,10,1.469391379753045e-15,acceleration_upper,0.9999999999999999,0.0,6,0.0,0.0,0.7,1.0,86262288b6e0110f,1.0,131,chain_length_scope,1.0,24.0,20.0,1.469391379753045e-16,0.0,0.0,0.0,21
20,2,"[1,20]",0.35,2.0,1.0,even_idm_leader_N20,0.2,predictive,8.0,1.5,0,5.0,closed symmetric acceleration-command pulse,0.1,2,"[1,20]",1.0,jerk_saturation,5.0,-20.0,0,idm,[],60.0,0.2,even,6.474292984224556,19.272922396420682,0.005395244153520463,2.0,gap_lower,8.3,0.23635388017896589,1,5.0,gap_lower,0.6939790965800888,6.800000000000001,1,0.2622466991185692,0.05833333333333476,0.7,1.0,8627efd547f24e21,1.0,167,chain_length_scope,1.0,24.0,20.0,0.011898564068797699,1.9795198173638937,0.17500000000000426,129.48585968449112,21
40,4,"[1,14,27,40]",0.35,2.1,1.0,even_idm_leader_cmd04,0.4,margin,8.0,1.5,0,5.0,closed symmetric acceleration-command pulse,0.1,4,"[1,14,27,40]",1.0,jerk_saturation,5.0,-21.0,0,idm,[],60.0,0.2,even,6.031181536578277,19.164326437784013,0.005025984613815231,2.1,gap_lower,8.1,0.24178367811079937,1,5.0,gap_lower,0.6828209984038016,7.0,1,0.36259899702053916,0.0,0.7,1.0,864af3aea952a296,1.0,131,prediction_scope,1.0,24.0,20.0,0.2330599096135322,2.01496290439502,0.49999999998986766,241.24726146313108,41
40,0,[],0.35,0.0,1.0,even_idm_leader_d02,0.2,human,8.0,1.5,0,5.0,closed symmetric acceleration-command pulse,0.1,0,[],0.0,jerk,0.1,3.0438989830050984e-16,32,idm,[],60.0,0.2,even,0.0,24.0,0.0,1.519770894331564e-16,jerk,0.1,3.0438989830050984e-16,32,1.5219494915025492e-15,acceleration_upper,0.9999999999999999,0.0,21,0.0,0.0,0.7,1.0,869e0e7b9ab3a1e5,1.0,3,controller_comparison,1.0,24.0,20.0,1.5219494915025492e-16,0.0,0.0,0.0,41
40,0,[],0.35,1.0,1.0,even_idm_leader_d02,0.2,human,8.0,1.5,0,5.0,closed symmetric acceleration-command pulse,0.1,0,[],1.0,jerk_saturation,5.0,-10.0,0,idm,[],60.0,0.2,even,2.6727361135177636,22.202272100965544,0.0022272800945981365,1.084330244356399,acceleration_upper,9.0,0.34628987017139234,1,5.0,acceleration_upper,0.6617451466105465,9.0,1,0.899885235567678,0.00026169566754911483,0.7,1.0,86af9e80e5a380a2,1.0,97,controller_comparison,1.0,24.0,20.0,0.07561064697023491,0.6847402408376411,0.37486427118327725,106.90944454071055,41
80,8,"[1,12,24,35,46,57,69,80]",0.35,0.0,1.0,even_idm_leader_N80,0.2,margin,8.0,1.5,0,5.0,closed symmetric acceleration-command pulse,0.1,8,"[1,12,24,35,46,57,69,80]",0.0,jerk,0.1,3.1044160633324413e-16,76,idm,[],60.0,0.2,even,0.0,24.0,0.0,1.5522080316662207e-16,jerk,0.1,3.1044160633324413e-16,76,1.5522080316662206e-15,acceleration_upper,0.9999999999999999,0.0,2,0.0,0.0,0.7,1.0,86f3bfb7c8d68a35,1.0,149,chain_length_scope,1.0,24.0,20.0,1.5522080316662207e-16,0.0,0.0,0.0,81
40,0,[],0.35,1.0,1.0,even_idm_leader_d02,0.2,human,8.0,1.5,0,5.0,closed symmetric acceleration-command pulse,0.1,0,[],1.0,jerk_saturation,5.0,-10.0,0,idm,[],60.0,0.2,even,2.5084087816011333,22.26522723163656,0.0020903406513342777,1.003110796678591,acceleration_upper,9.1,0.3075757300288611,1,5.0,acceleration_upper,0.6996229756573912,9.0,1,0.8312391445159193,0.00019563035726359126,0.7,1.0,877e1744773c1db7,1.0,47,controller_comparison,1.0,24.0,20.0,0.06391487239706817,0.598791901105983,0.3046245584087366,100.33635126404533,41
20,2,"[1,20]",0.35,1.0,1.0,even_idm_leader_N20,0.2,wave,8.0,1.5,0,5.0,closed symmetric acceleration-command pulse,0.1,2,"[1,20]",1.0,jerk_saturation,5.0,-10.0,0,idm,[],60.0,0.2,even,2.7865164648366707,22.41719531546063,0.002322097054030559,1.0,acceleration_upper,8.9,0.47616499802648427,1,5.0,acceleration_upper,0.4712842528868433,8.3,1,0.7636366299609705,0.22472500174639976,0.7,1.0,8780ce8885b17239,1.0,149,chain_length_scope,1.0,24.0,20.0,0.001936064970515151,0.09087238559084199,0.022228888258677415,55.730329296733416,21
40,4,"[1,14,27,40]",0.35,1.0,1.0,even_idm_leader_d02,0.2,margin,8.0,1.5,0,5.0,closed symmetric acceleration-command pulse,0.1,4,"[1,14,27,40]",1.0,jerk_saturation,5.0,-10.0,0,idm,[],60.0,0.2,even,3.9173091756551806,22.041091224490145,0.003264424313045984,1.0,jerk,7.7,0.15796767347454377,1,5.0,gap_lower,0.8475557889641916,6.7,1,0.387943025235766,0.0,0.7,1.0,879f456b592d6e88,1.0,11,controller_comparison;layout_comparison,1.0,24.0,20.0,0.1588921282798834,2.288837467039116,0.4064092902954002,156.69236702620722,41
80,8,"[1,12,24,35,46,57,69,80]",0.35,0.25,1.0,even_idm_leader_N80,0.2,margin,8.0,1.5,0,5.0,closed symmetric acceleration-command pulse,0.1,8,"[1,12,24,35,46,57,69,80]",0.0,gap_lower,12.9,0.028125,1,idm,[],60.0,0.2,even,0.0,23.4375,0.0,0.25,gap_lower,12.9,0.028125,1,5.0,gap_lower,0.9535000000000021,6.7,1,0.0,0.0,0.7,1.0,87aad75f2b7d02c1,1.0,113,chain_length_scope,1.0,24.0,20.0,1.5413313407798953e-16,0.5625,0.0,0.0,81
40,4,"[37,38,39,40]",0.35,0.25,1.0,rear_idm_leader_d02,0.2,margin,8.0,1.5,0,5.0,closed symmetric acceleration-command pulse,0.1,4,"[37,38,39,40]",0.0,acceleration_upper,8.9,0.0838298267450911,1,idm,[],60.0,0.2,rear,0.36967584221147887,23.59633079757087,0.000308063201842899,0.25,acceleration_upper,8.9,0.0838298267450911,1,5.0,acceleration_upper,0.9184499740328927,8.9,1,0.7296806448184157,0.0,0.7,1.0,87e075e29fa465b5,1.0,167,layout_comparison;prediction_scope,1.0,24.0,20.0,0.004761495556493572,0.0518810440732409,0.024379221517737193,14.787033688459154,41
80,8,"[1,12,24,35,46,57,69,80]",0.35,2.5,0.0,even_idm_leader_N80,0.2,wave,8.0,1.5,0,5.0,closed symmetric acceleration-command pulse,0.1,8,"[1,12,24,35,46,57,69,80]",120.0,jerk_saturation,5.0,-25.0,0,idm,[],60.0,0.2,even,107.43559866949947,-34.46367076258254,0.08952966555791622,4.5,gap_lower,60.0,2.923183538129127,24,5.000000000000004,gap_lower,-2.0946336275945656,59.900000000000006,24,5.333333333333333,0.0,0.7,0.0,8824ac6d83c1069f,0.0,113,chain_length_scope,0.0,24.0,20.0,4.5,98.68084232780052,20.0,8594.847893559958,81
40,4,"[1,14,27,40]",0.35,1.8,1.0,even_idm_leader_cmd0,0.0,margin,8.0,1.5,0,5.0,closed symmetric acceleration-command pulse,0.1,4,"[1,14,27,40]",1.0,jerk_saturation,5.0,-18.0,0,idm,[],60.0,0.2,even,5.303460376560439,20.24543240660705,0.004419550313800365,1.8,jerk,5.9,0.1949187838400666,1,5.0,gap_lower,0.7398714811833569,6.7,1,0.29629195513215,0.0,0.7,1.0,8845140891b717f0,1.0,131,prediction_scope,1.0,24.0,20.0,0.15889213228343468,2.6369999999992615,0.3516288355258794,212.13841506241755,41
20,2,"[1,20]",0.35,0.25,1.0,even_idm_leader_N20,0.2,margin,8.0,1.5,0,5.0,closed symmetric acceleration-command pulse,0.1,2,"[1,20]",0.0,gap_lower,12.9,0.028125,1,idm,[],60.0,0.2,even,0.0,23.4375,0.0,0.25,gap_lower,12.9,0.028125,1,5.0,gap_lower,0.9535000000000021,6.7,1,0.0,0.0,0.7,1.0,88a7a30ce659adb7,1.0,113,chain_length_scope,1.0,24.0,20.0,1.519317481612589e-16,0.5625,0.0,0.0,21
40,4,"[1,14,27,40]",0.35,2.5,0.0,even_idm_leader_d02,0.2,acc,8.0,1.5,0,5.0,closed symmetric acceleration-command pulse,0.1,4,"[1,14,27,40]",131.0,jerk_saturation,5.0,-25.0,0,idm,[],60.0,0.2,even,263.4827921813026,-2.418041154068103,0.21956899348441883,4.5,gap_lower,53.1,1.3209020577034052,34,5.000000000000004,gap_lower,-0.49640205770340523,52.6,34,5.333333333333333,4.268118068466699,0.7,0.0,88c10f196b5d43c4,0.0,61,controller_comparison,0.0,24.0,20.0,4.5,88.03197356569751,20.0,10539.311687252104,41
40,4,"[1,14,27,40]",0.35,1.8,1.0,even_idm_leader_d02,0.2,predictive,8.0,1.5,0,5.0,closed symmetric acceleration-command pulse,0.1,4,"[1,14,27,40]",1.0,jerk_saturation,5.0,-18.0,0,idm,[],60.0,0.2,even,2.9606174235449374,19.848370192974244,0.002467181186287448,1.8,gap_lower,8.200000000000001,0.2075814903512878,1,5.0,gap_lower,0.7253314111035014,6.800000000000001,1,0.2407364782618002,0.0,0.7,1.0,88fc9a3dd37578a2,1.0,191,controller_comparison,1.0,24.0,20.0,0.009673142467439085,1.2321966762291368,0.17500000000000426,118.42469694179749,41
40,0,[],0.35,1.5,0.0,even_idm_leader_d02,0.2,human,8.0,1.5,0,5.0,closed symmetric acceleration-command pulse,0.1,0,[],90.0,jerk_saturation,5.0,-15.0,0,idm,[],60.0,0.2,even,121.81566654933872,-2.493857301890287,0.10151305545778226,4.5,gap_lower,42.2,1.3246928650945144,24,5.000000000000004,gap_lower,-0.5001928650945138,41.7,24,8.88888888888889,3.599245800645077,0.7,0.0,890a25bc114dba0d,0.0,11,controller_comparison,0.0,24.0,20.0,4.5,77.25119453034785,20.0,4872.626661973549,41
40,4,"[37,38,39,40]",0.35,0.0,1.0,rear_idm_leader_d02,0.2,margin,8.0,1.5,0,5.0,closed symmetric acceleration-command pulse,0.1,4,"[37,38,39,40]",0.0,jerk,0.1,3.0868044401493493e-16,5,idm,[],60.0,0.2,rear,0.0,24.0,0.0,1.5431316168805067e-16,jerk,0.1,3.0868044401493493e-16,5,1.5434022200746747e-15,acceleration_upper,0.9999999999999999,0.0,2,0.0,0.0,0.7,1.0,8929a0d10c5bd91a,1.0,167,layout_comparison;prediction_scope,1.0,24.0,20.0,1.543402220074675e-16,0.0,0.0,0.0,41
40,4,"[37,38,39,40]",0.35,2.1,0.0,rear_idm_leader_d02,0.2,margin,8.0,1.5,0,5.0,closed symmetric acceleration-command pulse,0.1,4,"[37,38,39,40]",125.0,jerk_saturation,5.0,-21.0,0,idm,[],60.0,0.2,rear,253.42032165783297,-55.960002052188585,0.21118360138152747,4.5,gap_lower,60.0,3.998000102609429,37,5.000000000000004,gap_lower,-3.4798060140426372,59.900000000000006,37,6.349206349206349,0.18651108600012758,0.7,0.0,89351f1d4f8ee8f5,0.0,11,layout_comparison,0.0,24.0,20.0,4.5,129.1935043160836,20.0,10136.81286631332,41
40,4,"[1,14,27,40]",0.35,1.8,1.0,even_idm_internal8_d02,0.2,margin,8.0,1.5,8,5.0,closed symmetric acceleration-command pulse,0.1,4,"[1,14,27,40]",2.0,jerk_saturation,5.0,-18.0,8,idm,[],60.0,0.2,even,4.417607843581175,19.715683088415382,0.003681339869650979,1.8,jerk,5.1000000000000005,1.0,8,5.0,acceleration_upper,0.0,6.5,8,0.8562955950471125,0.148042352198348,0.7,1.0,8935f0a9a16319fe,1.0,149,prediction_scope,1.0,24.0,20.0,0.2488521333507932,2.3666252594871935,0.39971435093553964,176.70431374324698,41
20,2,"[1,20]",0.35,1.5,1.0,even_idm_leader_N20,0.2,wave,8.0,1.5,0,5.0,closed symmetric acceleration-command pulse,0.1,2,"[1,20]",1.0,jerk_saturation,5.0,-15.0,0,idm,[],60.0,0.2,even,5.975594504121519,21.546420964520223,0.004979662086767932,1.5,acceleration_upper,9.0,0.6910652464529088,1,5.0,acceleration_upper,0.2408760651583718,8.4,1,0.7855481259587296,0.5120908858743449,0.7,1.0,89471c7f31d5ff96,1.0,113,chain_length_scope,1.0,24.0,20.0,0.003280171239914694,0.10641969279686236,0.050565997372821414,119.51189008243037,21
80,8,"[1,12,24,35,46,57,69,80]",0.35,0.0,1.0,even_idm_leader_N80,0.2,predictive,8.0,1.5,0,5.0,closed symmetric acceleration-command pulse,0.1,8,"[1,12,24,35,46,57,69,80]",0.0,jerk,0.1,8.575465207127734e-16,58,idm,[],60.0,0.2,even,0.0,24.0,0.0,1.5461993588679941e-16,jerk,0.1,8.575465207127734e-16,58,4.287732603563867e-15,acceleration_upper,0.9999999999999998,0.0,58,0.0,0.0,0.7,1.0,8955c37683d454de,1.0,167,chain_length_scope,1.0,24.0,20.0,4.287732603563867e-16,0.0,0.0,0.0,81
40,0,[],0.35,1.7,0.0,even_idm_leader_d02,0.2,human,8.0,1.5,0,5.0,closed symmetric acceleration-command pulse,0.1,0,[],111.0,jerk_saturation,5.0,-17.0,0,idm,[],60.0,0.2,even,178.33741235686222,-2.377009170177544,0.14861451029738518,4.5,gap_lower,40.300000000000004,1.3188504585088772,23,5.000000000000004,gap_lower,-0.49435045850887765,39.800000000000004,23,7.843137254901961,4.262313990340264,0.7,0.0,89693ba20fb4af0a,0.0,167,controller_comparison,0.0,24.0,20.0,4.5,111.68786562185358,20.0,7133.496494274489,41
40,4,"[37,38,39,40]",0.35,2.1,0.0,rear_idm_leader_d02,0.2,margin,8.0,1.5,0,5.0,closed symmetric acceleration-command pulse,0.1,4,"[37,38,39,40]",123.0,jerk_saturation,5.0,-21.0,0,idm,[],60.0,0.2,rear,246.76232470377082,-55.85350228594509,0.20563527058647568,4.5,gap_lower,60.0,3.992675114297255,37,5.000000000000004,gap_lower,-3.475361816385868,59.900000000000006,37,6.349206349206349,0.18651108600012758,0.7,0.0,89764778090855f5,0.0,97,layout_comparison;prediction_scope,0.0,24.0,20.0,4.5,123.50329804881994,20.0,9870.492988150832,41
40,4,"[37,38,39,40]",0.35,1.0,1.0,rear_idm_leader_d02,0.2,margin,8.0,1.5,0,5.0,closed symmetric acceleration-command pulse,0.1,4,"[37,38,39,40]",1.0,jerk_saturation,5.0,-10.0,0,idm,[],60.0,0.2,rear,2.956101877333705,22.239062206743952,0.002463418231111421,1.0,jerk,7.9,0.27947574127105923,1,5.0,acceleration_upper,0.7428828150777689,9.1,1,0.8066211531710318,0.0,0.7,1.0,898c1e7714536256,1.0,113,layout_comparison;prediction_scope,1.0,24.0,20.0,0.08548645998417712,0.6776165533252936,0.3972017262527494,118.2440750933482,41
40,4,"[37,38,39,40]",0.35,1.5,0.0,rear_idm_leader_d02,0.2,margin,8.0,1.5,0,5.0,closed symmetric acceleration-command pulse,0.1,4,"[37,38,39,40]",44.0,jerk_saturation,5.0,-15.0,0,idm,[],60.0,0.2,rear,42.50439382641489,-24.952755144259342,0.03542032818867907,4.5,gap_lower,60.0,2.4476377572129673,37,5.000000000000004,gap_lower,-2.148889577044898,59.900000000000006,37,8.88888888888889,0.0,0.7,0.0,89b79c13b301592f,0.0,97,layout_comparison;prediction_scope,0.0,24.0,20.0,4.5,48.95275514425934,20.0,1700.1757530565956,41
40,4,"[1,14,27,40]",0.35,1.8,1.0,even_idm_leader_d02,0.2,margin,8.0,1.5,0,5.0,closed symmetric acceleration-command pulse,0.1,4,"[1,14,27,40]",1.0,jerk_saturation,5.0,-18.0,0,idm,[],60.0,0.2,even,5.422999269491795,20.118271619165995,0.0045191660579098295,1.8,jerk,6.1000000000000005,0.1949187838400666,1,5.0,gap_lower,0.7314541031193812,6.7,1,0.3247115496699401,0.0,0.7,1.0,89d8516429da08ba,1.0,79,controller_comparison;layout_comparison,1.0,24.0,20.0,0.21679742284252312,1.9834314221675413,0.4387207244790119,216.91997077967181,41
40,4,"[1,14,27,40]",0.35,1.8,1.0,even_idm_leader_d02,0.2,wave,8.0,1.5,0,5.0,closed symmetric acceleration-command pulse,0.1,4,"[1,14,27,40]",1.0,jerk_saturation,5.0,-18.0,0,idm,[],60.0,0.2,even,5.800884587626764,21.01273272579344,0.00483407048968897,1.8,acceleration_upper,9.0,0.8108967007441591,1,5.0,acceleration_upper,0.1154448318353769,8.5,1,0.7942805054877989,0.001966283736439112,0.7,1.0,89de36f651be4ab4,1.0,29,controller_comparison,1.0,24.0,20.0,0.19141317152098408,1.2735473458049569,0.6724676149614446,232.03538350507057,41
40,4,"[1,14,27,40]",0.35,1.9,0.0,even_idm_leader_d02,0.2,wave,8.0,1.5,0,5.0,closed symmetric acceleration-command pulse,0.1,4,"[1,14,27,40]",58.0,jerk_saturation,5.0,-18.999999999999996,0,idm,[],60.0,0.2,even,64.04445074667512,-10.36402611221996,0.05337037562222927,4.5,gap_lower,50.300000000000004,1.718201305610998,27,5.000000000000004,gap_lower,-0.719739589341531,49.5,27,7.017543859649123,2.0918396374505592,0.7,0.0,8a03aabbc279d426,0.0,79,controller_comparison,0.0,24.0,20.0,4.5,69.07668604434409,20.0,2561.778029867005,41
40,4,"[19,20,21,22]",0.35,1.0,1.0,middle_idm_leader_d02,0.2,margin,8.0,1.5,0,5.0,closed symmetric acceleration-command pulse,0.1,4,"[19,20,21,22]",1.0,jerk_saturation,5.0,-10.0,0,idm,[],60.0,0.2,middle,3.1504296734523853,22.26522723163656,0.0026253580612103215,1.003110796678591,acceleration_upper,9.1,0.3075757300288611,1,5.0,acceleration_upper,0.6996229756573912,9.0,1,0.8312391445159193,3.630233891271928e-10,0.7,1.0,8a2dc35084a23109,1.0,47,layout_comparison,1.0,24.0,20.0,0.09600356917378858,2.3676206074540005,0.45004536707348564,126.01718693809542,41
40,4,"[1,14,27,40]",0.35,2.0,1.0,even_idm_leader_cmd0,0.0,margin,8.0,1.5,0,5.0,closed symmetric acceleration-command pulse,0.1,4,"[1,14,27,40]",1.0,jerk_saturation,5.0,-20.0,0,idm,[],60.0,0.2,even,5.870838257970236,19.702188065488627,0.004892365214975197,2.0,jerk,5.800000000000001,0.2157434402332361,1,5.0,gap_lower,0.71213316245092,6.800000000000001,1,0.2916611877818802,0.0,0.7,1.0,8a437d07efb64cb4,1.0,97,prediction_scope,1.0,24.0,20.0,0.1588921286596783,2.35124999999357,0.37923487771749365,234.83353031880944,41
40,4,"[1,14,27,40]",0.35,1.8,1.0,even_idm_leader_d02,0.2,margin,8.0,1.5,0,5.0,closed symmetric acceleration-command pulse,0.1,4,"[1,14,27,40]",1.0,jerk_saturation,5.0,-18.0,0,idm,[],60.0,0.2,even,5.125742006532746,20.118271619165995,0.004271451672110621,1.8,jerk,6.1000000000000005,0.1949187838400666,1,5.0,gap_lower,0.7314541031193812,6.7,1,0.3239786377755459,0.0,0.7,1.0,8a56d64a2461a9ec,1.0,167,controller_comparison;layout_comparison;prediction_scope,1.0,24.0,20.0,0.21679742284252312,1.9759426329701455,0.40585864055848475,205.02968026130984,41
40,4,"[1,14,27,40]",0.35,1.5,1.0,even_idm_leader_d02,0.2,predictive,8.0,1.5,0,5.0,closed symmetric acceleration-command pulse,0.1,4,"[1,14,27,40]",1.0,jerk_saturation,5.0,-15.0,0,idm,[],60.0,0.2,even,2.527116719967645,20.59906245446058,0.002105930599973037,1.5,gap_lower,8.1,0.17004687727697104,1,5.0,gap_lower,0.7612126343801773,6.7,1,0.2222220090665543,0.0,0.7,1.0,8a867c599f7964d4,1.0,79,controller_comparison,1.0,24.0,20.0,0.003820133008704986,1.1500720645466913,0.14999999999999858,101.08466879870579,41
40,0,[],0.35,0.25,1.0,even_idm_leader_d02,0.2,human,8.0,1.5,0,5.0,closed symmetric acceleration-command pulse,0.1,0,[],0.0,acceleration_upper,8.9,0.08040738292374738,1,idm,[],60.0,0.2,even,0.37508973272008145,23.590913162003574,0.00031257477726673457,0.25,acceleration_upper,8.9,0.08040738292374738,1,5.0,acceleration_upper,0.9219280984362672,8.9,1,0.6820726754513847,6.602767790771698e-05,0.7,1.0,8aaec4b67bc34933,1.0,131,controller_comparison,1.0,24.0,20.0,0.005502743830453169,0.058030905234943475,0.028657718179239566,15.003589308803258,41
40,0,[],0.35,0.0,1.0,even_idm_leader_d02,0.2,human,8.0,1.5,0,5.0,closed symmetric acceleration-command pulse,0.1,0,[],0.0,jerk,0.1,3.057761386297021e-16,6,idm,[],60.0,0.2,even,0.0,24.0,0.0,1.4435554130338614e-16,jerk,0.1,3.057761386297021e-16,6,1.5288806931485105e-15,acceleration_upper,0.9999999999999999,0.0,2,0.0,0.0,0.7,1.0,8ac83d27819795c2,1.0,61,controller_comparison,1.0,24.0,20.0,1.5288806931485106e-16,0.0,0.0,0.0,41
40,4,"[1,14,27,40]",0.35,1.7,1.0,even_idm_leader_d02,0.2,predictive,8.0,1.5,0,5.0,closed symmetric acceleration-command pulse,0.1,4,"[1,14,27,40]",1.0,jerk_saturation,5.0,-17.0,0,idm,[],60.0,0.2,even,2.9776347134643686,20.126428094831113,0.002481362261220307,1.7,gap_lower,8.1,0.19367859525844439,1,5.0,gap_lower,0.7405207352121215,6.7,1,0.24508576040922214,0.0,0.7,1.0,8aca62dc67eb59b3,1.0,79,controller_comparison,1.0,24.0,20.0,0.21679742284252312,1.3046241824208096,0.17500000000000426,119.10538853857474,41
40,4,"[1,14,27,40]",0.35,1.8,1.0,even_idm_leader_d02,0.2,margin,8.0,1.5,0,5.0,closed symmetric acceleration-command pulse,0.1,4,"[1,14,27,40]",1.0,jerk_saturation,5.0,-18.0,0,idm,[],60.0,0.2,even,5.415594845334079,20.118271619165995,0.004512995704445066,1.8,jerk,6.1000000000000005,0.1949187838400666,1,5.0,gap_lower,0.7314541031193812,6.7,1,0.3239786377755459,0.0,0.7,1.0,8b057c713cd337b8,1.0,97,controller_comparison;layout_comparison;prediction_scope,1.0,24.0,20.0,0.21679742284252312,1.9945316306032055,0.4454346481251754,216.62379381336316,41
40,4,"[1,2,3,4]",0.35,2.0,1.0,front_idm_leader_d02,0.2,margin,8.0,1.5,0,5.0,closed symmetric acceleration-command pulse,0.1,4,"[1,2,3,4]",1.0,jerk_saturation,5.0,-20.0,0,idm,[],60.0,0.2,front,7.129752147669149,19.56003271057392,0.005941460123057624,2.0,gap_lower,8.1,0.22199836447130394,1,5.0,gap_lower,0.7028209984038035,6.800000000000001,1,0.3165806789364443,3.752974310581673e-06,0.7,1.0,8b126135340f3f09,1.0,97,layout_comparison;prediction_scope,1.0,24.0,20.0,0.048831095022029966,2.402499999994461,0.42761180674437327,285.19008590676594,41
40,4,"[1,14,27,40]",0.35,1.0,1.0,even_ovm_leader_d02,0.2,margin,8.0,1.5,0,5.0,closed symmetric acceleration-command pulse,0.1,4,"[1,14,27,40]",1.0,jerk_saturation,5.0,-10.0,0,ovm,[],60.0,0.2,even,5.3263168766047535,20.261119529089598,0.004438597397170628,1.0,acceleration_upper,33.0,0.19346433418565154,13,5.0,acceleration_upper,0.8072058916647298,33.0,13,0.8473568913805091,0.0,0.7,1.0,8b354a69cb518711,1.0,191,prediction_scope,1.0,24.0,20.0,0.2035163916953041,3.53252119423081,0.8622595336957204,213.05267506419014,41
80,8,"[1,12,24,35,46,57,69,80]",0.35,1.8,1.0,even_idm_leader_N80,0.2,wave,8.0,1.5,0,5.0,closed symmetric acceleration-command pulse,0.1,8,"[1,12,24,35,46,57,69,80]",54.0,jerk_saturation,5.0,-18.0,0,idm,[],60.0,0.2,even,29.92097879538988,-19.07793559801398,0.024934148996158232,4.5,gap_lower,60.0,2.153896779900699,35,5.000000000000004,gap_lower,-1.4279316650972051,59.900000000000006,35,7.4074074074074066,0.0,0.7,0.0,8b6d69d96ac85718,0.0,113,chain_length_scope,0.0,24.0,20.0,4.5,52.877138739190514,20.0,2393.6783036311904,81
40,4,"[1,14,27,40]",0.35,2.5,1.0,even_idm_leader_d02,0.2,predictive,8.0,1.5,0,5.0,closed symmetric acceleration-command pulse,0.1,4,"[1,14,27,40]",1.0,jerk_saturation,5.0,-25.0,0,idm,[],60.0,0.2,even,5.151282940472674,17.44987155700528,0.004292735783727228,2.5,gap_lower,8.8,0.32750642214973597,1,5.0,gap_lower,0.616796615564511,7.0,1,0.2666430711583966,0.0,0.7,1.0,8b7a56da13715ddb,1.0,167,controller_comparison,1.0,24.0,20.0,0.21679742284254452,1.782174634086573,0.32258648378359567,206.05131761890695,41
40,4,"[1,14,27,40]",0.35,1.9,1.0,even_idm_leader_d02,0.2,predictive,8.0,1.5,0,5.0,closed symmetric acceleration-command pulse,0.1,4,"[1,14,27,40]",1.0,jerk_saturation,5.0,-18.999999999999996,0,idm,[],60.0,0.2,even,3.393140701325362,19.577656259410332,0.002827617251104468,1.9,gap_lower,8.3,0.22111718702948338,1,5.0,gap_lower,0.7099290965800863,6.800000000000001,1,0.24560556476260004,0.0,0.7,1.0,8ba151958629bb8c,1.0,131,controller_comparison,1.0,24.0,20.0,0.21679742284252312,1.3053718511837928,0.20000000000000995,135.72562805301447,41
40,4,"[19,20,21,22]",0.35,0.25,1.0,middle_idm_leader_d02,0.2,margin,8.0,1.5,0,5.0,closed symmetric acceleration-command pulse,0.1,4,"[19,20,21,22]",0.0,acceleration_upper,8.9,0.0838298267450911,1,idm,[],60.0,0.2,middle,0.25262134569560024,23.49782648908399,0.00021051778807966684,0.25,acceleration_upper,8.9,0.0838298267450911,1,5.0,acceleration_upper,0.9184499740328927,8.9,1,0.7296806448184157,0.0,0.7,1.0,8c288bc5a4c0b765,1.0,167,layout_comparison;prediction_scope,1.0,24.0,20.0,0.00038794806502960116,0.502173510916009,0.005640425170795993,10.104853827824009,41
40,4,"[1,14,27,40]",0.35,2.0,1.0,even_idm_leader_d02,0.2,predictive,8.0,1.5,0,5.0,closed symmetric acceleration-command pulse,0.1,4,"[1,14,27,40]",1.0,jerk_saturation,5.0,-20.0,0,idm,[],60.0,0.2,even,3.5311714846473747,19.272922396420682,0.002942642903872812,2.0,gap_lower,8.3,0.23635388017896589,1,5.0,gap_lower,0.6939790965800888,6.800000000000001,1,0.249984159893175,0.0,0.7,1.0,8c81ce2133778a6a,1.0,47,controller_comparison,1.0,24.0,20.0,0.07786773164099323,1.3423308302722035,0.20000000000000995,141.246859385895,41
40,4,"[1,14,27,40]",0.35,1.8,1.0,even_ovm_leader_d02,0.2,margin,8.0,1.5,0,5.0,closed symmetric acceleration-command pulse,0.1,4,"[1,14,27,40]",2.0,jerk_saturation,5.0,-18.0,0,ovm,[],60.0,0.2,even,7.7563657857447215,17.133272647166848,0.006463638154787268,1.8,gap_lower,55.900000000000006,0.3433363676416576,27,5.0,gap_lower,0.6524049348286007,54.800000000000004,27,0.790121168876124,0.0,0.7,0.0,8c9b6429fb976530,1.0,113,prediction_scope,0.0,24.0,20.0,0.4920038539100174,6.4996774567385955,1.4503617752248417,310.25463142978884,41
40,4,"[37,38,39,40]",0.35,1.9,0.0,rear_idm_leader_d02,0.2,margin,8.0,1.5,0,5.0,closed symmetric acceleration-command pulse,0.1,4,"[37,38,39,40]",104.0,jerk_saturation,5.0,-18.999999999999996,0,idm,[],60.0,0.2,rear,183.68120815926414,-48.67062501325026,0.15306767346605346,4.5,gap_lower,60.0,3.633531250662513,37,5.000000000000004,gap_lower,-3.1714295932368253,59.900000000000006,37,7.017543859649123,0.127264903925388,0.7,0.0,8cd4b63adc59d945,0.0,131,layout_comparison;prediction_scope,0.0,24.0,20.0,4.5,116.07067421823899,20.0,7347.248326370566,41
40,4,"[1,2,3,4]",0.35,1.7,1.0,front_idm_leader_d02,0.2,margin,8.0,1.5,0,5.0,closed symmetric acceleration-command pulse,0.1,4,"[1,2,3,4]",1.0,jerk_saturation,5.0,-17.0,0,idm,[],60.0,0.2,front,6.719020765630456,20.398261426893157,0.005599183971358714,1.7,jerk,6.1000000000000005,0.1949187838400666,1,5.0,gap_lower,0.7461541031193801,6.7,1,0.32347790797516185,3.845998354474397e-06,0.7,1.0,8cf8dc3bfedbe2b8,1.0,97,layout_comparison;prediction_scope,1.0,24.0,20.0,0.047588870966219214,2.854250000015554,0.4121850409340553,268.76083062521826,41
40,4,"[1,14,27,40]",0.35,1.0,1.0,even_idm_leader_d02,0.2,wave,8.0,1.5,0,5.0,closed symmetric acceleration-command pulse,0.1,4,"[1,14,27,40]",1.0,jerk_saturation,5.0,-10.0,0,idm,[],60.0,0.2,even,2.1875742707604076,22.41719531546063,0.0018229785589670062,1.0,acceleration_upper,8.9,0.47616499802648427,1,5.0,acceleration_upper,0.4712842528868433,8.3,1,0.7636366299609705,0.0007594781852802157,0.7,1.0,8d8066191614a57c,1.0,11,controller_comparison,1.0,24.0,20.0,0.03856919175859237,0.3713673563197233,0.20178196884238986,87.5029708304163,41
40,4,"[1,2,3,4]",0.35,1.5,1.0,front_idm_leader_d02,0.2,margin,8.0,1.5,0,5.0,closed symmetric acceleration-command pulse,0.1,4,"[1,2,3,4]",1.0,jerk_saturation,5.0,-15.0,0,idm,[],60.0,0.2,front,6.412290552468937,20.903158065760977,0.005343575460390781,1.5,jerk,6.2,0.18004402927351704,1,5.0,gap_lower,0.7739406906150658,6.7,1,0.34133460735243504,3.2948593163458404e-06,0.7,1.0,8d9b640f1b4723bb,1.0,97,layout_comparison;prediction_scope,1.0,24.0,20.0,0.06607769311887676,2.44602564126194,0.4018028458389189,256.4916220987575,41
40,4,"[1,14,27,40]",0.35,2.0,1.0,even_ovm_leader_d02,0.2,margin,8.0,1.5,0,5.0,closed symmetric acceleration-command pulse,0.1,4,"[1,14,27,40]",2.0,jerk_saturation,5.0,-20.0,0,ovm,[],60.0,0.2,even,8.219726811994288,17.329539700592647,0.006849772343328574,2.0,gap_lower,56.1,0.3335230149703676,27,5.0,gap_lower,0.6633281552530589,55.0,27,0.6736190254560187,0.0,0.7,0.0,8db94c4a7d6a465c,1.0,167,prediction_scope,0.0,24.0,20.0,0.41109963654630044,6.445285771787383,1.5080786478067196,328.78907247977156,41
40,4,"[1,14,27,40]",0.35,1.9,0.0,even_idm_leader_d02,0.2,wave,8.0,1.5,0,5.0,closed symmetric acceleration-command pulse,0.1,4,"[1,14,27,40]",85.0,jerk_saturation,5.0,-18.999999999999996,0,idm,[],60.0,0.2,even,123.09413628149161,-32.08837727289671,0.10257844690124301,4.5,gap_lower,58.900000000000006,2.8044188636448353,27,5.000000000000004,gap_lower,-1.9674702944926274,57.7,27,7.017543859649123,3.4185068274653103,0.7,0.0,8dcc1627ea8bcbbb,0.0,11,controller_comparison,0.0,24.0,20.0,4.5,79.7325027731614,20.0,4923.765451259665,41
40,4,"[1,14,27,40]",0.35,1.8,1.0,even_idm_leader_d02,0.2,predictive,8.0,1.5,0,5.0,closed symmetric acceleration-command pulse,0.1,4,"[1,14,27,40]",1.0,jerk_saturation,5.0,-18.0,0,idm,[],60.0,0.2,even,3.123645394202155,19.848370192974244,0.002603037828501796,1.8,gap_lower,8.200000000000001,0.2075814903512878,1,5.0,gap_lower,0.7253314111035014,6.800000000000001,1,0.2407364782618002,0.0,0.7,1.0,8e5fc722c40b9df3,1.0,97,controller_comparison,1.0,24.0,20.0,0.20351639197953236,1.3222848335059325,0.17500000000000426,124.9458157680862,41
40,4,"[1,14,27,40]",0.35,1.7,1.0,even_ovm_leader_d02,0.2,margin,8.0,1.5,0,5.0,closed symmetric acceleration-command pulse,0.1,4,"[1,14,27,40]",2.0,jerk_saturation,5.0,-17.0,0,ovm,[],60.0,0.2,even,7.383117572290411,17.655453449142158,0.006152597976908676,1.7,gap_lower,55.900000000000006,0.3172273275428921,27,5.0,gap_lower,0.6790857252495192,54.900000000000006,27,0.7706307407988761,0.0,0.7,0.0,8e858dbde6bcb006,1.0,113,prediction_scope,0.0,24.0,20.0,0.4423224755715155,6.02074155424549,1.35706220283949,295.3247028916164,41
40,0,[],0.35,1.8,0.0,even_idm_leader_d02,0.2,human,8.0,1.5,0,5.0,closed symmetric acceleration-command pulse,0.1,0,[],107.0,jerk_saturation,5.0,-18.0,0,idm,[],60.0,0.2,even,166.74954567572013,-2.476534464636579,0.13895795472976677,4.5,gap_lower,54.400000000000006,1.323826723231829,34,5.000000000000004,gap_lower,-0.4993267232318293,53.900000000000006,34,7.4074074074074066,4.082900060858791,0.7,0.0,8ea90cd1818deab7,0.0,29,controller_comparison,0.0,24.0,20.0,4.5,83.43925232109189,20.0,6669.981827028805,41
40,4,"[1,14,27,40]",0.35,0.0,1.0,even_idm_leader_d02,0.2,predictive,8.0,1.5,0,5.0,closed symmetric acceleration-command pulse,0.1,4,"[1,14,27,40]",0.0,jerk,0.1,3.078257215171215e-16,20,idm,[],60.0,0.2,even,0.0,24.0,0.0,1.5350796098647517e-16,jerk,0.1,3.078257215171215e-16,20,1.5391286075856077e-15,acceleration_upper,0.9999999999999999,0.0,2,0.0,0.0,0.7,1.0,8eb567f193f16cdc,1.0,47,controller_comparison,1.0,24.0,20.0,1.5391286075856078e-16,0.0,0.0,0.0,41
40,0,[],0.35,2.0,0.0,even_idm_leader_d02,0.2,human,8.0,1.5,0,5.0,closed symmetric acceleration-command pulse,0.1,0,[],129.0,jerk_saturation,5.0,-20.0,0,idm,[],60.0,0.2,even,241.06698661769056,-2.617731941229522,0.20088915551474212,4.5,gap_lower,30.700000000000003,1.330886597061476,16,5.000000000000004,gap_lower,-0.5063865970614756,30.200000000000003,16,6.666666666666667,4.971515508791192,0.7,0.0,8ed2ff8b66d401c4,0.0,3,controller_comparison,0.0,24.0,20.0,4.5,89.89595494569119,20.0,9642.679464707622,41
40,4,"[1,14,27,40]",0.35,1.9,1.0,even_idm_leader_d02,0.2,predictive,8.0,1.5,0,5.0,closed symmetric acceleration-command pulse,0.1,4,"[1,14,27,40]",1.0,jerk_saturation,5.0,-18.999999999999996,0,idm,[],60.0,0.2,even,3.4635356407069566,19.577656259410332,0.0028862797005891304,1.9,gap_lower,8.3,0.22111718702948338,1,5.0,gap_lower,0.7099290965800863,6.800000000000001,1,0.24560556476260004,0.0,0.7,1.0,8eeddc7512cf3728,1.0,113,controller_comparison,1.0,24.0,20.0,0.21679742284252312,1.3134137001291606,0.20000000000000995,138.54142562827826,41
40,4,"[1,14,27,40]",0.35,1.9,0.0,even_idm_leader_d02,0.2,wave,8.0,1.5,0,5.0,closed symmetric acceleration-command pulse,0.1,4,"[1,14,27,40]",78.0,jerk_saturation,5.0,-18.999999999999996,0,idm,[],60.0,0.2,even,104.29052916504183,-28.164252718575128,0.08690877430420153,4.5,gap_lower,54.900000000000006,2.6082126359287563,27,5.000000000000004,gap_lower,-1.7528932748593626,53.0,27,7.017543859649123,2.9853495853090175,0.7,0.0,8f28afc4c91e75ce,0.0,113,controller_comparison,0.0,24.0,20.0,4.5,68.97438232133192,20.0,4171.621166601673,41
40,4,"[1,14,27,40]",0.35,1.0,1.0,even_idm_leader_d02,0.2,predictive,8.0,1.5,0,5.0,closed symmetric acceleration-command pulse,0.1,4,"[1,14,27,40]",1.0,jerk_saturation,5.0,-10.0,0,idm,[],60.0,0.2,even,1.9351334951786547,21.882056486128107,0.0016126112459822124,1.0,jerk,11.200000000000001,0.14285753923608713,1,5.0,gap_lower,0.836886763385144,6.7,1,0.2333332177228229,0.0,0.7,1.0,8f2f46ab44844b47,1.0,131,controller_comparison,1.0,24.0,20.0,0.20351639197953236,1.1585969387929254,0.14781321454492513,77.40533980714619,41
40,4,"[1,14,27,40]",0.35,2.1,1.0,even_idm_leader_d02,0.2,predictive,8.0,1.5,0,5.0,closed symmetric acceleration-command pulse,0.1,4,"[1,14,27,40]",1.0,jerk_saturation,5.0,-21.0,0,idm,[],60.0,0.2,even,3.7778853794705247,18.931757248300926,0.0031482378162254374,2.1,gap_lower,8.5,0.25341213758495373,1,5.0,gap_lower,0.6797430717799526,6.9,1,0.2539482849633405,0.0,0.7,1.0,8f3e12503b60132a,1.0,167,controller_comparison,1.0,24.0,20.0,0.21679742284252312,1.30456958529561,0.20000000000000995,151.115415178821,41
40,4,"[1,14,27,40]",0.35,1.5,1.0,even_idm_leader_d02,0.2,predictive,8.0,1.5,0,5.0,closed symmetric acceleration-command pulse,0.1,4,"[1,14,27,40]",1.0,jerk_saturation,5.0,-15.0,0,idm,[],60.0,0.2,even,2.6250215145101397,20.59906245446058,0.00218751792875845,1.5,gap_lower,8.1,0.17004687727697104,1,5.0,gap_lower,0.7612126343801773,6.7,1,0.2222220090665543,0.0,0.7,1.0,8f511ff7e9ab6e05,1.0,61,controller_comparison,1.0,24.0,20.0,0.08574849395511419,1.1256535827541825,0.1740514397568198,105.00086058040559,41
40,4,"[1,14,27,40]",0.35,1.8,1.0,even_idm_leader_d02,0.2,margin,8.0,1.5,0,5.0,closed symmetric acceleration-command pulse,0.1,4,"[1,14,27,40]",1.0,jerk_saturation,5.0,-18.0,0,idm,[],60.0,0.2,even,5.3473716644542355,20.118271619165995,0.004456143053711863,1.8,jerk,6.1000000000000005,0.1949187838400666,1,5.0,gap_lower,0.7314541031193812,6.7,1,0.3239786377755459,0.0,0.7,1.0,8fb7e0315263681e,1.0,47,controller_comparison;layout_comparison,1.0,24.0,20.0,0.21679742284252312,1.9969204260306697,0.42499999999999005,213.89486657816943,41
40,4,"[1,14,27,40]",0.35,1.8,1.0,even_ovm_leader_d02,0.2,margin,8.0,1.5,0,5.0,closed symmetric acceleration-command pulse,0.1,4,"[1,14,27,40]",2.0,jerk_saturation,5.0,-18.0,0,ovm,[],60.0,0.2,even,7.31681842738652,19.039124664264932,0.006097348689488767,1.8,gap_lower,55.2,0.24804376678675338,27,5.0,gap_lower,0.7314541031193812,6.7,1,0.5736724185527319,0.0,0.7,0.0,8fe9a80c55bef831,1.0,149,prediction_scope,0.0,24.0,20.0,0.2438264976334696,4.493759399598048,1.0647315954899526,292.67273709546083,41
40,4,"[1,14,27,40]",0.35,1.7,0.0,even_idm_leader_d02,0.2,acc,8.0,1.5,0,5.0,closed symmetric acceleration-command pulse,0.1,4,"[1,14,27,40]",48.0,jerk_saturation,5.0,-17.0,0,idm,[],60.0,0.2,even,42.60224737453767,-2.4435761764381994,0.035501872812114726,4.5,gap_lower,56.2,1.32217880882191,34,5.000000000000004,gap_lower,-0.49767880882190996,55.7,34,7.843137254901961,1.0675510734563503,0.7,0.0,902e101b1e114575,0.0,29,controller_comparison,0.0,24.0,20.0,4.5,45.933835734952424,20.0,1704.0898949815069,41
40,4,"[1,14,27,40]",0.35,1.0,1.0,even_idm_leader_cmd0,0.0,margin,8.0,1.5,0,5.0,closed symmetric acceleration-command pulse,0.1,4,"[1,14,27,40]",1.0,jerk_saturation,5.0,-10.0,0,idm,[],60.0,0.2,even,3.4059215138203975,22.034208599529606,0.0028382679281836647,1.0,jerk,11.8,0.14285724680060036,1,5.0,gap_lower,0.8432233102715522,6.7,1,0.31666663634981757,0.0,0.7,1.0,907f6facf2935075,1.0,167,prediction_scope,1.0,24.0,20.0,0.15890521830770446,2.6349999999997635,0.2582150084968262,136.2368605528159,41
40,4,"[1,14,27,40]",0.35,0.0,1.0,even_idm_internal8_d02,0.2,margin,8.0,1.5,8,5.0,closed symmetric acceleration-command pulse,0.1,4,"[1,14,27,40]",0.0,jerk,0.1,3.092860462114067e-16,6,idm,[],60.0,0.2,even,0.0,24.0,0.0,1.5331773592430868e-16,jerk,0.1,3.092860462114067e-16,6,1.5464302310570335e-15,acceleration_upper,0.9999999999999999,0.0,3,0.0,0.0,0.7,1.0,9086489425d45d88,1.0,97,prediction_scope,1.0,24.0,20.0,1.5464302310570336e-16,0.0,0.0,0.0,41
40,0,[],0.35,1.9,0.0,even_idm_leader_d02,0.2,human,8.0,1.5,0,5.0,closed symmetric acceleration-command pulse,0.1,0,[],122.0,jerk_saturation,5.0,-18.999999999999996,0,idm,[],60.0,0.2,even,214.1569073685044,-2.492923034251355,0.17846408947375364,4.5,gap_lower,51.300000000000004,1.3246461517125678,32,5.000000000000004,gap_lower,-0.500146151712568,50.800000000000004,32,7.017543859649123,4.531479837654366,0.7,0.0,90b82ab99ae083c4,0.0,47,controller_comparison,0.0,24.0,20.0,4.5,92.4340367135593,20.0,8566.276294740175,41
40,4,"[1,14,27,40]",0.35,1.8,1.0,even_idm_internal8_d02,0.2,margin,8.0,1.5,8,5.0,closed symmetric acceleration-command pulse,0.1,4,"[1,14,27,40]",2.0,jerk_saturation,5.0,-18.0,8,idm,[],60.0,0.2,even,5.226529998742144,17.962436690702674,0.004355441665618453,1.8,jerk,5.1000000000000005,1.0,8,5.0,acceleration_upper,0.0,6.5,8,1.0353584985794115,0.15740645406585446,0.7,1.0,90bff98520805775,1.0,113,prediction_scope,1.0,24.0,20.0,0.17798578232183326,2.931470879112908,0.4249974259778071,209.06119994968577,41
40,4,"[1,14,27,40]",0.35,1.7,1.0,even_ovm_leader_d02,0.2,margin,8.0,1.5,0,5.0,closed symmetric acceleration-command pulse,0.1,4,"[1,14,27,40]",2.0,jerk_saturation,5.0,-17.0,0,ovm,[],60.0,0.2,even,7.949710945308499,16.84909928595613,0.0066247591210904155,1.7,gap_lower,55.6,0.35754503570219354,27,5.0,gap_lower,0.6376218140956725,54.5,27,0.8806054031551975,0.0,0.7,0.0,90d4607877f4d0c6,1.0,191,prediction_scope,0.0,24.0,20.0,0.4795164801705921,6.54287030896927,1.539141872406887,317.98843781233995,41
40,4,"[1,14,27,40]",0.35,1.7,1.0,even_idm_leader_d02,0.2,wave,8.0,1.5,0,5.0,closed symmetric acceleration-command pulse,0.1,4,"[1,14,27,40]",1.0,jerk_saturation,5.0,-17.0,0,idm,[],60.0,0.2,even,4.130033899839267,21.194869123199226,0.0034416949165327225,1.7,acceleration_upper,9.0,0.7722007508944968,1,5.0,acceleration_upper,0.15762496776271306,8.4,1,0.7907956668683235,0.00037072626442654483,0.7,1.0,90e60cabe4a7bc53,1.0,191,controller_comparison,1.0,24.0,20.0,0.05669298585957739,0.5908164057065051,0.3070173074516873,165.20135599357067,41
40,4,"[1,14,27,40]",0.35,2.0,1.0,even_idm_leader_d02,0.2,margin,8.0,1.5,0,5.0,closed symmetric acceleration-command pulse,0.1,4,"[1,14,27,40]",1.0,jerk_saturation,5.0,-20.0,0,idm,[],60.0,0.2,even,5.798130137072699,19.56003271057392,0.00483177511422725,2.0,gap_lower,8.1,0.22199836447130394,1,5.0,gap_lower,0.7028209984038035,6.800000000000001,1,0.3165806789364443,0.0,0.7,1.0,9131aa70fe998696,1.0,131,controller_comparison;layout_comparison;prediction_scope,1.0,24.0,20.0,0.1238813225998769,2.3075000000003456,0.3999999999999915,231.92520548290798,41
40,0,[],0.35,0.0,1.0,even_idm_leader_d02,0.2,human,8.0,1.5,0,5.0,closed symmetric acceleration-command pulse,0.1,0,[],0.0,jerk,0.1,3.002655725429388e-16,18,idm,[],60.0,0.2,even,0.0,24.0,0.0,1.477107317951692e-16,jerk,0.1,3.002655725429388e-16,18,1.5013278627146939e-15,acceleration_upper,0.9999999999999999,0.0,16,0.0,0.0,0.7,1.0,9144dd6af85b3c45,1.0,29,controller_comparison,1.0,24.0,20.0,1.501327862714694e-16,0.0,0.0,0.0,41
80,8,"[1,12,24,35,46,57,69,80]",0.35,1.8,1.0,even_idm_leader_N80,0.2,predictive,8.0,1.5,0,5.0,closed symmetric acceleration-command pulse,0.1,8,"[1,12,24,35,46,57,69,80]",1.0,jerk_saturation,5.0,-18.0,0,idm,[],60.0,0.2,even,1.4931787271958683,19.848370192974244,0.001244315605996557,1.8,gap_lower,8.200000000000001,0.2075814903512878,1,5.0,gap_lower,0.7253314111035014,6.800000000000001,1,0.24670487518999804,0.0,0.7,1.0,915c0761daecdad4,1.0,191,chain_length_scope,1.0,24.0,20.0,0.21679742284252312,1.45806733701977,0.17500000000000426,119.45429817566946,81
40,4,"[37,38,39,40]",0.35,1.8,0.0,rear_idm_leader_d02,0.2,margin,8.0,1.5,0,5.0,closed symmetric acceleration-command pulse,0.1,4,"[37,38,39,40]",107.0,jerk_saturation,5.0,-18.0,0,idm,[],60.0,0.2,rear,194.09601823226222,-51.95853646968618,0.1617466818602185,4.5,gap_lower,60.0,3.797926823484309,37,5.000000000000004,gap_lower,-3.3092609945693425,59.900000000000006,37,7.4074074074074066,0.17131605814199305,0.7,0.0,91c2492889e72aeb,0.0,3,layout_comparison,0.0,24.0,20.0,4.5,116.33631334415253,20.0,7763.8407292904885,41
40,4,"[1,14,27,40]",0.35,2.0,1.0,even_idm_leader_d02,0.2,margin,8.0,1.5,0,5.0,closed symmetric acceleration-command pulse,0.1,4,"[1,14,27,40]",1.0,jerk_saturation,5.0,-20.0,0,idm,[],60.0,0.2,even,5.856217266584034,19.56003271057392,0.004880181055486695,2.0,gap_lower,8.1,0.22199836447130394,1,5.0,gap_lower,0.7028209984038035,6.800000000000001,1,0.3170870465842093,0.0,0.7,1.0,9239e7f52ccd4eea,1.0,79,controller_comparison;layout_comparison,1.0,24.0,20.0,0.20351639197953236,2.3075000000003456,0.4353069313204436,234.24869066336134,41
40,4,"[1,14,27,40]",0.35,2.5,1.0,even_idm_leader_d02,0.2,predictive,8.0,1.5,0,5.0,closed symmetric acceleration-command pulse,0.1,4,"[1,14,27,40]",1.0,jerk_saturation,5.0,-25.0,0,idm,[],60.0,0.2,even,5.571724115783712,17.44987155700528,0.0046431034298197605,2.5,gap_lower,8.8,0.32750642214973597,1,5.0,gap_lower,0.616796615564511,7.0,1,0.2666430711583966,0.0,0.7,1.0,925ed1c3c0f0253c,1.0,113,controller_comparison,1.0,24.0,20.0,0.21679742286043824,2.3219090250103136,0.3458187868840703,222.8689646313485,41
40,4,"[1,14,27,40]",0.35,2.0,1.0,even_idm_leader_cmd04,0.4,margin,8.0,1.5,0,5.0,closed symmetric acceleration-command pulse,0.1,4,"[1,14,27,40]",1.0,jerk_saturation,5.0,-20.0,0,idm,[],60.0,0.2,even,5.785280337770869,19.462153868621158,0.004821066948142392,2.0,gap_lower,8.0,0.2268923065689421,1,5.0,gap_lower,0.6958493977653253,6.9,1,0.3616510071143395,0.0,0.7,1.0,9282b1778667fb14,1.0,97,prediction_scope,1.0,24.0,20.0,0.23305990960300457,1.7433879835863308,0.5230481344499189,231.41121351083478,41
40,4,"[1,14,27,40]",0.35,0.0,1.0,even_idm_leader_cmd0,0.0,margin,8.0,1.5,0,5.0,closed symmetric acceleration-command pulse,0.1,4,"[1,14,27,40]",0.0,jerk,0.1,5.669712742983465e-16,30,idm,[],60.0,0.2,even,0.0,24.0,0.0,1.519317481612589e-16,jerk,0.1,5.669712742983465e-16,30,2.8348563714917324e-15,command_upper,0.9999999999999998,0.0,30,0.0,0.0,0.7,1.0,929fb44001a698f1,1.0,113,prediction_scope,1.0,24.0,20.0,2.8348563714917324e-16,0.0,0.0,0.0,41
40,4,"[19,20,21,22]",0.35,2.0,0.0,middle_idm_leader_d02,0.2,margin,8.0,1.5,0,5.0,closed symmetric acceleration-command pulse,0.1,4,"[19,20,21,22]",96.0,jerk_saturation,5.0,-20.0,0,idm,[],60.0,0.2,middle,154.76834014017922,-99.06536926594102,0.12897361678348268,4.5,gap_lower,51.5,6.153268463297051,19,5.000000000000004,gap_lower,-5.304386828709044,49.800000000000004,19,6.666666666666667,0.0013547554345064345,0.7,0.0,929ff570c97991c5,0.0,11,layout_comparison,0.0,24.0,20.0,4.5,135.14620317294435,20.0,6190.733605607169,41
80,8,"[1,12,24,35,46,57,69,80]",0.35,2.0,1.0,even_idm_leader_N80,0.2,wave,8.0,1.5,0,5.0,closed symmetric acceleration-command pulse,0.1,8,"[1,12,24,35,46,57,69,80]",57.0,jerk_saturation,5.0,-20.0,0,idm,[],60.0,0.2,even,31.16147852633369,-18.72750368785688,0.02596789877194474,4.5,gap_lower,60.0,2.1363751843928442,35,5.000000000000004,gap_lower,-1.412839007314843,59.900000000000006,35,6.666666666666667,0.0,0.7,0.0,92f228148acd29c8,0.0,97,chain_length_scope,0.0,24.0,20.0,4.5,55.99684162757163,20.0,2492.918282106695,81
40,4,"[1,14,27,40]",0.35,0.0,1.0,even_idm_leader_d02,0.2,predictive,8.0,1.5,0,5.0,closed symmetric acceleration-command pulse,0.1,4,"[1,14,27,40]",0.0,jerk,0.1,3.077579334592651e-16,16,idm,[],60.0,0.2,even,0.0,24.0,0.0,1.5387896672963254e-16,jerk,0.1,3.077579334592651e-16,16,1.5387896672963253e-15,acceleration_upper,0.9999999999999999,0.0,10,0.0,0.0,0.7,1.0,931ffc3764ac76f0,1.0,149,controller_comparison,1.0,24.0,20.0,1.5387896672963254e-16,0.0,0.0,0.0,41
80,8,"[1,12,24,35,46,57,69,80]",0.35,1.0,1.0,even_idm_leader_N80,0.2,predictive,8.0,1.5,0,5.0,closed symmetric acceleration-command pulse,0.1,8,"[1,12,24,35,46,57,69,80]",1.0,jerk_saturation,5.0,-10.0,0,idm,[],60.0,0.2,even,0.8883782464381212,21.882056486128107,0.0007403152053651011,1.0,jerk,11.200000000000001,0.14285753923608713,1,5.0,gap_lower,0.836886763385144,6.7,1,0.2333332177228229,0.0,0.7,1.0,932646dc91d1030d,1.0,97,chain_length_scope,1.0,24.0,20.0,0.20351639197953236,1.3023094815857803,0.12500000000001066,71.0702597150497,81
40,4,"[1,14,27,40]",0.35,1.8,0.0,even_idm_leader_d02,0.2,acc,8.0,1.5,0,5.0,closed symmetric acceleration-command pulse,0.1,4,"[1,14,27,40]",103.0,jerk_saturation,5.0,-18.0,0,idm,[],60.0,0.2,even,169.62706688285135,-2.400662699997028,0.14135588906904278,4.5,gap_lower,53.900000000000006,1.3200331349998513,34,5.000000000000004,gap_lower,-0.49553313499985163,53.400000000000006,34,7.4074074074074066,4.562989652479448,0.7,0.0,9349c4d5ed254bfe,0.0,61,controller_comparison,0.0,24.0,20.0,4.5,125.20568000551117,20.0,6785.082675314054,41
40,0,[],0.35,2.1,0.0,even_idm_leader_d02,0.2,human,8.0,1.5,0,5.0,closed symmetric acceleration-command pulse,0.1,0,[],132.0,jerk_saturation,5.0,-21.0,0,idm,[],60.0,0.2,even,253.0948984661542,-2.367869588704778,0.21091241538846184,4.5,gap_lower,39.5,1.318393479435239,23,5.000000000000004,gap_lower,-0.4938934794352388,39.0,23,6.349206349206349,4.468387046045506,0.7,0.0,934cf36e4a353bea,0.0,167,controller_comparison,0.0,24.0,20.0,4.5,94.18330156736192,20.0,10123.795938646168,41
40,4,"[1,14,27,40]",0.35,0.25,1.0,even_idm_leader_d02,0.2,wave,8.0,1.5,0,5.0,closed symmetric acceleration-command pulse,0.1,4,"[1,14,27,40]",0.0,acceleration_upper,8.700000000000001,0.12363052410794312,1,idm,[],60.0,0.2,even,0.3297205487458251,23.63545048406307,0.00027476712395485423,0.25,acceleration_upper,8.700000000000001,0.12363052410794312,1,5.0,acceleration_upper,0.8602823717271342,8.200000000000001,1,0.7078878072353424,9.866327201280001e-05,0.7,1.0,93a8da1612f0e305,1.0,191,controller_comparison,1.0,24.0,20.0,0.0019666086731743356,0.04169675704503106,0.014930580305300367,13.188821949833004,41
40,4,"[1,14,27,40]",0.35,1.9,0.0,even_idm_leader_d02,0.2,wave,8.0,1.5,0,5.0,closed symmetric acceleration-command pulse,0.1,4,"[1,14,27,40]",76.0,jerk_saturation,5.0,-18.999999999999996,0,idm,[],60.0,0.2,even,100.93892266515947,-27.780225105884057,0.08411576888763289,4.5,gap_lower,54.7,2.589011255294203,27,5.000000000000004,gap_lower,-1.73203051608241,52.800000000000004,27,7.017543859649123,2.9051742459718346,0.7,0.0,93b4cb467e7031f1,0.0,61,controller_comparison,0.0,24.0,20.0,4.5,80.34592792942703,20.0,4037.5569066063786,41
40,4,"[19,20,21,22]",0.35,1.0,1.0,middle_idm_leader_d02,0.2,margin,8.0,1.5,0,5.0,closed symmetric acceleration-command pulse,0.1,4,"[19,20,21,22]",1.0,jerk_saturation,5.0,-10.0,0,idm,[],60.0,0.2,middle,3.334571659088719,22.251934240983516,0.002778809715907266,1.0812300766255738,jerk,7.9,0.32878400889116144,1,5.0,acceleration_upper,0.680352922083674,9.0,1,0.900670938153174,3.4210501098641544e-10,0.7,1.0,93fc5225f273a8f7,1.0,79,layout_comparison,1.0,24.0,20.0,0.0918273631540667,2.2925802077668322,0.449999999999978,133.38286636354877,41
40,4,"[1,14,27,40]",0.35,0.25,1.0,even_idm_leader_cmd04,0.4,margin,8.0,1.5,0,5.0,closed symmetric acceleration-command pulse,0.1,4,"[1,14,27,40]",0.0,gap_lower,12.9,0.028125,1,idm,[],60.0,0.2,even,0.0,23.4375,0.0,0.25,gap_lower,12.9,0.028125,1,5.0,gap_lower,0.9535000000000021,6.7,1,0.0,0.0,0.7,1.0,93fc6666a99f71bb,1.0,191,prediction_scope,1.0,24.0,20.0,1.54730445827495e-16,0.5625,0.0,0.0,41
40,4,"[1,14,27,40]",0.35,1.7,1.0,even_ovm_leader_d02,0.2,margin,8.0,1.5,0,5.0,closed symmetric acceleration-command pulse,0.1,4,"[1,14,27,40]",1.0,jerk_saturation,5.0,-17.0,0,ovm,[],60.0,0.2,even,6.944611605822351,19.47073659968703,0.005787176338185292,1.7,gap_lower,55.2,0.22646317001564853,27,5.0,gap_lower,0.7461541031193801,6.7,1,0.5561960166422497,0.0,0.7,1.0,940be5b546363e8c,1.0,149,prediction_scope,1.0,24.0,20.0,0.2413570967364795,4.130223172503918,0.9873263853624081,277.78446423289404,41
40,4,"[1,14,27,40]",0.35,0.25,1.0,even_idm_leader_d02,0.2,wave,8.0,1.5,0,5.0,closed symmetric acceleration-command pulse,0.1,4,"[1,14,27,40]",0.0,acceleration_upper,8.700000000000001,0.12363052410794312,1,idm,[],60.0,0.2,even,0.36383748642798996,23.63545048406307,0.0003031979053566583,0.25,acceleration_upper,8.700000000000001,0.12363052410794312,1,5.0,acceleration_upper,0.8602823717271342,8.200000000000001,1,0.7078878072353424,0.0003564468584329461,0.7,1.0,9419f3c7ecfa76d5,1.0,97,controller_comparison,1.0,24.0,20.0,0.003912259309004968,0.04779915762719611,0.022927586535814726,14.5534994571196,41
40,4,"[19,20,21,22]",0.35,2.0,0.0,middle_idm_leader_d02,0.2,margin,8.0,1.5,0,5.0,closed symmetric acceleration-command pulse,0.1,4,"[19,20,21,22]",91.0,jerk_saturation,5.0,-20.0,0,idm,[],60.0,0.2,middle,147.41170164346562,-98.44324799417504,0.122843084702888,4.5,gap_lower,51.0,6.122162399708752,19,5.000000000000004,gap_lower,-5.273422855981683,49.300000000000004,19,6.666666666666667,0.0020108588075729017,0.7,0.0,9430ad7e14a0ec74,0.0,3,layout_comparison,0.0,24.0,20.0,4.5,112.99285208667351,20.0,5896.468065738624,41
80,8,"[1,12,24,35,46,57,69,80]",0.35,0.25,1.0,even_idm_leader_N80,0.2,wave,8.0,1.5,0,5.0,closed symmetric acceleration-command pulse,0.1,8,"[1,12,24,35,46,57,69,80]",0.0,acceleration_upper,8.700000000000001,0.12363052410794312,1,idm,[],60.0,0.2,even,0.1651118792567614,23.63545048406307,0.00013759323271396784,0.25,acceleration_upper,8.700000000000001,0.12363052410794312,1,5.0,acceleration_upper,0.8602823717271342,8.200000000000001,1,0.7078878072353424,0.0,0.7,1.0,945c346c84b22db5,1.0,131,chain_length_scope,1.0,24.0,20.0,0.0023049929174206447,0.041817671656701805,0.014292338817547545,13.208950340540913,81
40,4,"[37,38,39,40]",0.35,2.0,0.0,rear_idm_leader_d02,0.2,margin,8.0,1.5,0,5.0,closed symmetric acceleration-command pulse,0.1,4,"[37,38,39,40]",115.0,jerk_saturation,5.0,-20.0,0,idm,[],60.0,0.2,rear,216.3412068813444,-53.26181153101141,0.180284339067787,4.5,gap_lower,60.0,3.86309057655057,37,5.000000000000004,gap_lower,-3.364216544877826,59.900000000000006,37,6.666666666666667,0.1625127040436626,0.7,0.0,9473914cc3715e45,0.0,29,layout_comparison,0.0,24.0,20.0,4.5,104.44185030771973,20.0,8653.648275253776,41
40,4,"[1,14,27,40]",0.35,2.0,1.0,even_idm_leader_d02,0.2,wave,8.0,1.5,0,5.0,closed symmetric acceleration-command pulse,0.1,4,"[1,14,27,40]",42.0,jerk_saturation,5.0,-20.0,0,idm,[],60.0,0.2,even,35.98608116955826,-1.7607218497644226,0.029988400974631887,4.5,gap_lower,58.900000000000006,1.288036092488221,36,5.000000000000004,gap_lower,-0.4635360924882205,58.400000000000006,36,6.666666666666667,0.6833362948824018,0.7,0.0,94c3105eba2f4166,0.0,131,controller_comparison,0.0,24.0,20.0,4.5,31.768772529679552,20.0,1439.4432467823306,41
40,4,"[1,14,27,40]",0.35,0.0,1.0,even_idm_internal8_d02,0.2,margin,8.0,1.5,8,5.0,closed symmetric acceleration-command pulse,0.1,4,"[1,14,27,40]",0.0,jerk,0.1,3.077579334592651e-16,16,idm,[],60.0,0.2,even,0.0,24.0,0.0,1.5387896672963254e-16,jerk,0.1,3.077579334592651e-16,16,1.5387896672963253e-15,acceleration_upper,0.9999999999999999,0.0,10,0.0,0.0,0.7,1.0,94f9f9044b0a92c4,1.0,149,prediction_scope,1.0,24.0,20.0,1.5387896672963254e-16,0.0,0.0,0.0,41
40,4,"[19,20,21,22]",0.35,2.5,0.0,middle_idm_leader_d02,0.2,margin,8.0,1.5,0,5.0,closed symmetric acceleration-command pulse,0.1,4,"[19,20,21,22]",101.0,jerk_saturation,5.0,-25.0,0,idm,[],60.0,0.2,middle,193.93704274370884,-103.09212126474476,0.16161420228642404,4.5,gap_lower,59.2,6.354606063237238,19,5.000000000000004,gap_lower,-5.518920161654777,58.2,19,5.333333333333333,0.0014526871589642572,0.7,0.0,950a805dd93f83dd,0.0,149,layout_comparison;prediction_scope,0.0,24.0,20.0,4.5,168.3794745438903,20.0,7757.481709748354,41
40,4,"[1,2,3,4]",0.35,0.25,1.0,front_idm_leader_d02,0.2,margin,8.0,1.5,0,5.0,closed symmetric acceleration-command pulse,0.1,4,"[1,2,3,4]",0.0,gap_lower,12.9,0.028125,1,idm,[],60.0,0.2,front,0.0,23.4375,0.0,0.25,gap_lower,12.9,0.028125,1,5.0,gap_lower,0.9535000000000021,6.7,1,0.0,0.0,0.7,1.0,9522024976723c51,1.0,29,layout_comparison,1.0,24.0,20.0,1.501327862714694e-16,0.5625,0.0,0.0,41
40,4,"[37,38,39,40]",0.35,1.7,0.0,rear_idm_leader_d02,0.2,margin,8.0,1.5,0,5.0,closed symmetric acceleration-command pulse,0.1,4,"[37,38,39,40]",84.0,jerk_saturation,5.0,-17.0,0,idm,[],60.0,0.2,rear,122.44710771022679,-43.525478545093996,0.10203925642518899,4.5,gap_lower,60.0,3.3762739272546995,37,5.000000000000004,gap_lower,-2.9468577294242464,59.900000000000006,37,7.843137254901961,0.08393857865955262,0.7,0.0,953f745a2ef97c88,0.0,29,layout_comparison,0.0,24.0,20.0,4.5,126.02434028203862,20.0,4897.884308409071,41
40,4,"[19,20,21,22]",0.35,1.8,0.0,middle_idm_leader_d02,0.2,margin,8.0,1.5,0,5.0,closed symmetric acceleration-command pulse,0.1,4,"[19,20,21,22]",67.0,jerk_saturation,5.0,-18.0,0,idm,[],60.0,0.2,middle,76.7714761841274,-69.82434391660897,0.06397623015343949,4.5,gap_lower,42.2,4.691217195830449,19,5.000000000000004,gap_lower,-3.6967044918529792,41.1,19,7.4074074074074066,0.0006215283842976233,0.7,0.0,95594f748366cae0,0.0,29,layout_comparison,0.0,24.0,20.0,4.5,83.43925232109189,20.0,3070.8590473650956,41
40,4,"[1,14,27,40]",0.35,1.0,1.0,even_idm_leader_d02,0.2,acc,8.0,1.5,0,5.0,closed symmetric acceleration-command pulse,0.1,4,"[1,14,27,40]",1.0,jerk_saturation,5.0,-10.0,0,idm,[],60.0,0.2,even,2.8898595125104194,22.091455174636238,0.0024082162604253496,1.0,acceleration_upper,9.1,0.4260524990731095,1,5.0,acceleration_upper,0.5444537387124273,8.5,1,0.8962767188271149,0.0012041863059408797,0.7,1.0,9561f9183a5264b5,1.0,149,controller_comparison,1.0,24.0,20.0,0.07644667602741194,0.6105585693658782,0.3421146620927331,115.59438050041678,41
40,4,"[1,14,27,40]",0.35,1.0,1.0,even_idm_leader_d02,0.2,wave,8.0,1.5,0,5.0,closed symmetric acceleration-command pulse,0.1,4,"[1,14,27,40]",1.0,jerk_saturation,5.0,-10.0,0,idm,[],60.0,0.2,even,1.9640132863424717,22.41719531546063,0.0016366777386187265,1.0,acceleration_upper,8.9,0.47616499802648427,1,5.0,acceleration_upper,0.4712842528868433,8.3,1,0.7636366299609705,0.00035886874584652634,0.7,1.0,958b755fa6ffd7aa,1.0,47,controller_comparison,1.0,24.0,20.0,0.027851895656300047,0.30142227783341013,0.145800380373295,78.56053145369887,41
80,8,"[1,12,24,35,46,57,69,80]",0.35,1.5,1.0,even_idm_leader_N80,0.2,wave,8.0,1.5,0,5.0,closed symmetric acceleration-command pulse,0.1,8,"[1,12,24,35,46,57,69,80]",1.0,jerk_saturation,5.0,-15.0,0,idm,[],60.0,0.2,even,1.8787114715581879,21.546420964520223,0.0015655928929651567,1.5,acceleration_upper,9.0,0.6910652464529088,1,5.0,acceleration_upper,0.2408760651583718,8.4,1,0.7855481259587296,0.0,0.7,1.0,95b71c4101cb5e47,1.0,149,chain_length_scope,1.0,24.0,20.0,0.0693147267771222,0.5347791439590708,0.30436181248211014,150.29691772465503,81
40,4,"[1,14,27,40]",0.35,2.1,1.0,even_idm_leader_d02,0.2,margin,8.0,1.5,0,5.0,closed symmetric acceleration-command pulse,0.1,4,"[1,14,27,40]",1.0,jerk_saturation,5.0,-21.0,0,idm,[],60.0,0.2,even,5.977802405404525,19.221536821795013,0.00498150200450377,2.1,gap_lower,8.200000000000001,0.23892315891024934,1,5.0,gap_lower,0.688120998403801,6.800000000000001,1,0.3173783908256328,0.0,0.7,1.0,9630fc8ae7ddff52,1.0,29,controller_comparison;layout_comparison,1.0,24.0,20.0,0.2035163919795324,2.148000000000593,0.42994625852993806,239.112096216181,41
40,4,"[1,14,27,40]",0.35,2.1,1.0,even_idm_leader_d02,0.2,margin,8.0,1.5,0,5.0,closed symmetric acceleration-command pulse,0.1,4,"[1,14,27,40]",1.0,jerk_saturation,5.0,-21.0,0,idm,[],60.0,0.2,even,5.98114292084926,19.221536821795013,0.004984285767374383,2.1,gap_lower,8.200000000000001,0.23892315891024934,1,5.0,gap_lower,0.688120998403801,6.800000000000001,1,0.33810168968453724,0.0,0.7,1.0,96380a926ecad494,1.0,149,controller_comparison;layout_comparison;prediction_scope,1.0,24.0,20.0,0.09498635759705688,2.148000000000593,0.42499999999999005,239.2457168339704,41
40,4,"[19,20,21,22]",0.35,1.9,0.0,middle_idm_leader_d02,0.2,margin,8.0,1.5,0,5.0,closed symmetric acceleration-command pulse,0.1,4,"[19,20,21,22]",89.0,jerk_saturation,5.0,-18.999999999999996,0,idm,[],60.0,0.2,middle,133.6427758166803,-96.06826898279361,0.1113689798472336,4.5,gap_lower,49.2,6.00341344913968,19,5.000000000000004,gap_lower,-5.137868422409488,47.1,19,7.017543859649123,0.000892700993052823,0.7,0.0,96caf7de6fddb936,0.0,167,layout_comparison;prediction_scope,0.0,24.0,20.0,4.5,105.994355195385,20.0,5345.711032667213,41
40,4,"[1,14,27,40]",0.35,0.0,1.0,even_idm_leader_d02,0.2,acc,8.0,1.5,0,5.0,closed symmetric acceleration-command pulse,0.1,4,"[1,14,27,40]",0.0,jerk,0.1,3.078257215171215e-16,20,idm,[],60.0,0.2,even,0.0,24.0,0.0,1.5350796098647517e-16,jerk,0.1,3.078257215171215e-16,20,1.5391286075856077e-15,acceleration_upper,0.9999999999999999,0.0,2,0.0,0.0,0.7,1.0,971890533d72955a,1.0,47,controller_comparison,1.0,24.0,20.0,1.5391286075856078e-16,0.0,0.0,0.0,41
40,4,"[37,38,39,40]",0.35,1.9,0.0,rear_idm_leader_d02,0.2,margin,8.0,1.5,0,5.0,closed symmetric acceleration-command pulse,0.1,4,"[37,38,39,40]",108.0,jerk_saturation,5.0,-18.999999999999996,0,idm,[],60.0,0.2,rear,190.9675098582656,-48.224808554456295,0.15913959154855467,4.5,gap_lower,60.0,3.611240427722815,37,5.000000000000004,gap_lower,-3.1533270704441207,59.900000000000006,37,7.017543859649123,0.11852174268852629,0.7,0.0,9739436a1a86959d,0.0,191,layout_comparison;prediction_scope,0.0,24.0,20.0,4.5,113.49208193999408,20.0,7638.700394330624,41
40,4,"[19,20,21,22]",0.35,2.5,0.0,middle_idm_leader_d02,0.2,margin,8.0,1.5,0,5.0,closed symmetric acceleration-command pulse,0.1,4,"[19,20,21,22]",106.0,jerk_saturation,5.0,-25.0,0,idm,[],60.0,0.2,middle,202.90394178810803,-103.09161473856862,0.16908661815675669,4.5,gap_lower,59.300000000000004,6.3545807369284315,19,5.000000000000004,gap_lower,-5.51851174575553,58.2,19,5.333333333333333,0.0015277916156643792,0.7,0.0,9748d5cc7ebc19d4,0.0,79,layout_comparison,0.0,24.0,20.0,4.5,127.09161473856862,20.0,8116.157671524321,41
40,0,[],0.35,1.0,1.0,even_idm_leader_d02,0.2,human,8.0,1.5,0,5.0,closed symmetric acceleration-command pulse,0.1,0,[],1.0,jerk_saturation,5.0,-10.0,0,idm,[],60.0,0.2,even,2.889733912262495,22.225190269138125,0.002408111593552079,1.0295339203163438,jerk,8.0,0.2973892250822806,1,5.0,acceleration_upper,0.7124676040516986,9.1,1,0.8679859312997161,0.0002501091916352986,0.7,1.0,97612ba072541a29,1.0,61,controller_comparison,1.0,24.0,20.0,0.06588876800906208,0.5988422736003542,0.3344308715888147,115.5893564904998,41
40,4,"[1,14,27,40]",0.35,0.0,1.0,even_idm_leader_cmd04,0.4,margin,8.0,1.5,0,5.0,closed symmetric acceleration-command pulse,0.1,4,"[1,14,27,40]",0.0,jerk,0.1,3.0868044401493493e-16,5,idm,[],60.0,0.2,even,0.0,24.0,0.0,1.5431316168805067e-16,jerk,0.1,3.0868044401493493e-16,5,1.5434022200746747e-15,acceleration_upper,0.9999999999999999,0.0,2,0.0,0.0,0.7,1.0,9770e6ec289de8ee,1.0,167,prediction_scope,1.0,24.0,20.0,1.543402220074675e-16,0.0,0.0,0.0,41
40,4,"[1,2,3,4]",0.35,1.0,1.0,front_idm_leader_d02,0.2,margin,8.0,1.5,0,5.0,closed symmetric acceleration-command pulse,0.1,4,"[1,2,3,4]",1.0,jerk_saturation,5.0,-10.0,0,idm,[],60.0,0.2,front,5.3616748040698345,22.041091224490145,0.0044680623367248625,1.0,jerk,7.7,0.15796767347454377,1,5.0,gap_lower,0.8475557889641916,6.7,1,0.38330523773824393,7.413391026981723e-07,0.7,1.0,9778511e81f96be9,1.0,191,layout_comparison;prediction_scope,1.0,24.0,20.0,0.030368097938481095,2.802500000000009,0.337133646377481,214.4669921627934,41
40,4,"[1,2,3,4]",0.35,1.8,1.0,front_idm_leader_d02,0.2,margin,8.0,1.5,0,5.0,closed symmetric acceleration-command pulse,0.1,4,"[1,2,3,4]",1.0,jerk_saturation,5.0,-18.0,0,idm,[],60.0,0.2,front,6.415557184478139,20.118271619165995,0.005346297653731783,1.8,jerk,6.1000000000000005,0.1949187838400666,1,5.0,gap_lower,0.7314541031193812,6.7,1,0.3239786377755459,2.2687827781085077e-06,0.7,1.0,979c57f9a4a53b97,1.0,149,layout_comparison;prediction_scope,1.0,24.0,20.0,0.20351639197953236,2.972280225506438,0.39843528697689834,256.62228737912557,41
80,8,"[1,12,24,35,46,57,69,80]",0.35,0.25,1.0,even_idm_leader_N80,0.2,predictive,8.0,1.5,0,5.0,closed symmetric acceleration-command pulse,0.1,8,"[1,12,24,35,46,57,69,80]",0.0,gap_lower,12.9,0.028125,1,idm,[],60.0,0.2,even,0.0,23.4375,0.0,0.25,gap_lower,12.9,0.028125,1,5.0,gap_lower,0.9535000000000021,6.7,1,0.0,0.0,0.7,1.0,979ca89007ea1040,1.0,113,chain_length_scope,1.0,24.0,20.0,1.5413313407798953e-16,0.5625,0.0,0.0,81
40,4,"[1,14,27,40]",0.35,1.5,1.0,even_idm_internal8_d02,0.2,margin,8.0,1.5,8,5.0,closed symmetric acceleration-command pulse,0.1,4,"[1,14,27,40]",1.0,jerk_saturation,5.0,-15.0,8,idm,[],60.0,0.2,even,3.203277749433977,21.134181421257843,0.0026693981245283142,1.4999999999999998,jerk,6.9,1.0000000000000002,8,5.000000000000001,acceleration_upper,0.0,6.6000000000000005,8,0.8681234400008688,0.06299334337627568,0.7,1.0,97a5707e5fcaabd1,1.0,191,prediction_scope,1.0,24.0,20.0,0.2330599096135322,3.1472887403344885,0.2718156002387211,128.13110997735907,41
40,4,"[1,14,27,40]",0.35,0.25,1.0,even_idm_leader_d02,0.2,wave,8.0,1.5,0,5.0,closed symmetric acceleration-command pulse,0.1,4,"[1,14,27,40]",0.0,acceleration_upper,8.700000000000001,0.12363052410794312,1,idm,[],60.0,0.2,even,0.36006650964123155,23.63545048406307,0.0003000554247010263,0.25,acceleration_upper,8.700000000000001,0.12363052410794312,1,5.0,acceleration_upper,0.8602823717271342,8.200000000000001,1,0.7078878072353424,0.0001741239061251084,0.7,1.0,982c271cc8d25527,1.0,131,controller_comparison,1.0,24.0,20.0,0.0029953624254807857,0.047382811196257535,0.01870324727403272,14.402660385649263,41
40,4,"[1,14,27,40]",0.35,1.5,1.0,even_idm_leader_cmd04,0.4,margin,8.0,1.5,0,5.0,closed symmetric acceleration-command pulse,0.1,4,"[1,14,27,40]",1.0,jerk_saturation,5.0,-15.0,0,idm,[],60.0,0.2,even,4.434391720903936,20.76997882537276,0.0036953264340866135,1.5,jerk,6.4,0.18004402927351704,1,5.0,gap_lower,0.7672837536055284,6.7,1,0.38844641812184477,0.0,0.7,1.0,982dc98a5a6edeaf,1.0,149,prediction_scope,1.0,24.0,20.0,0.12551757861847504,2.5037500000169075,0.4054220872446699,177.37566883615744,41
40,4,"[1,14,27,40]",0.35,1.7,1.0,even_idm_leader_d02,0.2,margin,8.0,1.5,0,5.0,closed symmetric acceleration-command pulse,0.1,4,"[1,14,27,40]",1.0,jerk_saturation,5.0,-17.0,0,idm,[],60.0,0.2,even,5.095975286958577,20.398261426893157,0.004246646072465481,1.7,jerk,6.1000000000000005,0.1949187838400666,1,5.0,gap_lower,0.7461541031193801,6.7,1,0.32347790797516185,0.0,0.7,1.0,982e681c14a7cbe9,1.0,29,controller_comparison;layout_comparison,1.0,24.0,20.0,0.1342776823296149,2.854250000015554,0.4360760434624922,203.83901147834308,41
40,4,"[1,14,27,40]",0.35,2.0,1.0,even_idm_leader_cmd04,0.4,margin,8.0,1.5,0,5.0,closed symmetric acceleration-command pulse,0.1,4,"[1,14,27,40]",1.0,jerk_saturation,5.0,-20.0,0,idm,[],60.0,0.2,even,5.477238250481447,19.462153868621158,0.004564365208734539,2.0,gap_lower,8.0,0.2268923065689421,1,5.0,gap_lower,0.6958493977653253,6.9,1,0.3616510071143395,0.0,0.7,1.0,98490c0fd3e1225e,1.0,167,prediction_scope,1.0,24.0,20.0,0.23305990957310865,1.6391890905764512,0.4766907683053816,219.0895300192579,41
20,2,"[1,20]",0.35,2.2,1.0,even_idm_leader_N20,0.2,margin,8.0,1.5,0,5.0,closed symmetric acceleration-command pulse,0.1,2,"[1,20]",1.0,jerk_saturation,5.0,-22.0,0,idm,[],60.0,0.2,even,9.466279725256578,18.90519299544539,0.007888566437713814,2.2,gap_lower,8.4,0.2547403502277305,1,5.0,gap_lower,0.672686427431288,6.9,1,0.34195712209218027,0.1515151515151418,0.7,1.0,98724b89e124c320,1.0,167,chain_length_scope,1.0,24.0,20.0,0.019728175723954557,2.136500000000069,0.20024885453127084,189.32559450513156,21
20,2,"[1,20]",0.35,2.2,0.0,even_idm_leader_N20,0.2,wave,8.0,1.5,0,5.0,closed symmetric acceleration-command pulse,0.1,2,"[1,20]",42.0,jerk_saturation,5.0,-22.0,0,idm,[],60.0,0.2,even,171.50646314063042,-32.461577473160915,0.142922052617192,4.5,gap_lower,49.900000000000006,2.8230788736580457,20,5.000000000000004,gap_lower,-1.9851468308182803,48.6,20,6.0606060606060606,5.9067180096035825,0.7,0.0,98b738fe438fdd3b,0.0,167,chain_length_scope,0.0,24.0,20.0,1.2213110608951814,110.33953187415307,13.898097209455486,3430.1292628126084,21
40,4,"[1,14,27,40]",0.35,1.9,1.0,even_idm_leader_d02,0.2,predictive,8.0,1.5,0,5.0,closed symmetric acceleration-command pulse,0.1,4,"[1,14,27,40]",1.0,jerk_saturation,5.0,-18.999999999999996,0,idm,[],60.0,0.2,even,3.2776232399106346,19.577656259410332,0.002731352699925529,1.9,gap_lower,8.3,0.22111718702948338,1,5.0,gap_lower,0.7099290965800863,6.800000000000001,1,0.24580419140364201,0.0,0.7,1.0,98ef2bb636c3cb36,1.0,79,controller_comparison,1.0,24.0,20.0,0.21679742284252312,1.3046241824208664,0.17500000000000426,131.1049295964254,41
40,4,"[37,38,39,40]",0.35,0.25,1.0,rear_idm_leader_d02,0.2,margin,8.0,1.5,0,5.0,closed symmetric acceleration-command pulse,0.1,4,"[37,38,39,40]",0.0,acceleration_upper,8.9,0.07914289586333147,1,idm,[],60.0,0.2,rear,0.37127015290685517,23.592341873324457,0.000309391794089046,0.25,acceleration_upper,8.9,0.07914289586333147,1,5.0,acceleration_upper,0.9230553573043985,8.9,1,0.6979807417176099,0.0,0.7,1.0,996684cd77e57c1b,1.0,29,layout_comparison,1.0,24.0,20.0,0.006684863543249533,0.06349195632620308,0.03016214278780538,14.850806116274207,41
40,4,"[1,14,27,40]",0.35,2.1,1.0,even_idm_leader_d02,0.2,margin,8.0,1.5,0,5.0,closed symmetric acceleration-command pulse,0.1,4,"[1,14,27,40]",1.0,jerk_saturation,5.0,-21.0,0,idm,[],60.0,0.2,even,6.08890652390618,19.221536821795013,0.0050740887699218164,2.1,gap_lower,8.200000000000001,0.23892315891024934,1,5.0,gap_lower,0.688120998403801,6.800000000000001,1,0.3173783908256328,0.0,0.7,1.0,9984d3beb8f17dd0,1.0,131,controller_comparison;layout_comparison;prediction_scope,1.0,24.0,20.0,0.12775820637418167,2.148000000000593,0.42499999999999005,243.5562609562472,41
40,4,"[1,14,27,40]",0.35,2.5,1.0,even_idm_leader_cmd0,0.0,margin,8.0,1.5,0,5.0,closed symmetric acceleration-command pulse,0.1,4,"[1,14,27,40]",1.0,jerk_saturation,5.0,-25.0,0,idm,[],60.0,0.2,even,7.246821793097905,17.943901265816777,0.006039018160914921,2.5,gap_lower,8.700000000000001,0.30280493670916114,1,5.0,gap_lower,0.6349762171695131,7.0,1,0.31712265658179795,0.0,0.7,1.0,99b34256dacc2b2d,1.0,149,prediction_scope,1.0,24.0,20.0,0.15889212827988342,2.8599991957310067,0.42297529933632205,289.8728717239162,41
40,4,"[1,14,27,40]",0.35,2.5,1.0,even_idm_leader_d02,0.2,predictive,8.0,1.5,0,5.0,closed symmetric acceleration-command pulse,0.1,4,"[1,14,27,40]",1.0,jerk_saturation,5.0,-25.0,0,idm,[],60.0,0.2,even,5.391200554007161,17.44987155700528,0.004492667128339301,2.5,gap_lower,8.8,0.32750642214973597,1,5.0,gap_lower,0.616796615564511,7.0,1,0.2666430711583966,0.0,0.7,1.0,9a188dbf14c532ea,1.0,97,controller_comparison,1.0,24.0,20.0,0.06931726628668224,2.1962196670088474,0.350426752581928,215.64802216028642,41
40,4,"[19,20,21,22]",0.35,2.1,0.0,middle_idm_leader_d02,0.2,margin,8.0,1.5,0,5.0,closed symmetric acceleration-command pulse,0.1,4,"[19,20,21,22]",85.0,jerk_saturation,5.0,-21.0,0,idm,[],60.0,0.2,middle,149.18262227253652,-100.20273188577029,0.12431885189378043,4.5,gap_lower,53.1,6.210136594288515,19,5.000000000000004,gap_lower,-5.368415937126838,51.6,19,6.349206349206349,0.0021720211369174393,0.7,0.0,9a5c1b605d5024b9,0.0,3,layout_comparison,0.0,24.0,20.0,4.5,117.17353679218724,20.0,5967.304890901461,41
40,4,"[37,38,39,40]",0.35,1.8,0.0,rear_idm_leader_d02,0.2,margin,8.0,1.5,0,5.0,closed symmetric acceleration-command pulse,0.1,4,"[37,38,39,40]",107.0,jerk_saturation,5.0,-18.0,0,idm,[],60.0,0.2,rear,186.68768243505116,-50.95938171964867,0.15557306869587595,4.5,gap_lower,60.0,3.747969085982433,37,5.000000000000004,gap_lower,-3.2672863004054284,59.900000000000006,37,7.4074074074074066,0.16206470362101194,0.7,0.0,9a693c642bfd4598,0.0,47,layout_comparison,0.0,24.0,20.0,4.5,121.9679655757958,20.0,7467.507297402046,41
20,2,"[1,20]",0.35,0.25,1.0,even_idm_leader_N20,0.2,wave,8.0,1.5,0,5.0,closed symmetric acceleration-command pulse,0.1,2,"[1,20]",0.0,acceleration_upper,8.700000000000001,0.12363052410794312,1,idm,[],60.0,0.2,even,0.5429096703885803,23.63545048406307,0.0004524247253238169,0.25,acceleration_upper,8.700000000000001,0.12363052410794312,1,5.0,acceleration_upper,0.8602823717271342,8.200000000000001,1,0.7078878072353424,0.10976693057066693,0.7,1.0,9b47c96b3bbd7148,1.0,131,chain_length_scope,1.0,24.0,20.0,0.0005523291706000128,0.030724995845957892,0.008715255321323667,10.858193407771605,21
40,4,"[1,14,27,40]",0.35,1.8,1.0,even_ovm_leader_d02,0.2,margin,8.0,1.5,0,5.0,closed symmetric acceleration-command pulse,0.1,4,"[1,14,27,40]",2.0,jerk_saturation,5.0,-18.0,0,ovm,[],60.0,0.2,even,9.964799699414797,11.891433852027944,0.008303999749512332,1.8,gap_lower,56.0,0.6054283073986028,27,5.0,gap_lower,0.3812171364672423,55.300000000000004,27,1.3702970094186113,0.0,0.7,0.0,9b65599e5b6886de,1.0,131,prediction_scope,0.0,24.0,20.0,1.0372119438596816,11.412344185008521,2.5405470024571777,398.5919879765919,41
40,4,"[1,14,27,40]",0.35,2.5,1.0,even_idm_internal8_d02,0.2,margin,8.0,1.5,8,5.0,closed symmetric acceleration-command pulse,0.1,4,"[1,14,27,40]",2.0,jerk_saturation,5.0,-25.0,8,idm,[],60.0,0.2,even,10.976602932519723,11.310674133919505,0.009147169110433104,3.62499620519874,jerk,5.5,1.0000000000000004,8,5.000000000000002,acceleration_upper,0.0,6.5,8,1.3565029044002068,0.126666654539927,0.7,1.0,9b6639cf6e21bf25,1.0,191,prediction_scope,1.0,24.0,20.0,0.2477501834453947,3.56823026115984,0.7509302783883562,439.06411730078895,41
40,4,"[1,14,27,40]",0.35,1.0,1.0,even_idm_leader_d02,0.2,wave,8.0,1.5,0,5.0,closed symmetric acceleration-command pulse,0.1,4,"[1,14,27,40]",1.0,jerk_saturation,5.0,-10.0,0,idm,[],60.0,0.2,even,2.011255436847674,22.41719531546063,0.0016760461973730613,1.0,acceleration_upper,8.9,0.47616499802648427,1,5.0,acceleration_upper,0.4712842528868433,8.3,1,0.7636366299609705,0.0005469381083666273,0.7,1.0,9bb61b2428ec2b9a,1.0,79,controller_comparison,1.0,24.0,20.0,0.032988731892350284,0.2865136001700819,0.16083845708543976,80.45021747390695,41
40,4,"[1,14,27,40]",0.35,0.0,1.0,even_idm_leader_d02,0.2,wave,8.0,1.5,0,5.0,closed symmetric acceleration-command pulse,0.1,4,"[1,14,27,40]",0.0,jerk,0.1,3.0840736763882177e-16,24,idm,[],60.0,0.2,even,0.0,24.0,0.0,1.4927216045054946e-16,jerk,0.1,3.0840736763882177e-16,24,1.5420368381941087e-15,acceleration_upper,0.9999999999999999,0.0,12,0.0,0.0,0.7,1.0,9bd846a815f15edf,1.0,79,controller_comparison,1.0,24.0,20.0,1.5420368381941088e-16,0.0,0.0,0.0,41
80,8,"[1,12,24,35,46,57,69,80]",0.35,0.0,1.0,even_idm_leader_N80,0.2,wave,8.0,1.5,0,5.0,closed symmetric acceleration-command pulse,0.1,8,"[1,12,24,35,46,57,69,80]",0.0,jerk,0.1,3.099938097015429e-16,27,idm,[],60.0,0.2,even,0.0,24.0,0.0,1.5499690485077145e-16,jerk,0.1,3.099938097015429e-16,27,1.5499690485077144e-15,acceleration_upper,0.9999999999999999,0.0,6,0.0,0.0,0.7,1.0,9c5ae0d2fbe0ab6d,1.0,131,chain_length_scope,1.0,24.0,20.0,1.5499690485077145e-16,0.0,0.0,0.0,81
40,4,"[1,14,27,40]",0.35,1.5,1.0,even_idm_internal8_d02,0.2,margin,8.0,1.5,8,5.0,closed symmetric acceleration-command pulse,0.1,4,"[1,14,27,40]",1.0,jerk_saturation,5.0,-15.0,8,idm,[],60.0,0.2,even,4.045670449871837,20.257223598600703,0.003371392041559864,1.4999999999999998,jerk,5.1000000000000005,1.0,8,5.0,acceleration_upper,0.0,6.7,8,0.8773262970307374,0.18887682948008924,0.7,1.0,9c95ea91bc0600ce,1.0,97,prediction_scope,1.0,24.0,20.0,0.24918009525056659,2.618063864158046,0.4249728663302008,161.82681799487347,41
40,4,"[1,14,27,40]",0.35,2.5,1.0,even_idm_leader_d02,0.2,margin,8.0,1.5,0,5.0,closed symmetric acceleration-command pulse,0.1,4,"[1,14,27,40]",1.0,jerk_saturation,5.0,-25.0,0,idm,[],60.0,0.2,even,7.2824367487090225,17.940824239627887,0.006068697290590852,2.5,gap_lower,8.6,0.30295878801860565,1,5.0,gap_lower,0.6284722142964542,7.1000000000000005,1,0.3329445331574059,0.0,0.7,1.0,9cf301517208ba8a,1.0,29,controller_comparison;layout_comparison,1.0,24.0,20.0,0.11252724309673723,1.9137499999919783,0.4470197583889437,291.2974699483609,41
40,4,"[1,14,27,40]",0.35,2.1,0.0,even_idm_leader_d02,0.2,acc,8.0,1.5,0,5.0,closed symmetric acceleration-command pulse,0.1,4,"[1,14,27,40]",106.0,jerk_saturation,5.0,-21.0,0,idm,[],60.0,0.2,even,171.2338522343867,-2.321390306326194,0.14269487686198892,4.5,gap_lower,41.5,1.3160695153163098,24,5.000000000000004,gap_lower,-0.4915695153163104,41.0,24,6.349206349206349,3.5925686904769427,0.7,0.0,9cfc81189ccdbdbc,0.0,191,controller_comparison,0.0,24.0,20.0,4.5,116.87439207410262,20.0,6849.354089375468,41
80,8,"[1,12,24,35,46,57,69,80]",0.35,0.0,1.0,even_idm_leader_N80,0.2,predictive,8.0,1.5,0,5.0,closed symmetric acceleration-command pulse,0.1,8,"[1,12,24,35,46,57,69,80]",0.0,jerk,0.1,3.0868142572597697e-16,65,idm,[],60.0,0.2,even,0.0,24.0,0.0,1.5434071286298848e-16,jerk,0.1,3.0868142572597697e-16,65,1.5434071286298848e-15,acceleration_upper,0.9999999999999999,0.0,3,0.0,0.0,0.7,1.0,9d0073166a6c4e88,1.0,191,chain_length_scope,1.0,24.0,20.0,1.5434071286298848e-16,0.0,0.0,0.0,81
40,4,"[1,14,27,40]",0.35,1.8,0.0,even_idm_leader_d02,0.2,acc,8.0,1.5,0,5.0,closed symmetric acceleration-command pulse,0.1,4,"[1,14,27,40]",104.0,jerk_saturation,5.0,-18.0,0,idm,[],60.0,0.2,even,166.9822923776564,-2.4684712424672384,0.13915191031471366,4.5,gap_lower,57.800000000000004,1.3234235621233619,37,5.000000000000004,gap_lower,-0.4989235621233619,57.300000000000004,37,7.4074074074074066,4.5585145858252085,0.7,0.0,9d0fb8f52bf279da,0.0,113,controller_comparison,0.0,24.0,20.0,4.5,130.5037499687246,20.0,6679.291695106256,41
40,4,"[37,38,39,40]",0.35,2.0,0.0,rear_idm_leader_d02,0.2,margin,8.0,1.5,0,5.0,closed symmetric acceleration-command pulse,0.1,4,"[37,38,39,40]",123.0,jerk_saturation,5.0,-20.0,0,idm,[],60.0,0.2,rear,246.32637301539907,-55.53712676096934,0.20527197751283258,4.5,gap_lower,60.0,3.976856338048467,37,5.000000000000004,gap_lower,-3.4617822870068737,59.900000000000006,37,6.666666666666667,0.18750462975352158,0.7,0.0,9d24a30bf23c5d4d,0.0,79,layout_comparison,0.0,24.0,20.0,4.5,81.25169759537653,20.0,9853.054920615963,41
80,8,"[1,12,24,35,46,57,69,80]",0.35,1.8,1.0,even_idm_leader_N80,0.2,margin,8.0,1.5,0,5.0,closed symmetric acceleration-command pulse,0.1,8,"[1,12,24,35,46,57,69,80]",1.0,jerk_saturation,5.0,-18.0,0,idm,[],60.0,0.2,even,2.690504612849034,20.118271619165995,0.002242087177374195,1.8,jerk,6.1000000000000005,0.1949187838400666,1,5.0,gap_lower,0.7314541031193812,6.7,1,0.33287631212238245,0.0,0.7,1.0,9d33fb8396a5f79b,1.0,191,chain_length_scope,1.0,24.0,20.0,0.21679742284252312,2.033011648047818,0.42499999999999005,215.24036902792272,81
20,2,"[1,20]",0.35,1.5,1.0,even_idm_leader_N20,0.2,wave,8.0,1.5,0,5.0,closed symmetric acceleration-command pulse,0.1,2,"[1,20]",1.0,jerk_saturation,5.0,-15.0,0,idm,[],60.0,0.2,even,5.914061475115751,21.546420964520223,0.00492838456259646,1.5,acceleration_upper,9.0,0.6910652464529088,1,5.0,acceleration_upper,0.2408760651583718,8.4,1,0.7855481259587296,0.4407400726817738,0.7,1.0,9d3e1ac310408c9f,1.0,149,chain_length_scope,1.0,24.0,20.0,0.0030025601623202506,0.10481961433652032,0.04463005629559902,118.28122950231503,21
40,4,"[1,14,27,40]",0.35,0.0,1.0,even_idm_leader_d02,0.2,margin,8.0,1.5,0,5.0,closed symmetric acceleration-command pulse,0.1,4,"[1,14,27,40]",0.0,jerk,0.1,3.0946089165499e-16,17,idm,[],60.0,0.2,even,0.0,24.0,0.0,1.54730445827495e-16,jerk,0.1,3.0946089165499e-16,17,1.5473044582749498e-15,acceleration_upper,0.9999999999999999,0.0,8,0.0,0.0,0.7,1.0,9d8883fd5aedd56c,1.0,191,controller_comparison;layout_comparison;prediction_scope,1.0,24.0,20.0,1.54730445827495e-16,0.0,0.0,0.0,41
40,4,"[37,38,39,40]",0.35,0.25,1.0,rear_idm_leader_d02,0.2,margin,8.0,1.5,0,5.0,closed symmetric acceleration-command pulse,0.1,4,"[37,38,39,40]",0.0,acceleration_upper,8.9,0.08040738292374738,1,idm,[],60.0,0.2,rear,0.3750200824784381,23.590913162003574,0.0003125167353986984,0.25,acceleration_upper,8.9,0.08040738292374738,1,5.0,acceleration_upper,0.9219280984362672,8.9,1,0.6820726754513847,0.0,0.7,1.0,9d98a8660693475f,1.0,131,layout_comparison;prediction_scope,1.0,24.0,20.0,0.005502743830453169,0.058030905234943475,0.028657718179239566,15.000803299137525,41
40,4,"[19,20,21,22]",0.35,0.25,1.0,middle_idm_leader_d02,0.2,margin,8.0,1.5,0,5.0,closed symmetric acceleration-command pulse,0.1,4,"[19,20,21,22]",0.0,acceleration_upper,9.0,0.069426994094039,1,idm,[],60.0,0.2,middle,0.25758680484969215,23.462662427555756,0.0002146556707080768,0.25,acceleration_upper,9.0,0.069426994094039,1,5.0,acceleration_upper,0.9325130779829068,8.9,1,0.6519956895881288,0.0,0.7,1.0,9d9be4c3decf07f7,1.0,113,layout_comparison;prediction_scope,1.0,24.0,20.0,0.00025027844047867333,0.537337572444244,0.00297556330823312,10.303472193987686,41
20,2,"[1,20]",0.35,0.25,1.0,even_idm_leader_N20,0.2,margin,8.0,1.5,0,5.0,closed symmetric acceleration-command pulse,0.1,2,"[1,20]",0.0,gap_lower,12.9,0.028125,1,idm,[],60.0,0.2,even,0.0,23.4375,0.0,0.25,gap_lower,12.9,0.028125,1,5.0,gap_lower,0.9535000000000021,6.7,1,0.0,0.0,0.7,1.0,9da090b73320b9b6,1.0,149,chain_length_scope,1.0,24.0,20.0,3.077579334592651e-16,0.5625,0.0,0.0,21
40,4,"[1,14,27,40]",0.35,1.8,1.0,even_idm_leader_cmd0,0.0,margin,8.0,1.5,0,5.0,closed symmetric acceleration-command pulse,0.1,4,"[1,14,27,40]",1.0,jerk_saturation,5.0,-18.0,0,idm,[],60.0,0.2,even,5.230954887875887,20.24543240660705,0.004359129073229906,1.8,jerk,5.9,0.1949187838400666,1,5.0,gap_lower,0.7398714811833569,6.7,1,0.31645505077428027,0.0,0.7,1.0,9dc3b6c66bdaab2b,1.0,149,prediction_scope,1.0,24.0,20.0,0.15889212837874694,2.6369999999992615,0.3352896890959407,209.2381955150355,41
40,4,"[1,2,3,4]",0.35,2.1,1.0,front_idm_leader_d02,0.2,margin,8.0,1.5,0,5.0,closed symmetric acceleration-command pulse,0.1,4,"[1,2,3,4]",1.0,jerk_saturation,5.0,-21.0,0,idm,[],60.0,0.2,front,7.178481646721148,19.221536821795013,0.005982068038934291,2.1,gap_lower,8.200000000000001,0.23892315891024934,1,5.0,gap_lower,0.688120998403801,6.800000000000001,1,0.3173783908256328,2.1056582086419523e-06,0.7,1.0,9dc8b8b80f4ea27e,1.0,131,layout_comparison;prediction_scope,1.0,24.0,20.0,0.05892018706801924,2.3587499999998727,0.43840810799712315,287.13926586884594,41
40,4,"[19,20,21,22]",0.35,1.7,0.0,middle_idm_leader_d02,0.2,margin,8.0,1.5,0,5.0,closed symmetric acceleration-command pulse,0.1,4,"[19,20,21,22]",74.0,jerk_saturation,5.0,-17.0,0,idm,[],60.0,0.2,middle,103.42049679362057,-86.33539143141931,0.08618374732801715,4.5,gap_lower,45.400000000000006,5.516769571570966,19,5.000000000000004,gap_lower,-4.52100613132933,44.400000000000006,19,7.843137254901961,0.0007962775140232096,0.7,0.0,9dd9b24bfa2f9160,0.0,79,layout_comparison,0.0,24.0,20.0,4.5,83.79749117931385,20.0,4136.819871744823,41
40,0,[],0.35,2.5,0.0,even_idm_leader_d02,0.2,human,8.0,1.5,0,5.0,closed symmetric acceleration-command pulse,0.1,0,[],142.0,jerk_saturation,5.0,-25.0,0,idm,[],60.0,0.2,even,279.08326825104353,-2.5435792409452347,0.23256939020920295,4.5,gap_lower,42.0,1.3271789620472618,25,5.000000000000004,gap_lower,-0.5026789620472618,41.5,25,5.333333333333333,3.8818871241806945,0.7,0.0,9ddfad71664601db,0.0,131,controller_comparison,0.0,24.0,20.0,4.5,94.4966691179373,20.0,11163.330730041742,41
40,4,"[19,20,21,22]",0.35,1.7,0.0,middle_idm_leader_d02,0.2,margin,8.0,1.5,0,5.0,closed symmetric acceleration-command pulse,0.1,4,"[19,20,21,22]",75.0,jerk_saturation,5.0,-17.0,0,idm,[],60.0,0.2,middle,111.27405122883165,-92.22253176567816,0.09272837602402638,4.5,gap_lower,47.1,5.811126588283908,19,5.000000000000004,gap_lower,-4.914879946103817,44.7,19,7.843137254901961,0.001002321662812956,0.7,0.0,9e010ec271d0b957,0.0,149,layout_comparison;prediction_scope,0.0,24.0,20.0,4.5,113.3256154576975,20.0,4450.962049153266,41
40,4,"[37,38,39,40]",0.35,1.5,1.0,rear_idm_leader_d02,0.2,margin,8.0,1.5,0,5.0,closed symmetric acceleration-command pulse,0.1,4,"[37,38,39,40]",1.0,jerk_saturation,5.0,-15.0,0,idm,[],60.0,0.2,rear,6.47222778771382,21.00013474099879,0.005393523156428183,1.7626037614282686,jerk,7.9,0.5834528048057639,1,5.0,acceleration_upper,0.5746710540209137,9.200000000000001,1,0.9875781390118021,0.0,0.7,1.0,9e11fd36cca52bab,1.0,191,layout_comparison;prediction_scope,1.0,24.0,20.0,0.21513626325523455,1.5286023568438054,0.8317610649350122,258.8891115085528,41
20,2,"[1,20]",0.35,1.5,1.0,even_idm_leader_N20,0.2,predictive,8.0,1.5,0,5.0,closed symmetric acceleration-command pulse,0.1,2,"[1,20]",1.0,jerk_saturation,5.0,-15.0,0,idm,[],60.0,0.2,even,4.705535912188919,20.59906245446058,0.003921279926824099,1.5,gap_lower,8.1,0.17004687727697104,1,5.0,gap_lower,0.7612126343801773,6.7,1,0.2307970187767978,0.06666666666666604,0.7,1.0,9e3154f4abf5205a,1.0,167,chain_length_scope,1.0,24.0,20.0,0.00900555655869278,1.2410467465293777,0.14999999999999858,94.11071824377838,21
40,0,[],0.35,2.5,0.0,even_idm_leader_d02,0.2,human,8.0,1.5,0,5.0,closed symmetric acceleration-command pulse,0.1,0,[],145.0,jerk_saturation,5.0,-25.0,0,idm,[],60.0,0.2,even,297.3527377996185,-2.3820025105922866,0.24779394816634878,4.5,gap_lower,27.8,1.3191001255296144,14,5.000000000000004,gap_lower,-0.49460012552961385,27.3,14,5.333333333333333,4.182885754046568,0.7,0.0,9e42ba9710ff363d,0.0,79,controller_comparison,0.0,24.0,20.0,4.5,101.2295156261979,20.0,11894.109511984741,41
40,4,"[1,14,27,40]",0.35,2.5,1.0,even_idm_leader_d02,0.2,margin,8.0,1.5,0,5.0,closed symmetric acceleration-command pulse,0.1,4,"[1,14,27,40]",1.0,jerk_saturation,5.0,-25.0,0,idm,[],60.0,0.2,even,7.333451618302123,17.940824239627887,0.006111209681918436,2.5,gap_lower,8.6,0.30295878801860565,1,5.0,gap_lower,0.6284722142964542,7.1000000000000005,1,0.364444324534792,0.0,0.7,1.0,9eeabad8d23f7598,1.0,149,controller_comparison;layout_comparison;prediction_scope,1.0,24.0,20.0,0.09307318992474573,1.9137499999919783,0.42499999999999005,293.33806473208494,41
40,4,"[1,14,27,40]",0.35,1.9,1.0,even_idm_leader_cmd04,0.4,margin,8.0,1.5,0,5.0,closed symmetric acceleration-command pulse,0.1,4,"[1,14,27,40]",1.0,jerk_saturation,5.0,-18.999999999999996,0,idm,[],60.0,0.2,even,5.72002837651095,19.72904833201028,0.004766690313759125,1.9,jerk,6.2,0.2157434402332361,1,5.0,gap_lower,0.710639156871452,6.800000000000001,1,0.35786361025327657,0.0,0.7,1.0,9f04db96c2255ef9,1.0,113,prediction_scope,1.0,24.0,20.0,0.13978722225333196,1.69624353661834,0.46371824352685564,228.80113506043799,41
80,8,"[1,12,24,35,46,57,69,80]",0.35,2.0,1.0,even_idm_leader_N80,0.2,margin,8.0,1.5,0,5.0,closed symmetric acceleration-command pulse,0.1,8,"[1,12,24,35,46,57,69,80]",1.0,jerk_saturation,5.0,-20.0,0,idm,[],60.0,0.2,even,3.0353136959688607,19.56003271057392,0.0025294280799740506,2.0,gap_lower,8.1,0.22199836447130394,1,5.0,gap_lower,0.7028209984038035,6.800000000000001,1,0.33186131686451503,0.0,0.7,1.0,9f279055cc81ee4d,1.0,167,chain_length_scope,1.0,24.0,20.0,0.09061266643731627,2.3075000000003456,0.42499999999999005,242.82509567750884,81
40,4,"[1,14,27,40]",0.35,1.5,1.0,even_idm_leader_d02,0.2,wave,8.0,1.5,0,5.0,closed symmetric acceleration-command pulse,0.1,4,"[1,14,27,40]",1.0,jerk_saturation,5.0,-15.0,0,idm,[],60.0,0.2,even,3.8058039796434797,21.546420964520223,0.0031715033163695664,1.5,acceleration_upper,9.0,0.6910652464529088,1,5.0,acceleration_upper,0.2408760651583718,8.4,1,0.7855481259587296,0.0006744702033122015,0.7,1.0,9f41df7bd89bc80d,1.0,167,controller_comparison,1.0,24.0,20.0,0.07454890252838109,0.5833724871939978,0.32475870441234633,152.2321591857392,41
40,0,[],0.35,1.8,0.0,even_idm_leader_d02,0.2,human,8.0,1.5,0,5.0,closed symmetric acceleration-command pulse,0.1,0,[],115.0,jerk_saturation,5.0,-18.0,0,idm,[],60.0,0.2,even,193.2496640546787,-2.6420859701321433,0.16104138671223225,4.5,gap_lower,43.900000000000006,1.3321042985066072,26,5.000000000000004,gap_lower,-0.5076042985066074,43.400000000000006,26,7.4074074074074066,4.51013538017657,0.7,0.0,9f7fab6adc536d2a,0.0,97,controller_comparison,0.0,24.0,20.0,4.5,98.84721424155725,20.0,7729.986562187148,41
40,4,"[1,2,3,4]",0.35,2.1,1.0,front_idm_leader_d02,0.2,margin,8.0,1.5,0,5.0,closed symmetric acceleration-command pulse,0.1,4,"[1,2,3,4]",1.0,jerk_saturation,5.0,-21.0,0,idm,[],60.0,0.2,front,7.083637979885012,19.221536821795013,0.005903031649904176,2.1,gap_lower,8.200000000000001,0.23892315891024934,1,5.0,gap_lower,0.688120998403801,6.800000000000001,1,0.3173783908256328,2.700929678712421e-06,0.7,1.0,a026bc51b7f98a26,1.0,47,layout_comparison,1.0,24.0,20.0,0.07291553284452275,2.3587499999998727,0.4299508016406328,283.34551919540047,41
40,4,"[1,2,3,4]",0.35,1.7,1.0,front_idm_leader_d02,0.2,margin,8.0,1.5,0,5.0,closed symmetric acceleration-command pulse,0.1,4,"[1,2,3,4]",1.0,jerk_saturation,5.0,-17.0,0,idm,[],60.0,0.2,front,6.4449430934846506,20.398261426893157,0.005370785911237208,1.7,jerk,6.1000000000000005,0.1949187838400666,1,5.0,gap_lower,0.7461541031193801,6.7,1,0.32347790797516185,2.262345780516572e-06,0.7,1.0,a04096f150158078,1.0,167,layout_comparison;prediction_scope,1.0,24.0,20.0,0.04719789882949826,2.854250000015554,0.3986615450634865,257.797723739386,41
40,4,"[1,14,27,40]",0.35,1.9,1.0,even_idm_leader_cmd0,0.0,margin,8.0,1.5,0,5.0,closed symmetric acceleration-command pulse,0.1,4,"[1,14,27,40]",1.0,jerk_saturation,5.0,-18.999999999999996,0,idm,[],60.0,0.2,even,5.67521550379692,20.008608001059713,0.0047293462531641005,1.9,jerk,5.800000000000001,0.2157434402332361,1,5.0,gap_lower,0.7272864274312851,6.7,1,0.29823703934855367,0.0,0.7,1.0,a046997b88d48f7f,1.0,97,prediction_scope,1.0,24.0,20.0,0.15889212855116533,2.329749999994192,0.36746621640757837,227.0086201518768,41
80,8,"[1,12,24,35,46,57,69,80]",0.35,2.5,1.0,even_idm_leader_N80,0.2,predictive,8.0,1.5,0,5.0,closed symmetric acceleration-command pulse,0.1,8,"[1,12,24,35,46,57,69,80]",1.0,jerk_saturation,5.0,-25.0,0,idm,[],60.0,0.2,even,2.564335205597796,17.44987155700528,0.00213694600466483,2.5,gap_lower,8.8,0.32750642214973597,1,5.0,gap_lower,0.616796615564511,7.0,1,0.2730890224165942,0.0,0.7,1.0,a0980a22ef114135,1.0,191,chain_length_scope,1.0,24.0,20.0,0.07792335224689186,2.408517073282894,0.33143400717284166,205.14681644782368,81
80,8,"[1,12,24,35,46,57,69,80]",0.35,2.5,1.0,even_idm_leader_N80,0.2,predictive,8.0,1.5,0,5.0,closed symmetric acceleration-command pulse,0.1,8,"[1,12,24,35,46,57,69,80]",1.0,jerk_saturation,5.0,-25.0,0,idm,[],60.0,0.2,even,2.6268146715262404,17.44987155700528,0.002189012226271867,2.5,gap_lower,8.8,0.32750642214973597,1,5.0,gap_lower,0.616796615564511,7.0,1,0.27140820317285563,0.0,0.7,1.0,a0aae6be616f0bc8,1.0,113,chain_length_scope,1.0,24.0,20.0,0.0649921265657085,2.4375186915957556,0.33660559350677133,210.14517372209923,81
40,4,"[37,38,39,40]",0.35,1.8,0.0,rear_idm_leader_d02,0.2,margin,8.0,1.5,0,5.0,closed symmetric acceleration-command pulse,0.1,4,"[37,38,39,40]",107.0,jerk_saturation,5.0,-18.0,0,idm,[],60.0,0.2,rear,187.80000880323848,-51.863875390553424,0.15650000733603206,4.5,gap_lower,60.0,3.7931937695276714,37,5.000000000000004,gap_lower,-3.3062963407943897,59.900000000000006,37,7.4074074074074066,0.17131605814199305,0.7,0.0,a0b7a8ce7a599771,0.0,113,layout_comparison;prediction_scope,0.0,24.0,20.0,4.5,101.04095302714012,20.0,7512.000352129539,41
40,4,"[19,20,21,22]",0.35,1.5,1.0,middle_idm_leader_d02,0.2,margin,8.0,1.5,0,5.0,closed symmetric acceleration-command pulse,0.1,4,"[19,20,21,22]",1.0,jerk_saturation,5.0,-15.0,0,idm,[],60.0,0.2,middle,6.519294555657169,18.86797495306587,0.00543274546304764,1.6926906578672825,jerk,7.9,0.556677615122835,1,5.0,acceleration_upper,0.5982254141829634,9.200000000000001,1,0.9485018962121374,2.5874162853748808e-06,0.7,1.0,a163821e4ea58cdd,1.0,29,layout_comparison,1.0,24.0,20.0,0.2262845070196721,3.3037346558932086,0.5999999999999766,260.77178222628675,41
40,4,"[37,38,39,40]",0.35,0.25,1.0,rear_idm_leader_d02,0.2,margin,8.0,1.5,0,5.0,closed symmetric acceleration-command pulse,0.1,4,"[37,38,39,40]",0.0,acceleration_upper,8.9,0.08613353983278021,1,idm,[],60.0,0.2,rear,0.34616569057688534,23.597529617841175,0.00028847140881407113,0.25,acceleration_upper,8.9,0.08613353983278021,1,5.0,acceleration_upper,0.9162451199127694,8.9,1,0.7371275189912486,0.0,0.7,1.0,a18ac3badc4900d6,1.0,191,layout_comparison;prediction_scope,1.0,24.0,20.0,0.003315290037909859,0.04351875677946282,0.02125328741682253,13.846627623075413,41
40,4,"[19,20,21,22]",0.35,0.0,1.0,middle_idm_leader_d02,0.2,margin,8.0,1.5,0,5.0,closed symmetric acceleration-command pulse,0.1,4,"[19,20,21,22]",0.0,jerk,0.1,8.431356589244537e-16,34,idm,[],60.0,0.2,middle,0.0,24.0,0.0,1.4217729386863358e-16,jerk,0.1,8.431356589244537e-16,34,4.215678294622268e-15,acceleration_upper,0.9999999999999998,0.0,34,0.0,0.0,0.7,1.0,a1a4257c0053172a,1.0,11,layout_comparison,1.0,24.0,20.0,4.215678294622269e-16,0.0,0.0,0.0,41
20,2,"[1,20]",0.35,0.25,1.0,even_idm_leader_N20,0.2,predictive,8.0,1.5,0,5.0,closed symmetric acceleration-command pulse,0.1,2,"[1,20]",0.0,gap_lower,12.9,0.028125,1,idm,[],60.0,0.2,even,0.0,23.4375,0.0,0.25,gap_lower,12.9,0.028125,1,5.0,gap_lower,0.9535000000000021,6.7,1,0.0,0.0,0.7,1.0,a1c41ccc377ee3b9,1.0,191,chain_length_scope,1.0,24.0,20.0,1.5392514115692307e-16,0.5625,0.0,0.0,21
40,4,"[1,14,27,40]",0.35,1.7,1.0,even_idm_leader_d02,0.2,margin,8.0,1.5,0,5.0,closed symmetric acceleration-command pulse,0.1,4,"[1,14,27,40]",1.0,jerk_saturation,5.0,-17.0,0,idm,[],60.0,0.2,even,5.215021724807185,20.398261426893157,0.0043458514373393205,1.7,jerk,6.1000000000000005,0.1949187838400666,1,5.0,gap_lower,0.7461541031193801,6.7,1,0.3244896594845582,0.0,0.7,1.0,a1c6c757cb242369,1.0,79,controller_comparison;layout_comparison,1.0,24.0,20.0,0.14451938488450203,2.854250000015554,0.43984653519805406,208.6008689922874,41
40,4,"[1,14,27,40]",0.35,1.8,0.0,even_idm_leader_d02,0.2,acc,8.0,1.5,0,5.0,closed symmetric acceleration-command pulse,0.1,4,"[1,14,27,40]",99.0,jerk_saturation,5.0,-18.0,0,idm,[],60.0,0.2,even,155.07418301687377,-2.16435583821864,0.12922848584739483,4.5,gap_lower,36.5,1.308217791910932,20,5.000000000000004,gap_lower,-0.4837177919109322,36.0,20,7.4074074074074066,4.573563935799761,0.7,0.0,a1edfa955f548793,0.0,3,controller_comparison,0.0,24.0,20.0,4.5,125.39978202406758,20.0,6202.967320674951,41
40,4,"[1,2,3,4]",0.35,1.5,1.0,front_idm_leader_d02,0.2,margin,8.0,1.5,0,5.0,closed symmetric acceleration-command pulse,0.1,4,"[1,2,3,4]",1.0,jerk_saturation,5.0,-15.0,0,idm,[],60.0,0.2,front,6.554828142794811,20.903158065760977,0.005462356785662342,1.5,jerk,6.2,0.18004402927351704,1,5.0,gap_lower,0.7739406906150658,6.7,1,0.34133460735243504,3.386770867703288e-06,0.7,1.0,a1f17502d790889f,1.0,113,layout_comparison;prediction_scope,1.0,24.0,20.0,0.06887481442696508,2.44602564126194,0.4115096987522904,262.19312571179245,41
40,4,"[1,14,27,40]",0.35,1.0,1.0,even_idm_leader_d02,0.2,predictive,8.0,1.5,0,5.0,closed symmetric acceleration-command pulse,0.1,4,"[1,14,27,40]",1.0,jerk_saturation,5.0,-10.0,0,idm,[],60.0,0.2,even,1.8199905500767695,21.882056486128107,0.0015166587917306413,1.0,jerk,11.200000000000001,0.14285753923608713,1,5.0,gap_lower,0.836886763385144,6.7,1,0.2333332177228229,0.0,0.7,1.0,a2057a87fc7d3ead,1.0,47,controller_comparison,1.0,24.0,20.0,0.20351639197953236,1.1585969387929254,0.12500000000001066,72.79962200307078,41
40,4,"[1,14,27,40]",0.35,1.5,1.0,even_ovm_leader_d02,0.2,margin,8.0,1.5,0,5.0,closed symmetric acceleration-command pulse,0.1,4,"[1,14,27,40]",2.0,jerk_saturation,5.0,-15.0,0,ovm,[],60.0,0.2,even,6.5567256356013335,19.26454998210005,0.0054639380296677776,1.5,gap_lower,55.0,0.23677250089499752,27,5.0,gap_lower,0.7614482588167124,53.900000000000006,27,0.66809094892593,0.0,0.7,0.0,a227123e63d6ec30,1.0,97,prediction_scope,0.0,24.0,20.0,0.28488855067835356,4.18116514655344,1.1777847204825846,262.2690254240533,41
80,8,"[1,12,24,35,46,57,69,80]",0.35,1.5,1.0,even_idm_leader_N80,0.2,predictive,8.0,1.5,0,5.0,closed symmetric acceleration-command pulse,0.1,8,"[1,12,24,35,46,57,69,80]",1.0,jerk_saturation,5.0,-15.0,0,idm,[],60.0,0.2,even,1.254977538339206,20.59906245446058,0.0010458146152826715,1.5,gap_lower,8.1,0.17004687727697104,1,5.0,gap_lower,0.7612126343801773,6.7,1,0.2222220090665543,0.0,0.7,1.0,a22f738b7ebe9bfd,1.0,149,chain_length_scope,1.0,24.0,20.0,0.06836549871448619,1.3610670264625924,0.17295690021876808,100.39820306713648,81
40,4,"[1,14,27,40]",0.35,1.7,1.0,even_idm_leader_d02,0.2,margin,8.0,1.5,0,5.0,closed symmetric acceleration-command pulse,0.1,4,"[1,14,27,40]",1.0,jerk_saturation,5.0,-17.0,0,idm,[],60.0,0.2,even,5.394289270597982,20.398261426893157,0.004495241058831651,1.7,jerk,6.1000000000000005,0.1949187838400666,1,5.0,gap_lower,0.7461541031193801,6.7,1,0.3287443322121564,0.0,0.7,1.0,a25fa4fa68bbaf63,1.0,11,controller_comparison;layout_comparison,1.0,24.0,20.0,0.11906423774502939,2.854250000015554,0.42792710044395577,215.77157082391926,41
40,4,"[37,38,39,40]",0.35,1.5,0.0,rear_idm_leader_d02,0.2,margin,8.0,1.5,0,5.0,closed symmetric acceleration-command pulse,0.1,4,"[37,38,39,40]",45.0,jerk_saturation,5.0,-15.0,0,idm,[],60.0,0.2,rear,45.00347424751825,-25.977562156096837,0.03750289520626521,4.5,gap_lower,60.0,2.498878107804842,37,5.000000000000004,gap_lower,-2.1915945926232365,59.900000000000006,37,8.88888888888889,0.0,0.7,0.0,a26a61de6d954ac9,0.0,47,layout_comparison,0.0,24.0,20.0,4.5,55.94771589547557,20.0,1800.13896990073,41
40,4,"[37,38,39,40]",0.35,0.25,1.0,rear_idm_leader_d02,0.2,margin,8.0,1.5,0,5.0,closed symmetric acceleration-command pulse,0.1,4,"[37,38,39,40]",0.0,acceleration_upper,8.9,0.08002398531623939,1,idm,[],60.0,0.2,rear,0.3733617825759664,23.591234801991533,0.0003111348188133053,0.25,acceleration_upper,8.9,0.08002398531623939,1,5.0,acceleration_upper,0.922330228799348,8.9,1,0.6839460072066382,0.0,0.7,1.0,a29bb6bd0e59fe41,1.0,3,layout_comparison,1.0,24.0,20.0,0.0057821846162059995,0.05339017964956838,0.029415216096754904,14.934471303038656,41
40,4,"[1,14,27,40]",0.35,0.0,1.0,even_idm_internal8_d02,0.2,margin,8.0,1.5,8,5.0,closed symmetric acceleration-command pulse,0.1,4,"[1,14,27,40]",0.0,jerk,0.1,3.0946089165499e-16,17,idm,[],60.0,0.2,even,0.0,24.0,0.0,1.54730445827495e-16,jerk,0.1,3.0946089165499e-16,17,1.5473044582749498e-15,acceleration_upper,0.9999999999999999,0.0,8,0.0,0.0,0.7,1.0,a2b283a4baa4ce06,1.0,191,prediction_scope,1.0,24.0,20.0,1.54730445827495e-16,0.0,0.0,0.0,41
40,4,"[37,38,39,40]",0.35,1.9,0.0,rear_idm_leader_d02,0.2,margin,8.0,1.5,0,5.0,closed symmetric acceleration-command pulse,0.1,4,"[37,38,39,40]",119.0,jerk_saturation,5.0,-18.999999999999996,0,idm,[],60.0,0.2,rear,227.89938698811852,-54.23262846421267,0.1899161558234321,4.5,gap_lower,60.0,3.9116314232106335,37,5.000000000000004,gap_lower,-3.4064396248585993,59.900000000000006,37,7.017543859649123,0.18860331402273334,0.7,0.0,a311d55f8a158409,0.0,61,layout_comparison,0.0,24.0,20.0,4.5,90.20752593611502,20.0,9115.97547952474,41
80,8,"[1,12,24,35,46,57,69,80]",0.35,1.0,1.0,even_idm_leader_N80,0.2,margin,8.0,1.5,0,5.0,closed symmetric acceleration-command pulse,0.1,8,"[1,12,24,35,46,57,69,80]",1.0,jerk_saturation,5.0,-10.0,0,idm,[],60.0,0.2,even,2.014625845993833,22.041091224490145,0.0016788548716615273,1.0,jerk,7.7,0.15796767347454377,1,5.0,gap_lower,0.8475557889641916,6.7,1,0.39402841073490197,0.0,0.7,1.0,a348ac5e9e965430,1.0,167,chain_length_scope,1.0,24.0,20.0,0.2167974228425231,2.3748191702381973,0.3999999999999915,161.17006767950662,81
40,4,"[1,14,27,40]",0.35,1.9,1.0,even_idm_leader_d02,0.2,wave,8.0,1.5,0,5.0,closed symmetric acceleration-command pulse,0.1,4,"[1,14,27,40]",20.0,jerk_saturation,5.0,-18.999999999999996,0,idm,[],60.0,0.2,even,19.45487213391575,0.6999365511959184,0.016212393444929793,4.5,gap_lower,60.0,1.1650031724402041,37,5.000000000000004,gap_lower,-0.26618516370427814,59.7,37,6.684745074947395,0.2836536983203537,0.7,0.0,a3c316dae2283ce3,0.0,167,controller_comparison,0.0,24.0,20.0,4.5,23.30006344880408,19.051523463600073,778.19488535663,41
20,2,"[1,20]",0.35,0.0,1.0,even_idm_leader_N20,0.2,wave,8.0,1.5,0,5.0,closed symmetric acceleration-command pulse,0.1,2,"[1,20]",0.0,jerk,0.1,2.93878275950609e-16,10,idm,[],60.0,0.2,even,0.0,24.0,0.0,1.469391379753045e-16,jerk,0.1,2.93878275950609e-16,10,1.469391379753045e-15,acceleration_upper,0.9999999999999999,0.0,6,0.0,0.0,0.7,1.0,a3cd5654dc111ff7,1.0,131,chain_length_scope,1.0,24.0,20.0,1.469391379753045e-16,0.0,0.0,0.0,21
40,4,"[37,38,39,40]",0.35,1.5,0.0,rear_idm_leader_d02,0.2,margin,8.0,1.5,0,5.0,closed symmetric acceleration-command pulse,0.1,4,"[37,38,39,40]",82.0,jerk_saturation,5.0,-15.0,0,idm,[],60.0,0.2,rear,119.19419315018904,-42.86931734780234,0.0993284942918242,4.5,gap_lower,60.0,3.3434658673901168,37,5.000000000000004,gap_lower,-2.9198162447140104,59.900000000000006,37,8.88888888888889,0.09513038914749296,0.7,0.0,a3f737405d746e54,0.0,11,layout_comparison,0.0,24.0,20.0,4.5,77.25119453034785,20.0,4767.767726007562,41
40,4,"[19,20,21,22]",0.35,1.8,0.0,middle_idm_leader_d02,0.2,margin,8.0,1.5,0,5.0,closed symmetric acceleration-command pulse,0.1,4,"[19,20,21,22]",84.0,jerk_saturation,5.0,-18.0,0,idm,[],60.0,0.2,middle,120.92860004705649,-91.97410329753687,0.10077383337254707,4.5,gap_lower,47.0,5.798705164876844,19,5.000000000000004,gap_lower,-4.877013477784728,44.2,19,7.4074074074074066,0.0007467883739059394,0.7,0.0,a429a606ea326d0c,0.0,61,layout_comparison,0.0,24.0,20.0,4.5,97.64990212004841,20.0,4837.1440018822595,41
80,8,"[1,12,24,35,46,57,69,80]",0.35,1.5,1.0,even_idm_leader_N80,0.2,predictive,8.0,1.5,0,5.0,closed symmetric acceleration-command pulse,0.1,8,"[1,12,24,35,46,57,69,80]",1.0,jerk_saturation,5.0,-15.0,0,idm,[],60.0,0.2,even,1.2011006254211658,20.59906245446058,0.0010009171878509716,1.5,gap_lower,8.1,0.17004687727697104,1,5.0,gap_lower,0.7612126343801773,6.7,1,0.2222220090665543,0.0,0.7,1.0,a42a9abd3b908f7c,1.0,131,chain_length_scope,1.0,24.0,20.0,0.20351639197953236,1.3208714501434429,0.16851533513054306,96.08805003369326,81
40,4,"[1,14,27,40]",0.35,1.9,1.0,even_idm_leader_cmd04,0.4,margin,8.0,1.5,0,5.0,closed symmetric acceleration-command pulse,0.1,4,"[1,14,27,40]",1.0,jerk_saturation,5.0,-18.999999999999996,0,idm,[],60.0,0.2,even,5.5839958309447,19.72904833201028,0.004653329859120584,1.9,jerk,6.2,0.2157434402332361,1,5.0,gap_lower,0.710639156871452,6.800000000000001,1,0.35786361025327657,0.0,0.7,1.0,a460722f83054c79,1.0,97,prediction_scope,1.0,24.0,20.0,0.2330599095025569,1.2096065161570095,0.5230481344499402,223.35983323778802,41
20,2,"[1,20]",0.35,1.8,1.0,even_idm_leader_N20,0.2,margin,8.0,1.5,0,5.0,closed symmetric acceleration-command pulse,0.1,2,"[1,20]",1.0,jerk_saturation,5.0,-18.0,0,idm,[],60.0,0.2,even,7.577385514045252,20.118271619165995,0.006314487928371044,1.8,jerk,6.1000000000000005,0.1949187838400666,1,5.0,gap_lower,0.7314541031193812,6.7,1,0.3239786377755459,0.15740740740740372,0.7,1.0,a4ad45b597b866fb,1.0,97,chain_length_scope,1.0,24.0,20.0,0.2035163919795324,1.599499999999125,0.27500000000000924,151.54771028090505,21
40,4,"[1,14,27,40]",0.35,1.0,1.0,even_idm_leader_d02,0.2,predictive,8.0,1.5,0,5.0,closed symmetric acceleration-command pulse,0.1,4,"[1,14,27,40]",1.0,jerk_saturation,5.0,-10.0,0,idm,[],60.0,0.2,even,1.7949696981364194,21.882056486128107,0.0014958080817803496,1.0,jerk,11.200000000000001,0.14285753923608713,1,5.0,gap_lower,0.836886763385144,6.7,1,0.24717480671419167,0.0,0.7,1.0,a4edb9cafb2458c5,1.0,149,controller_comparison,1.0,24.0,20.0,0.20351639197953236,1.1585969387929254,0.12500000000001066,71.79878792545678,41
40,4,"[1,14,27,40]",0.35,2.5,0.0,even_idm_leader_d02,0.2,acc,8.0,1.5,0,5.0,closed symmetric acceleration-command pulse,0.1,4,"[1,14,27,40]",135.0,jerk_saturation,5.0,-25.0,0,idm,[],60.0,0.2,even,271.7430315807377,-2.556876248514701,0.22645252631728144,4.5,gap_lower,54.400000000000006,1.327843812425735,35,5.000000000000004,gap_lower,-0.503343812425735,53.900000000000006,35,5.333333333333333,4.383306881500095,0.7,0.0,a510f48f0c811368,0.0,149,controller_comparison,0.0,24.0,20.0,4.5,147.82593968321657,20.0,10869.721263229509,41
20,2,"[1,20]",0.35,2.2,1.0,even_idm_leader_N20,0.2,margin,8.0,1.5,0,5.0,closed symmetric acceleration-command pulse,0.1,2,"[1,20]",1.0,jerk_saturation,5.0,-22.0,0,idm,[],60.0,0.2,even,9.443247976588776,18.90519299544539,0.00786937331382398,2.2,gap_lower,8.4,0.2547403502277305,1,5.0,gap_lower,0.672686427431288,6.9,1,0.3181025637066063,0.1515151515151418,0.7,1.0,a5185747b3fcc355,1.0,131,chain_length_scope,1.0,24.0,20.0,0.02056638045569023,2.136500000000069,0.20514159511388286,188.86495953177553,21
20,2,"[1,20]",0.35,2.0,1.0,even_idm_leader_N20,0.2,margin,8.0,1.5,0,5.0,closed symmetric acceleration-command pulse,0.1,2,"[1,20]",1.0,jerk_saturation,5.0,-20.0,0,idm,[],60.0,0.2,even,8.499750913214251,19.56003271057392,0.007083125761011876,2.0,gap_lower,8.1,0.22199836447130394,1,5.0,gap_lower,0.7028209984038035,6.800000000000001,1,0.3165806789364443,0.14999999999999267,0.7,1.0,a540135235549948,1.0,131,chain_length_scope,1.0,24.0,20.0,0.21679742284254452,2.3075000000003456,0.3000000000011376,169.99501826428502,21
40,4,"[1,14,27,40]",0.35,0.0,1.0,even_idm_internal8_d02,0.2,margin,8.0,1.5,8,5.0,closed symmetric acceleration-command pulse,0.1,4,"[1,14,27,40]",0.0,jerk,0.1,3.0868044401493493e-16,5,idm,[],60.0,0.2,even,0.0,24.0,0.0,1.5431316168805067e-16,jerk,0.1,3.0868044401493493e-16,5,1.5434022200746747e-15,acceleration_upper,0.9999999999999999,0.0,2,0.0,0.0,0.7,1.0,a5691da09af4fddc,1.0,167,prediction_scope,1.0,24.0,20.0,1.543402220074675e-16,0.0,0.0,0.0,41
20,2,"[1,20]",0.35,0.25,1.0,even_idm_leader_N20,0.2,predictive,8.0,1.5,0,5.0,closed symmetric acceleration-command pulse,0.1,2,"[1,20]",0.0,gap_lower,12.9,0.028125,1,idm,[],60.0,0.2,even,0.0,23.4375,0.0,0.25,gap_lower,12.9,0.028125,1,5.0,gap_lower,0.9535000000000021,6.7,1,0.0,0.0,0.7,1.0,a5c587354c7da3df,1.0,149,chain_length_scope,1.0,24.0,20.0,3.077579334592651e-16,0.5625,0.0,0.0,21
80,8,"[1,12,24,35,46,57,69,80]",0.35,2.0,1.0,even_idm_leader_N80,0.2,predictive,8.0,1.5,0,5.0,closed symmetric acceleration-command pulse,0.1,8,"[1,12,24,35,46,57,69,80]",1.0,jerk_saturation,5.0,-20.0,0,idm,[],60.0,0.2,even,1.7769246722847007,19.272922396420682,0.0014807705602372506,2.0,gap_lower,8.3,0.23635388017896589,1,5.0,gap_lower,0.6939790965800888,6.800000000000001,1,0.254247156820508,0.0,0.7,1.0,a5daa147bc2cc507,1.0,113,chain_length_scope,1.0,24.0,20.0,0.047072044565835545,1.6036827491822692,0.2199160643728142,142.15397378277606,81
80,8,"[1,12,24,35,46,57,69,80]",0.35,1.8,1.0,even_idm_leader_N80,0.2,predictive,8.0,1.5,0,5.0,closed symmetric acceleration-command pulse,0.1,8,"[1,12,24,35,46,57,69,80]",1.0,jerk_saturation,5.0,-18.0,0,idm,[],60.0,0.2,even,1.646868712478461,19.848370192974244,0.0013723905937320507,1.8,gap_lower,8.200000000000001,0.2075814903512878,1,5.0,gap_lower,0.7253314111035014,6.800000000000001,1,0.2505798196302454,0.0,0.7,1.0,a5e903f206ea2139,1.0,167,chain_length_scope,1.0,24.0,20.0,0.06933292239943194,1.4735626538230804,0.19943452990894528,131.74949699827687,81
20,2,"[1,20]",0.35,1.0,1.0,even_idm_leader_N20,0.2,wave,8.0,1.5,0,5.0,closed symmetric acceleration-command pulse,0.1,2,"[1,20]",1.0,jerk_saturation,5.0,-10.0,0,idm,[],60.0,0.2,even,2.7657370851020167,22.41719531546063,0.0023047809042516802,1.0,acceleration_upper,8.9,0.47616499802648427,1,5.0,acceleration_upper,0.4712842528868433,8.3,1,0.7636366299609705,0.21160921718212458,0.7,1.0,a63fc12c2fff7426,1.0,131,chain_length_scope,1.0,24.0,20.0,0.0020660597880890878,0.09187553593073972,0.02183098599856592,55.31474170204033,21
80,8,"[1,12,24,35,46,57,69,80]",0.35,2.5,1.0,even_idm_leader_N80,0.2,margin,8.0,1.5,0,5.0,closed symmetric acceleration-command pulse,0.1,8,"[1,12,24,35,46,57,69,80]",1.0,jerk_saturation,5.0,-25.0,0,idm,[],60.0,0.2,even,3.6723272826689692,17.940824239627887,0.0030602727355574745,2.5,gap_lower,8.6,0.30295878801860565,1,5.0,gap_lower,0.6284722142964542,7.1000000000000005,1,0.34332722044410674,0.0,0.7,1.0,a6552ffc497cc85b,1.0,191,chain_length_scope,1.0,24.0,20.0,0.10375927139538298,1.984593025185518,0.449999999999978,293.78618261351755,81
20,2,"[1,20]",0.35,1.8,1.0,even_idm_leader_N20,0.2,wave,8.0,1.5,0,5.0,closed symmetric acceleration-command pulse,0.1,2,"[1,20]",14.0,jerk_saturation,5.0,-18.0,0,idm,[],60.0,0.2,even,34.07125579255023,-2.4559862932111116,0.02839271316045853,4.5,gap_lower,39.800000000000004,1.3227993146605557,20,5.000000000000004,gap_lower,-0.32557452881093374,39.0,20,5.646889212014949,4.582673257462237,0.7,0.0,a68ad97d0a49f03d,0.0,167,chain_length_scope,0.0,24.0,20.0,0.5057237414903314,84.30979691841065,4.808219439767928,681.4251158510046,21
40,0,[],0.35,2.1,0.0,even_idm_leader_d02,0.2,human,8.0,1.5,0,5.0,closed symmetric acceleration-command pulse,0.1,0,[],134.0,jerk_saturation,5.0,-21.0,0,idm,[],60.0,0.2,even,258.0270834082993,-2.5313295130705598,0.21502256950691606,4.5,gap_lower,40.7,1.326566475653528,24,5.000000000000004,gap_lower,-0.502066475653528,40.2,24,6.349206349206349,4.764222327433883,0.7,0.0,a69f2a48217df58c,0.0,11,controller_comparison,0.0,24.0,20.0,4.5,129.1935043160836,20.0,10321.08333633197,41
80,8,"[1,12,24,35,46,57,69,80]",0.35,2.2,1.0,even_idm_leader_N80,0.2,predictive,8.0,1.5,0,5.0,closed symmetric acceleration-command pulse,0.1,8,"[1,12,24,35,46,57,69,80]",1.0,jerk_saturation,5.0,-22.0,0,idm,[],60.0,0.2,even,2.0380417307448484,18.552015762797367,0.0016983681089540402,2.2,gap_lower,8.6,0.2723992118601316,1,5.0,gap_lower,0.6637930717799548,6.9,1,0.2575566637404807,0.0,0.7,1.0,a6af413a3915192f,1.0,131,chain_length_scope,1.0,24.0,20.0,0.067937716524042,1.9251258294859213,0.27444274169312877,163.04333845958786,81
40,4,"[19,20,21,22]",0.35,0.25,1.0,middle_idm_leader_d02,0.2,margin,8.0,1.5,0,5.0,closed symmetric acceleration-command pulse,0.1,4,"[19,20,21,22]",0.0,acceleration_upper,8.9,0.08002398531623939,1,idm,[],60.0,0.2,middle,0.24960384771286068,23.502586380479443,0.0002080032064273839,0.25,acceleration_upper,8.9,0.08002398531623939,1,5.0,acceleration_upper,0.922330228799348,8.9,1,0.6839460072066382,0.0,0.7,1.0,a6b09db278070110,1.0,3,layout_comparison,1.0,24.0,20.0,0.00039001151360475107,0.4974136195205574,0.005794860048961681,9.984153908514427,41
40,4,"[1,14,27,40]",0.35,1.9,1.0,even_idm_internal8_d02,0.2,margin,8.0,1.5,8,5.0,closed symmetric acceleration-command pulse,0.1,4,"[1,14,27,40]",2.0,jerk_saturation,5.0,-18.999999999999996,8,idm,[],60.0,0.2,even,6.52268918762621,16.458245569278255,0.005435574323021841,1.9976807912189387,jerk,5.300000000000001,1.0000000000000002,8,5.000000000000001,acceleration_upper,0.0,6.5,8,1.1211941665278298,0.14912234621872514,0.7,1.0,a6e6cdecdad2d599,1.0,131,prediction_scope,1.0,24.0,20.0,0.21679743082474906,3.0909772639678295,0.48765150471778895,260.9075675050484,41
20,2,"[1,20]",0.35,1.8,1.0,even_idm_leader_N20,0.2,margin,8.0,1.5,0,5.0,closed symmetric acceleration-command pulse,0.1,2,"[1,20]",1.0,jerk_saturation,5.0,-18.0,0,idm,[],60.0,0.2,even,7.758278222476338,20.118271619165995,0.006465231852063615,1.8,jerk,6.1000000000000005,0.1949187838400666,1,5.0,gap_lower,0.7314541031193812,6.7,1,0.33244514555331506,0.1666666666666572,0.7,1.0,a6fca2e813575d40,1.0,113,chain_length_scope,1.0,24.0,20.0,0.02083734101825971,1.599499999999125,0.15017775323664395,155.16556444952676,21
40,4,"[1,14,27,40]",0.35,2.5,1.0,even_idm_leader_cmd04,0.4,margin,8.0,1.5,0,5.0,closed symmetric acceleration-command pulse,0.1,4,"[1,14,27,40]",1.0,jerk_saturation,5.0,-25.0,0,idm,[],60.0,0.2,even,7.150430223884143,17.768573398377953,0.005958691853236786,2.5,gap_lower,8.5,0.3115713300811024,1,5.0,gap_lower,0.6226531178538599,7.2,1,0.3896903962953322,0.0,0.7,1.0,a72b7d45fdb6e046,1.0,149,prediction_scope,1.0,24.0,20.0,0.23305990961353215,1.7049999999999272,0.499999999999968,286.01720895536573,41
40,0,[],0.35,2.1,0.0,even_idm_leader_d02,0.2,human,8.0,1.5,0,5.0,closed symmetric acceleration-command pulse,0.1,0,[],132.0,jerk_saturation,5.0,-21.0,0,idm,[],60.0,0.2,even,251.28418339987337,-2.6161464455189076,0.20940348616656115,4.5,gap_lower,43.300000000000004,1.3308073222759453,26,5.000000000000004,gap_lower,-0.5063073222759458,42.800000000000004,26,6.349206349206349,4.663478582247612,0.7,0.0,a765034c34ff1ed5,0.0,97,controller_comparison,0.0,24.0,20.0,4.5,123.50329804881994,20.0,10051.367335994935,41
40,4,"[1,14,27,40]",0.35,0.0,1.0,even_idm_leader_d02,0.2,acc,8.0,1.5,0,5.0,closed symmetric acceleration-command pulse,0.1,4,"[1,14,27,40]",0.0,jerk,0.1,3.057761386297021e-16,6,idm,[],60.0,0.2,even,0.0,24.0,0.0,1.4435554130338614e-16,jerk,0.1,3.057761386297021e-16,6,1.5288806931485105e-15,acceleration_upper,0.9999999999999999,0.0,2,0.0,0.0,0.7,1.0,a78158aa3c51e95f,1.0,61,controller_comparison,1.0,24.0,20.0,1.5288806931485106e-16,0.0,0.0,0.0,41
40,4,"[1,14,27,40]",0.35,1.9,1.0,even_idm_leader_d02,0.2,wave,8.0,1.5,0,5.0,closed symmetric acceleration-command pulse,0.1,4,"[1,14,27,40]",2.0,jerk_saturation,5.0,-18.999999999999996,0,idm,[],60.0,0.2,even,9.700876135701488,19.93090889296795,0.008084063446417907,1.9,acceleration_upper,9.0,0.8477208482227265,1,5.0,acceleration_upper,0.07411693483535109,8.5,1,1.0429939113950908,0.01172324121204096,0.7,0.0,a797fc1fa3d39e94,1.0,97,controller_comparison,0.0,24.0,20.0,1.70369490999841,4.069091107032051,2.972532647476008,388.03504542805956,41
40,4,"[1,14,27,40]",0.35,0.25,1.0,even_idm_leader_d02,0.2,predictive,8.0,1.5,0,5.0,closed symmetric acceleration-command pulse,0.1,4,"[1,14,27,40]",0.0,gap_lower,12.9,0.028125,1,idm,[],60.0,0.2,even,0.0,23.4375,0.0,0.25,gap_lower,12.9,0.028125,1,5.0,gap_lower,0.9535000000000021,6.7,1,0.0,0.0,0.7,1.0,a7c0cc3ffbdf8e86,1.0,47,controller_comparison,1.0,24.0,20.0,1.5391286075856078e-16,0.5625,0.0,0.0,41
40,4,"[1,14,27,40]",0.35,1.9,0.0,even_idm_leader_d02,0.2,acc,8.0,1.5,0,5.0,closed symmetric acceleration-command pulse,0.1,4,"[1,14,27,40]",106.0,jerk_saturation,5.0,-18.999999999999996,0,idm,[],60.0,0.2,even,178.48953422159056,-2.4612384046586584,0.14874127851799213,4.5,gap_lower,51.400000000000006,1.323061920232933,32,5.000000000000004,gap_lower,-0.49856192023293316,50.900000000000006,32,7.017543859649123,4.3094465368467,0.7,0.0,a7cb2645d0b90c24,0.0,47,controller_comparison,0.0,24.0,20.0,4.5,111.39435349232178,20.0,7139.581368863623,41
40,4,"[1,2,3,4]",0.35,2.0,1.0,front_idm_leader_d02,0.2,margin,8.0,1.5,0,5.0,closed symmetric acceleration-command pulse,0.1,4,"[1,2,3,4]",1.0,jerk_saturation,5.0,-20.0,0,idm,[],60.0,0.2,front,6.8153406167952495,19.56003271057392,0.005679450513996041,2.0,gap_lower,8.1,0.22199836447130394,1,5.0,gap_lower,0.7028209984038035,6.800000000000001,1,0.3165806789364443,3.638821403010676e-06,0.7,1.0,a852dd4abb8b9b16,1.0,29,layout_comparison,1.0,24.0,20.0,0.05137914642520823,2.402499999994461,0.4195822006827008,272.61362467181,41
40,4,"[1,14,27,40]",0.35,2.0,1.0,even_idm_leader_d02,0.2,predictive,8.0,1.5,0,5.0,closed symmetric acceleration-command pulse,0.1,4,"[1,14,27,40]",1.0,jerk_saturation,5.0,-20.0,0,idm,[],60.0,0.2,even,3.72558882348556,19.272922396420682,0.0031046573529046333,2.0,gap_lower,8.3,0.23635388017896589,1,5.0,gap_lower,0.6939790965800888,6.800000000000001,1,0.249984159893175,0.0,0.7,1.0,a859b7f1c0f15652,1.0,113,controller_comparison,1.0,24.0,20.0,0.0929096195199905,1.3913196879210545,0.2237225322371792,149.0235529394224,41
40,4,"[1,14,27,40]",0.35,0.25,1.0,even_idm_leader_d02,0.2,margin,8.0,1.5,0,5.0,closed symmetric acceleration-command pulse,0.1,4,"[1,14,27,40]",0.0,gap_lower,12.9,0.028125,1,idm,[],60.0,0.2,even,0.0,23.4375,0.0,0.25,gap_lower,12.9,0.028125,1,5.0,gap_lower,0.9535000000000021,6.7,1,0.0,0.0,0.7,1.0,a8d3af365cd112a2,1.0,113,controller_comparison;layout_comparison;prediction_scope,1.0,24.0,20.0,2.8348563714917324e-16,0.5625,0.0,0.0,41
40,4,"[1,2,3,4]",0.35,1.0,1.0,front_idm_leader_d02,0.2,margin,8.0,1.5,0,5.0,closed symmetric acceleration-command pulse,0.1,4,"[1,2,3,4]",1.0,jerk_saturation,5.0,-10.0,0,idm,[],60.0,0.2,front,5.915691790032651,22.041091224490145,0.004929743158360542,1.0,jerk,7.7,0.15796767347454377,1,5.0,gap_lower,0.8475557889641916,6.7,1,0.38330523773824393,2.0151204651597254e-06,0.7,1.0,a8f794605530c8a9,1.0,11,layout_comparison,1.0,24.0,20.0,0.03982147897211706,2.802500000000009,0.3778947212067365,236.62767160130602,41
40,4,"[1,2,3,4]",0.35,1.7,1.0,front_idm_leader_d02,0.2,margin,8.0,1.5,0,5.0,closed symmetric acceleration-command pulse,0.1,4,"[1,2,3,4]",1.0,jerk_saturation,5.0,-17.0,0,idm,[],60.0,0.2,front,6.543587856305875,20.398261426893157,0.005452989880254896,1.7,jerk,6.1000000000000005,0.1949187838400666,1,5.0,gap_lower,0.7461541031193801,6.7,1,0.32347790797516185,2.5328493038881898e-06,0.7,1.0,a91a0eb69503c765,1.0,47,layout_comparison,1.0,24.0,20.0,0.0424408261322101,2.854250000015554,0.4063179801977448,261.743514252235,41
40,4,"[19,20,21,22]",0.35,1.7,0.0,middle_idm_leader_d02,0.2,margin,8.0,1.5,0,5.0,closed symmetric acceleration-command pulse,0.1,4,"[19,20,21,22]",76.0,jerk_saturation,5.0,-17.0,0,idm,[],60.0,0.2,middle,100.56596288805929,-84.46574670716562,0.08380496907338274,4.5,gap_lower,44.7,5.423287335358281,19,5.000000000000004,gap_lower,-4.428241553139943,43.6,19,7.843137254901961,0.000835817814046668,0.7,0.0,a966122f39b6d9d1,0.0,11,layout_comparison,0.0,24.0,20.0,4.5,109.1280284651034,20.0,4022.6385155223716,41
40,4,"[1,14,27,40]",0.35,0.0,1.0,even_idm_leader_d02,0.2,predictive,8.0,1.5,0,5.0,closed symmetric acceleration-command pulse,0.1,4,"[1,14,27,40]",0.0,jerk,0.1,3.0868044401493493e-16,5,idm,[],60.0,0.2,even,0.0,24.0,0.0,1.5431316168805067e-16,jerk,0.1,3.0868044401493493e-16,5,1.5434022200746747e-15,acceleration_upper,0.9999999999999999,0.0,2,0.0,0.0,0.7,1.0,a96b0ea3d401af90,1.0,167,controller_comparison,1.0,24.0,20.0,1.543402220074675e-16,0.0,0.0,0.0,41
40,4,"[1,14,27,40]",0.35,0.25,1.0,even_ovm_leader_d02,0.2,margin,8.0,1.5,0,5.0,closed symmetric acceleration-command pulse,0.1,4,"[1,14,27,40]",0.0,gap_lower,12.9,0.028125,1,ovm,[],60.0,0.2,even,0.0,23.4375,0.0,0.25,gap_lower,12.9,0.028125,1,5.0,gap_lower,0.9535000000000021,6.7,1,0.0,0.0,0.7,1.0,a976ae1fd15aa59d,1.0,191,prediction_scope,1.0,24.0,20.0,3.479676668894828e-16,0.5625,0.0,0.0,41
40,4,"[19,20,21,22]",0.35,1.5,0.0,middle_idm_leader_d02,0.2,margin,8.0,1.5,0,5.0,closed symmetric acceleration-command pulse,0.1,4,"[19,20,21,22]",57.0,jerk_saturation,5.0,-15.0,0,idm,[],60.0,0.2,middle,58.4220802608722,-53.70203120548493,0.048685066884060164,4.5,gap_lower,40.6,3.8851015602742462,19,5.000000000000004,gap_lower,-2.8925508693822133,39.900000000000006,19,8.88888888888889,0.0004978618862089155,0.7,0.0,a9c7a5b3f248ccc5,0.0,149,layout_comparison;prediction_scope,0.0,24.0,20.0,4.5,103.72513326641933,20.0,2336.883210434888,41
20,2,"[1,20]",0.35,0.0,1.0,even_idm_leader_N20,0.2,margin,8.0,1.5,0,5.0,closed symmetric acceleration-command pulse,0.1,2,"[1,20]",0.0,jerk,0.1,3.0486472582862366e-16,13,idm,[],60.0,0.2,even,0.0,24.0,0.0,1.5243236291431183e-16,jerk,0.1,3.0486472582862366e-16,13,1.5243236291431182e-15,acceleration_upper,0.9999999999999999,0.0,5,0.0,0.0,0.7,1.0,a9dacd6cc43235a2,1.0,97,chain_length_scope,1.0,24.0,20.0,1.5243236291431183e-16,0.0,0.0,0.0,21
40,4,"[19,20,21,22]",0.35,0.0,1.0,middle_idm_leader_d02,0.2,margin,8.0,1.5,0,5.0,closed symmetric acceleration-command pulse,0.1,4,"[19,20,21,22]",0.0,jerk,0.1,3.033043242170331e-16,32,idm,[],60.0,0.2,middle,0.0,24.0,0.0,1.388649068903188e-16,jerk,0.1,3.033043242170331e-16,32,1.5165216210851655e-15,acceleration_upper,0.9999999999999999,0.0,2,0.0,0.0,0.7,1.0,a9e1b1c3958665fa,1.0,131,layout_comparison;prediction_scope,1.0,24.0,20.0,1.5165216210851655e-16,0.0,0.0,0.0,41
40,4,"[1,14,27,40]",0.35,1.0,1.0,even_ovm_leader_d02,0.2,margin,8.0,1.5,0,5.0,closed symmetric acceleration-command pulse,0.1,4,"[1,14,27,40]",1.0,jerk_saturation,5.0,-10.0,0,ovm,[],60.0,0.2,even,4.975413189899163,20.86462742748307,0.004146177658249302,1.0,jerk,7.7,0.15796767347454377,1,5.0,gap_lower,0.837071552942447,55.0,27,0.6454927084926586,0.0,0.7,1.0,aa2299849da543f5,1.0,167,prediction_scope,1.0,24.0,20.0,0.19320165670862335,3.062064293198034,0.7721202972122789,199.01652759596652,41
40,4,"[1,14,27,40]",0.35,2.0,1.0,even_idm_leader_cmd04,0.4,margin,8.0,1.5,0,5.0,closed symmetric acceleration-command pulse,0.1,4,"[1,14,27,40]",1.0,jerk_saturation,5.0,-20.0,0,idm,[],60.0,0.2,even,5.930575528193731,19.462153868621158,0.004942146273494776,2.0,gap_lower,8.0,0.2268923065689421,1,5.0,gap_lower,0.6958493977653253,6.9,1,0.3616510071143395,0.0,0.7,1.0,aa383b6390a4c5bc,1.0,113,prediction_scope,1.0,24.0,20.0,0.2330599096135322,2.021225793685744,0.47427851519061903,237.22302112774923,41
40,4,"[1,14,27,40]",0.35,0.25,1.0,even_idm_leader_d02,0.2,acc,8.0,1.5,0,5.0,closed symmetric acceleration-command pulse,0.1,4,"[1,14,27,40]",0.0,acceleration_upper,8.9,0.11045353428495491,1,idm,[],60.0,0.2,even,0.4004983887161237,23.59938097853251,0.0003337486572634364,0.25,acceleration_upper,8.9,0.11045353428495491,1,5.0,acceleration_upper,0.8798395296158674,8.3,1,0.8070695198907742,0.0005989718415169895,0.7,1.0,aa599a18f7162937,1.0,3,controller_comparison,1.0,24.0,20.0,0.008504016667700683,0.06287618006146545,0.03681345262472391,16.01993554864495,41
20,2,"[1,20]",0.35,0.25,1.0,even_idm_leader_N20,0.2,wave,8.0,1.5,0,5.0,closed symmetric acceleration-command pulse,0.1,2,"[1,20]",0.0,acceleration_upper,8.700000000000001,0.12363052410794312,1,idm,[],60.0,0.2,even,0.5316675022691686,23.63545048406307,0.00044305625189097384,0.25,acceleration_upper,8.700000000000001,0.12363052410794312,1,5.0,acceleration_upper,0.8602823717271342,8.200000000000001,1,0.7078878072353424,0.08686031242486554,0.7,1.0,aa61c6132bb30ef2,1.0,97,chain_length_scope,1.0,24.0,20.0,0.000519169137203105,0.03361207406089761,0.009938671136076493,10.633350045383372,21
40,4,"[1,14,27,40]",0.35,2.5,1.0,even_idm_leader_cmd0,0.0,margin,8.0,1.5,0,5.0,closed symmetric acceleration-command pulse,0.1,4,"[1,14,27,40]",1.0,jerk_saturation,5.0,-25.0,0,idm,[],60.0,0.2,even,7.489485599587764,17.943901265816777,0.00624123799965647,2.5,gap_lower,8.700000000000001,0.30280493670916114,1,5.0,gap_lower,0.6349762171695131,7.0,1,0.29333014016283887,0.0,0.7,1.0,aab6a9068ab1af06,1.0,131,prediction_scope,1.0,24.0,20.0,0.15889217048296012,2.8599991957310067,0.46335169238316,299.57942398351054,41
20,2,"[1,20]",0.35,2.2,1.0,even_idm_leader_N20,0.2,margin,8.0,1.5,0,5.0,closed symmetric acceleration-command pulse,0.1,2,"[1,20]",1.0,jerk_saturation,5.0,-22.0,0,idm,[],60.0,0.2,even,9.437209354331435,18.90519299544539,0.00786434112860953,2.2,gap_lower,8.4,0.2547403502277305,1,5.0,gap_lower,0.672686427431288,6.9,1,0.32654578121471056,0.1515151515151418,0.7,1.0,aac38927f32297d4,1.0,113,chain_length_scope,1.0,24.0,20.0,0.022955041228323272,2.136500000000069,0.20009069042681915,188.7441870866287,21
40,4,"[1,14,27,40]",0.35,1.7,1.0,even_idm_internal8_d02,0.2,margin,8.0,1.5,8,5.0,closed symmetric acceleration-command pulse,0.1,4,"[1,14,27,40]",2.0,jerk_saturation,5.0,-17.0,8,idm,[],60.0,0.2,even,5.115961133596228,18.819627001939857,0.004263300944663523,1.6999999999999997,jerk,5.300000000000001,1.0000000000000002,8,5.000000000000001,acceleration_upper,0.0,6.5,8,0.9240183934161934,0.16666629880206316,0.7,1.0,ab19acad4be2e428,1.0,97,prediction_scope,1.0,24.0,20.0,0.21679742297741564,2.977033555244134,0.42499906194526105,204.6384453438491,41
80,8,"[1,12,24,35,46,57,69,80]",0.35,0.0,1.0,even_idm_leader_N80,0.2,margin,8.0,1.5,0,5.0,closed symmetric acceleration-command pulse,0.1,8,"[1,12,24,35,46,57,69,80]",0.0,jerk,0.1,6.122860407706024e-16,7,idm,[],60.0,0.2,even,0.0,24.0,0.0,1.5373620709854844e-16,jerk,0.1,6.122860407706024e-16,7,3.0614302038530117e-15,command_upper,0.9999999999999998,0.0,7,0.0,0.0,0.7,1.0,aba843f842ad5bcb,1.0,97,chain_length_scope,1.0,24.0,20.0,3.061430203853012e-16,0.0,0.0,0.0,81
40,4,"[1,14,27,40]",0.35,1.8,1.0,even_idm_leader_cmd04,0.4,margin,8.0,1.5,0,5.0,closed symmetric acceleration-command pulse,0.1,4,"[1,14,27,40]",1.0,jerk_saturation,5.0,-18.0,0,idm,[],60.0,0.2,even,5.249407599691894,19.97482180146011,0.004374506333076578,1.8,gap_lower,8.0,0.20125890992699452,1,5.0,gap_lower,0.7249757443671356,6.800000000000001,1,0.3779815409557256,0.0,0.7,1.0,abb100126a39f4a3,1.0,149,prediction_scope,1.0,24.0,20.0,0.11890811703883913,2.0407499999898846,0.4324360033172212,209.97630398767575,41
40,0,[],0.35,1.5,0.0,even_idm_leader_d02,0.2,human,8.0,1.5,0,5.0,closed symmetric acceleration-command pulse,0.1,0,[],100.0,jerk_saturation,5.0,-15.0,0,idm,[],60.0,0.2,even,147.51919710127385,-2.582036612174427,0.12293266425106154,4.5,gap_lower,55.800000000000004,1.3291018306087214,35,5.000000000000004,gap_lower,-0.5046018306087217,55.300000000000004,35,8.88888888888889,4.6015460554408225,0.7,0.0,ac2776e114ad99f0,0.0,149,controller_comparison,0.0,24.0,20.0,4.5,103.72513326641933,20.0,5900.767884050954,41
40,0,[],0.35,1.9,0.0,even_idm_leader_d02,0.2,human,8.0,1.5,0,5.0,closed symmetric acceleration-command pulse,0.1,0,[],116.0,jerk_saturation,5.0,-18.999999999999996,0,idm,[],60.0,0.2,even,194.36473649372942,-2.319676756688011,0.16197061374477453,4.5,gap_lower,41.5,1.3159838378344006,24,5.000000000000004,gap_lower,-0.4914838378344008,41.0,24,7.017543859649123,3.8791571172336208,0.7,0.0,ac2972723714ea11,0.0,191,controller_comparison,0.0,24.0,20.0,4.5,113.49208193999408,20.0,7774.589459749177,41
40,4,"[1,2,3,4]",0.35,1.7,1.0,front_idm_leader_d02,0.2,margin,8.0,1.5,0,5.0,closed symmetric acceleration-command pulse,0.1,4,"[1,2,3,4]",1.0,jerk_saturation,5.0,-17.0,0,idm,[],60.0,0.2,front,6.493916260199268,20.398261426893157,0.005411596883499389,1.7,jerk,6.1000000000000005,0.1949187838400666,1,5.0,gap_lower,0.7461541031193801,6.7,1,0.32347790797516185,2.4430226208029555e-06,0.7,1.0,ac3df989e7667761,1.0,61,layout_comparison,1.0,24.0,20.0,0.044018127326898214,2.854250000015554,0.40139426084583363,259.7566504079707,41
40,4,"[1,14,27,40]",0.35,1.8,0.0,even_idm_leader_d02,0.2,acc,8.0,1.5,0,5.0,closed symmetric acceleration-command pulse,0.1,4,"[1,14,27,40]",75.0,jerk_saturation,5.0,-18.0,0,idm,[],60.0,0.2,even,93.4291455494372,-2.4716332337842317,0.07785762129119767,4.5,gap_lower,55.1,1.3235816616892115,34,5.000000000000004,gap_lower,-0.49908166168921236,54.6,34,7.4074074074074066,2.866418709755449,0.7,0.0,ac3ecec250346e9f,0.0,29,controller_comparison,0.0,24.0,20.0,4.5,72.72530970237057,20.0,3737.1658219774877,41
40,4,"[1,14,27,40]",0.35,2.1,0.0,even_idm_leader_d02,0.2,wave,8.0,1.5,0,5.0,closed symmetric acceleration-command pulse,0.1,4,"[1,14,27,40]",98.0,jerk_saturation,5.0,-21.0,0,idm,[],60.0,0.2,even,154.5573996953288,-33.044024503603225,0.12879783307944065,4.5,gap_lower,60.0,2.852201225180161,27,5.000000000000004,gap_lower,-2.0330652557821858,59.900000000000006,27,6.349206349206349,3.5224570453051003,0.7,0.0,ac419835e84f2a62,0.0,113,controller_comparison,0.0,24.0,20.0,4.5,100.80299388333663,20.0,6182.295987813151,41
40,4,"[1,14,27,40]",0.35,2.5,0.0,even_idm_leader_d02,0.2,wave,8.0,1.5,0,5.0,closed symmetric acceleration-command pulse,0.1,4,"[1,14,27,40]",117.0,jerk_saturation,5.0,-25.0,0,idm,[],60.0,0.2,even,208.50157632447463,-33.193250672173974,0.17375131360372886,4.5,gap_lower,60.0,2.8596625336086987,27,5.000000000000004,gap_lower,-2.03953694677595,59.900000000000006,27,5.333333333333333,3.428831041564367,0.7,0.0,ac793145387c65f7,0.0,79,controller_comparison,0.0,24.0,20.0,4.5,87.92802556698132,20.0,8340.063052978985,41
40,4,"[1,14,27,40]",0.35,2.0,1.0,even_idm_leader_cmd04,0.4,margin,8.0,1.5,0,5.0,closed symmetric acceleration-command pulse,0.1,4,"[1,14,27,40]",1.0,jerk_saturation,5.0,-20.0,0,idm,[],60.0,0.2,even,5.2419566587187045,19.462153868621158,0.004368297215598921,2.0,gap_lower,8.0,0.2268923065689421,1,5.0,gap_lower,0.6958493977653253,6.9,1,0.3616510071143395,0.0,0.7,1.0,acbda74e7cac08ad,1.0,191,prediction_scope,1.0,24.0,20.0,0.23305990955693925,1.2706189698994876,0.4749999997911942,209.6782663487482,41
40,4,"[1,14,27,40]",0.35,0.0,1.0,even_ovm_leader_d02,0.2,margin,8.0,1.5,0,5.0,closed symmetric acceleration-command pulse,0.1,4,"[1,14,27,40]",0.0,jerk,0.1,7.00522992373053e-16,39,ovm,[],60.0,0.2,even,0.0,24.0,0.0,3.502614961865265e-16,jerk,0.1,7.00522992373053e-16,39,3.502614961865265e-15,acceleration_upper,0.9999999999999998,0.0,4,0.0,0.0,0.7,1.0,ad3f5f2e2bbaf4bd,1.0,167,prediction_scope,1.0,24.0,20.0,3.502614961865265e-16,0.0,0.0,0.0,41
40,0,[],0.35,2.5,0.0,even_idm_leader_d02,0.2,human,8.0,1.5,0,5.0,closed symmetric acceleration-command pulse,0.1,0,[],141.0,jerk_saturation,5.0,-25.0,0,idm,[],60.0,0.2,even,283.4105889213566,-2.483237312415824,0.23617549076779715,4.5,gap_lower,25.400000000000002,1.3241618656207912,12,5.000000000000004,gap_lower,-0.49966186562079085,24.900000000000002,12,5.333333333333333,4.158729649069501,0.7,0.0,ada8de54385ca5d2,0.0,29,controller_comparison,0.0,24.0,20.0,4.5,152.62033310234062,20.0,11336.423556854263,41
40,4,"[1,14,27,40]",0.35,2.1,1.0,even_idm_leader_cmd0,0.0,margin,8.0,1.5,0,5.0,closed symmetric acceleration-command pulse,0.1,4,"[1,14,27,40]",1.0,jerk_saturation,5.0,-21.0,0,idm,[],60.0,0.2,even,5.624715303697753,19.3695272593217,0.004687262753081461,2.1,gap_lower,8.3,0.23152363703391501,1,5.0,gap_lower,0.6974331624509172,6.800000000000001,1,0.29364557248179435,0.0,0.7,1.0,adfe2f344f81f409,1.0,191,prediction_scope,1.0,24.0,20.0,0.1588921284300571,2.6330000000007203,0.3558777815133958,224.98861214791015,41
40,4,"[1,2,3,4]",0.35,2.1,1.0,front_idm_leader_d02,0.2,margin,8.0,1.5,0,5.0,closed symmetric acceleration-command pulse,0.1,4,"[1,2,3,4]",1.0,jerk_saturation,5.0,-21.0,0,idm,[],60.0,0.2,front,6.931481446936752,19.221536821795013,0.00577623453911396,2.1,gap_lower,8.200000000000001,0.23892315891024934,1,5.0,gap_lower,0.688120998403801,6.800000000000001,1,0.3173783908256328,3.351575097595409e-06,0.7,1.0,ae03f0ccdb44870f,1.0,79,layout_comparison,1.0,24.0,20.0,0.06886700313781152,2.3587499999998727,0.4186242553738815,277.2592578774701,41
40,4,"[1,14,27,40]",0.35,2.1,1.0,even_idm_leader_d02,0.2,predictive,8.0,1.5,0,5.0,closed symmetric acceleration-command pulse,0.1,4,"[1,14,27,40]",1.0,jerk_saturation,5.0,-21.0,0,idm,[],60.0,0.2,even,3.903675135856021,18.931757248300926,0.003253062613213351,2.1,gap_lower,8.5,0.25341213758495373,1,5.0,gap_lower,0.6797430717799526,6.9,1,0.2540393304111786,0.0,0.7,1.0,ae3a933407d1ca3b,1.0,79,controller_comparison,1.0,24.0,20.0,0.09910302406720976,1.351584432782488,0.20000000000000995,156.14700543424084,41
40,4,"[37,38,39,40]",0.35,1.9,0.0,rear_idm_leader_d02,0.2,margin,8.0,1.5,0,5.0,closed symmetric acceleration-command pulse,0.1,4,"[37,38,39,40]",113.0,jerk_saturation,5.0,-18.999999999999996,0,idm,[],60.0,0.2,rear,210.20888638963407,-52.90780287957529,0.17517407199136173,4.5,gap_lower,60.0,3.845390143978764,37,5.000000000000004,gap_lower,-3.3502330390097343,59.900000000000006,37,7.017543859649123,0.171066004256487,0.7,0.0,ae436a029c76b2df,0.0,47,layout_comparison,0.0,24.0,20.0,4.5,92.4340367135593,20.0,8408.355455585363,41
40,4,"[37,38,39,40]",0.35,2.5,0.0,rear_idm_leader_d02,0.2,margin,8.0,1.5,0,5.0,closed symmetric acceleration-command pulse,0.1,4,"[37,38,39,40]",135.0,jerk_saturation,5.0,-25.0,0,idm,[],60.0,0.2,rear,289.2178057211451,-57.730676208849225,0.24101483810095428,4.5,gap_lower,60.0,4.086533810442461,37,5.000000000000004,gap_lower,-3.5631737911297967,59.900000000000006,37,5.333333333333333,0.17000134978236758,0.7,0.0,ae66da26ac138229,0.0,97,layout_comparison;prediction_scope,0.0,24.0,20.0,4.5,138.49437681921938,20.0,11568.712228845805,41
40,4,"[1,14,27,40]",0.35,2.1,1.0,even_idm_leader_d02,0.2,predictive,8.0,1.5,0,5.0,closed symmetric acceleration-command pulse,0.1,4,"[1,14,27,40]",1.0,jerk_saturation,5.0,-21.0,0,idm,[],60.0,0.2,even,4.167811244730407,18.931757248300926,0.0034731760372753388,2.1,gap_lower,8.5,0.25341213758495373,1,5.0,gap_lower,0.6797430717799526,6.9,1,0.2539482849633405,0.0,0.7,1.0,ae6c3a01923467e2,1.0,47,controller_comparison,1.0,24.0,20.0,0.20351639197953286,1.642696226564908,0.28506934540040874,166.71244978921627,41
40,4,"[1,14,27,40]",0.35,1.0,1.0,even_idm_internal8_d02,0.2,margin,8.0,1.5,8,5.0,closed symmetric acceleration-command pulse,0.1,4,"[1,14,27,40]",1.0,jerk_saturation,5.0,-10.0,8,idm,[],60.0,0.2,even,2.313064745665169,22.328395894933436,0.0019275539547209742,1.0,jerk,5.1000000000000005,1.0,8,5.0,acceleration_upper,0.18178606808224684,7.4,8,0.8718999324837284,0.0,0.7,1.0,ae6c6e256e7e83ec,1.0,113,prediction_scope,1.0,24.0,20.0,0.05324734219222967,2.290893868332887,0.26104158107839126,92.52258982660676,41
40,4,"[1,14,27,40]",0.35,2.5,0.0,even_idm_leader_d02,0.2,acc,8.0,1.5,0,5.0,closed symmetric acceleration-command pulse,0.1,4,"[1,14,27,40]",133.0,jerk_saturation,5.0,-25.0,0,idm,[],60.0,0.2,even,262.37497738808787,-2.468716060270829,0.21864581449007323,4.5,gap_lower,50.7,1.3234358030135414,32,5.000000000000004,gap_lower,-0.4989358030135417,50.2,32,5.333333333333333,4.094046119923803,0.7,0.0,aea6743186e3087e,0.0,47,controller_comparison,0.0,24.0,20.0,4.5,120.29662473884343,20.0,10494.999095523515,41
80,8,"[1,12,24,35,46,57,69,80]",0.35,2.2,0.0,even_idm_leader_N80,0.2,wave,8.0,1.5,0,5.0,closed symmetric acceleration-command pulse,0.1,8,"[1,12,24,35,46,57,69,80]",108.0,jerk_saturation,5.0,-22.0,0,idm,[],60.0,0.2,even,91.21528032595174,-33.79683408944382,0.07601273360495978,4.5,gap_lower,58.1,2.889841704472191,24,5.000000000000004,gap_lower,-2.0540641401477426,57.0,24,6.0606060606060606,0.0,0.7,0.0,aecddb7e8ed76e8f,0.0,167,chain_length_scope,0.0,24.0,20.0,4.5,99.31588104111938,20.0,7297.222426076139,81
40,4,"[1,14,27,40]",0.35,0.25,1.0,even_idm_leader_d02,0.2,predictive,8.0,1.5,0,5.0,closed symmetric acceleration-command pulse,0.1,4,"[1,14,27,40]",0.0,gap_lower,12.9,0.028125,1,idm,[],60.0,0.2,even,0.0,23.4375,0.0,0.25,gap_lower,12.9,0.028125,1,5.0,gap_lower,0.9535000000000021,6.7,1,0.0,0.0,0.7,1.0,aef1e9fdeb80631c,1.0,113,controller_comparison,1.0,24.0,20.0,2.8348563714917324e-16,0.5625,0.0,0.0,41
40,4,"[19,20,21,22]",0.35,1.7,0.0,middle_idm_leader_d02,0.2,margin,8.0,1.5,0,5.0,closed symmetric acceleration-command pulse,0.1,4,"[19,20,21,22]",71.0,jerk_saturation,5.0,-17.0,0,idm,[],60.0,0.2,middle,88.07251445933682,-78.72850542979941,0.07339376204944734,4.5,gap_lower,43.400000000000006,5.136425271489971,19,5.000000000000004,gap_lower,-4.141596234613216,42.800000000000004,19,7.843137254901961,0.0005136653095712073,0.7,0.0,aefa5579d8681c32,0.0,167,layout_comparison;prediction_scope,0.0,24.0,20.0,4.5,111.68786562185358,20.0,3522.9005783734724,41
40,4,"[1,14,27,40]",0.35,0.25,1.0,even_idm_leader_d02,0.2,wave,8.0,1.5,0,5.0,closed symmetric acceleration-command pulse,0.1,4,"[1,14,27,40]",0.0,acceleration_upper,8.700000000000001,0.12363052410794312,1,idm,[],60.0,0.2,even,0.34457004875227387,23.63545048406307,0.00028714170729356154,0.25,acceleration_upper,8.700000000000001,0.12363052410794312,1,5.0,acceleration_upper,0.8602823717271342,8.200000000000001,1,0.7078878072353424,0.0001826260572291479,0.7,1.0,aefa68d9991db004,1.0,167,controller_comparison,1.0,24.0,20.0,0.0026334331757427057,0.04324456929862208,0.015486848523615038,13.782801950090954,41
80,8,"[1,12,24,35,46,57,69,80]",0.35,1.5,1.0,even_idm_leader_N80,0.2,margin,8.0,1.5,0,5.0,closed symmetric acceleration-command pulse,0.1,8,"[1,12,24,35,46,57,69,80]",1.0,jerk_saturation,5.0,-15.0,0,idm,[],60.0,0.2,even,2.3785789415099474,20.903158065760977,0.001982149117924956,1.5,jerk,6.2,0.18004402927351704,1,5.0,gap_lower,0.7739406906150658,6.7,1,0.3442893237096219,0.0,0.7,1.0,af58986b0da46a05,1.0,113,chain_length_scope,1.0,24.0,20.0,0.21679742284252312,2.2176168828981417,0.3999999999999915,190.2863153207958,81
40,4,"[1,14,27,40]",0.35,1.8,1.0,even_idm_leader_d02,0.2,margin,8.0,1.5,0,5.0,closed symmetric acceleration-command pulse,0.1,4,"[1,14,27,40]",1.0,jerk_saturation,5.0,-18.0,0,idm,[],60.0,0.2,even,5.261040545767864,20.118271619165995,0.004384200454806554,1.8,jerk,6.1000000000000005,0.1949187838400666,1,5.0,gap_lower,0.7314541031193812,6.7,1,0.3239786377755459,0.0,0.7,1.0,af615758791f9dea,1.0,29,controller_comparison;layout_comparison,1.0,24.0,20.0,0.13047506985614726,1.8561131740482324,0.4360760434624922,210.44162183071458,41
80,8,"[1,12,24,35,46,57,69,80]",0.35,2.2,0.0,even_idm_leader_N80,0.2,wave,8.0,1.5,0,5.0,closed symmetric acceleration-command pulse,0.1,8,"[1,12,24,35,46,57,69,80]",102.0,jerk_saturation,5.0,-22.0,0,idm,[],60.0,0.2,even,81.20284337836213,-32.30764387979869,0.0676690361486351,4.5,gap_lower,55.0,2.8153821939899344,24,5.000000000000004,gap_lower,-1.9779723170813213,53.7,24,6.0606060606060606,0.0,0.7,0.0,af9c43e028e433ca,0.0,191,chain_length_scope,0.0,24.0,20.0,4.5,92.96274777181623,20.0,6496.22747026897,81
40,4,"[37,38,39,40]",0.35,0.25,1.0,rear_idm_leader_d02,0.2,margin,8.0,1.5,0,5.0,closed symmetric acceleration-command pulse,0.1,4,"[37,38,39,40]",0.0,acceleration_upper,8.9,0.08119699677053889,1,idm,[],60.0,0.2,rear,0.37324133428366996,23.590748613343848,0.00031103444523639166,0.25,acceleration_upper,8.9,0.08119699677053889,1,5.0,acceleration_upper,0.9213192660262588,8.9,1,0.6753344056951486,0.0,0.7,1.0,afbe50229ab39691,1.0,47,layout_comparison,1.0,24.0,20.0,0.0061095236778789365,0.060250557386012815,0.030027356519056525,14.929653371346799,41
40,4,"[37,38,39,40]",0.35,1.5,0.0,rear_idm_leader_d02,0.2,margin,8.0,1.5,0,5.0,closed symmetric acceleration-command pulse,0.1,4,"[37,38,39,40]",48.0,jerk_saturation,5.0,-15.0,0,idm,[],60.0,0.2,rear,50.759954949283596,-28.3706967665498,0.04229996245773633,4.5,gap_lower,60.0,2.61853483832749,37,5.000000000000004,gap_lower,-2.300203684337978,59.900000000000006,37,8.88888888888889,0.0,0.7,0.0,afc959a9b107c070,0.0,3,layout_comparison,0.0,24.0,20.0,4.5,57.94742571600801,20.0,2030.398197971344,41
40,4,"[1,14,27,40]",0.35,1.7,1.0,even_idm_leader_d02,0.2,margin,8.0,1.5,0,5.0,closed symmetric acceleration-command pulse,0.1,4,"[1,14,27,40]",1.0,jerk_saturation,5.0,-17.0,0,idm,[],60.0,0.2,even,4.948934405947363,20.398261426893157,0.004124112004956136,1.7,jerk,6.1000000000000005,0.1949187838400666,1,5.0,gap_lower,0.7461541031193801,6.7,1,0.32347790797516185,0.0,0.7,1.0,affd365f686255d3,1.0,167,controller_comparison;layout_comparison;prediction_scope,1.0,24.0,20.0,0.11581736056581188,2.854250000015554,0.408077984842393,197.95737623789452,41
40,4,"[1,2,3,4]",0.35,1.7,1.0,front_idm_leader_d02,0.2,margin,8.0,1.5,0,5.0,closed symmetric acceleration-command pulse,0.1,4,"[1,2,3,4]",1.0,jerk_saturation,5.0,-17.0,0,idm,[],60.0,0.2,front,6.418639800982243,20.398261426893157,0.005348866500818536,1.7,jerk,6.1000000000000005,0.1949187838400666,1,5.0,gap_lower,0.7461541031193801,6.7,1,0.32347790797516185,3.73250144621927e-06,0.7,1.0,b02a2d555bb21868,1.0,29,layout_comparison,1.0,24.0,20.0,0.044680910535000576,2.854250000015554,0.39783553907572156,256.7455920392897,41
20,2,"[1,20]",0.35,1.8,1.0,even_idm_leader_N20,0.2,wave,8.0,1.5,0,5.0,closed symmetric acceleration-command pulse,0.1,2,"[1,20]",1.0,jerk_saturation,5.0,-18.0,0,idm,[],60.0,0.2,even,9.766820936606866,20.31489139509509,0.008139017447172388,1.8,acceleration_upper,9.0,0.8108967007441591,1,5.0,acceleration_upper,0.1154448318353769,8.5,1,0.9439886680040638,0.7955706818951108,0.7,1.0,b04956fccde640c4,1.0,131,chain_length_scope,1.0,24.0,20.0,0.015409696436550135,0.555183418331012,0.20856710816662982,195.3364187321373,21
40,4,"[1,14,27,40]",0.35,1.5,1.0,even_idm_leader_d02,0.2,margin,8.0,1.5,0,5.0,closed symmetric acceleration-command pulse,0.1,4,"[1,14,27,40]",1.0,jerk_saturation,5.0,-15.0,0,idm,[],60.0,0.2,even,4.7406558510468795,20.903158065760977,0.003950546542539067,1.5,jerk,6.2,0.18004402927351704,1,5.0,gap_lower,0.7739406906150658,6.7,1,0.34133460735243504,0.0,0.7,1.0,b04a24cc77acaf6d,1.0,113,controller_comparison;layout_comparison;prediction_scope,1.0,24.0,20.0,0.11187666730731435,2.140237934338188,0.3999999999999915,189.6262340418752,41
40,4,"[19,20,21,22]",0.35,1.5,1.0,middle_idm_leader_d02,0.2,margin,8.0,1.5,0,5.0,closed symmetric acceleration-command pulse,0.1,4,"[19,20,21,22]",11.0,jerk_saturation,5.0,-15.0,0,idm,[],60.0,0.2,middle,16.07562224180764,-2.1644815766670433,0.013396351868173033,4.5,gap_lower,37.6,1.3082240788333521,19,5.000000000000002,gap_lower,-0.31139044446949676,36.6,19,4.14900036485134,0.0002036958564496495,0.7,0.0,b0c43162a5b4b2ce,0.0,79,layout_comparison,0.0,24.0,20.0,0.24999954745296799,13.35618302495186,1.872555257385958,643.0248896723056,41
40,4,"[1,14,27,40]",0.35,2.1,1.0,even_idm_leader_d02,0.2,margin,8.0,1.5,0,5.0,closed symmetric acceleration-command pulse,0.1,4,"[1,14,27,40]",1.0,jerk_saturation,5.0,-21.0,0,idm,[],60.0,0.2,even,6.139800094304979,19.221536821795013,0.005116500078587482,2.1,gap_lower,8.200000000000001,0.23892315891024934,1,5.0,gap_lower,0.688120998403801,6.800000000000001,1,0.3173783908256328,0.0,0.7,1.0,b0e18e1124c36374,1.0,97,controller_comparison;layout_comparison;prediction_scope,1.0,24.0,20.0,0.1557857481024465,2.148000000000593,0.44543464812517897,245.59200377219915,41
40,0,[],0.35,1.7,0.0,even_idm_leader_d02,0.2,human,8.0,1.5,0,5.0,closed symmetric acceleration-command pulse,0.1,0,[],114.0,jerk_saturation,5.0,-17.0,0,idm,[],60.0,0.2,even,190.00790704641264,-2.4238464870439103,0.1583399225386772,4.5,gap_lower,54.1,1.3211923243521955,34,5.000000000000004,gap_lower,-0.49669232435219557,53.6,34,7.843137254901961,4.728780948205581,0.7,0.0,b143d7545d572a8b,0.0,61,controller_comparison,0.0,24.0,20.0,4.5,96.68982080470772,20.0,7600.316281856506,41
40,4,"[1,14,27,40]",0.35,1.7,1.0,even_idm_leader_d02,0.2,wave,8.0,1.5,0,5.0,closed symmetric acceleration-command pulse,0.1,4,"[1,14,27,40]",1.0,jerk_saturation,5.0,-17.0,0,idm,[],60.0,0.2,even,6.438972916549585,21.077117404725186,0.0053658107637913205,1.7,acceleration_upper,9.0,0.7722007508944968,1,5.0,acceleration_upper,0.15762496776271306,8.4,1,0.7907956668683235,0.0017991273533131866,0.7,1.0,b1979f70d2c2ca79,1.0,47,controller_comparison,1.0,24.0,20.0,0.2389635487409373,1.3481545828148853,0.8300698170962839,257.5589166619834,41
40,4,"[19,20,21,22]",0.35,2.5,0.0,middle_idm_leader_d02,0.2,margin,8.0,1.5,0,5.0,closed symmetric acceleration-command pulse,0.1,4,"[19,20,21,22]",99.0,jerk_saturation,5.0,-25.0,0,idm,[],60.0,0.2,middle,185.76277129216163,-102.62210947349298,0.15480230941013468,4.5,gap_lower,57.900000000000006,6.331105473674649,19,5.000000000000004,gap_lower,-5.495395558222778,56.800000000000004,19,5.333333333333333,0.0023342372099638925,0.7,0.0,b1c86a68eedc0e33,0.0,3,layout_comparison,0.0,24.0,20.0,4.5,126.62210947349298,20.0,7430.510851686465,41
40,4,"[1,14,27,40]",0.35,1.8,1.0,even_idm_leader_d02,0.2,predictive,8.0,1.5,0,5.0,closed symmetric acceleration-command pulse,0.1,4,"[1,14,27,40]",1.0,jerk_saturation,5.0,-18.0,0,idm,[],60.0,0.2,even,3.249617592407927,19.848370192974244,0.002708014660339939,1.8,gap_lower,8.200000000000001,0.2075814903512878,1,5.0,gap_lower,0.7253314111035014,6.800000000000001,1,0.2407364782618002,0.0,0.7,1.0,b1e0f4ac9fa4ce5f,1.0,61,controller_comparison,1.0,24.0,20.0,0.21679742284252312,1.30477360623388,0.19952804965599213,129.98470369631707,41
40,0,[],0.35,1.7,0.0,even_idm_leader_d02,0.2,human,8.0,1.5,0,5.0,closed symmetric acceleration-command pulse,0.1,0,[],116.0,jerk_saturation,5.0,-17.0,0,idm,[],60.0,0.2,even,191.18574261596686,-2.5010869392403663,0.1593214521799724,4.5,gap_lower,41.300000000000004,1.3250543469620184,24,5.000000000000004,gap_lower,-0.5005543469620186,40.800000000000004,24,7.843137254901961,4.751987040528254,0.7,0.0,b1ecdd9568ed5b00,0.0,11,controller_comparison,0.0,24.0,20.0,4.5,109.1280284651034,20.0,7647.429704638675,41
20,2,"[1,20]",0.35,1.0,1.0,even_idm_leader_N20,0.2,predictive,8.0,1.5,0,5.0,closed symmetric acceleration-command pulse,0.1,2,"[1,20]",1.0,jerk_saturation,5.0,-10.0,0,idm,[],60.0,0.2,even,3.3325658236858358,21.882056486128107,0.002777138186404863,1.0,jerk,11.200000000000001,0.14285753923608713,1,5.0,gap_lower,0.836886763385144,6.7,1,0.24386899952967175,0.08333333333334043,0.7,1.0,b1f0c2e02f97e031,1.0,167,chain_length_scope,1.0,24.0,20.0,0.20351639197953236,1.1585969387929254,0.12500000000001066,66.65131647371672,21
40,4,"[1,14,27,40]",0.35,0.25,1.0,even_idm_leader_d02,0.2,predictive,8.0,1.5,0,5.0,closed symmetric acceleration-command pulse,0.1,4,"[1,14,27,40]",0.0,gap_lower,12.9,0.028125,1,idm,[],60.0,0.2,even,0.0,23.4375,0.0,0.25,gap_lower,12.9,0.028125,1,5.0,gap_lower,0.9535000000000021,6.7,1,0.0,0.0,0.7,1.0,b208bc1de8755ed0,1.0,29,controller_comparison,1.0,24.0,20.0,1.501327862714694e-16,0.5625,0.0,0.0,41
40,4,"[1,14,27,40]",0.35,1.8,1.0,even_idm_leader_d02,0.2,acc,8.0,1.5,0,5.0,closed symmetric acceleration-command pulse,0.1,4,"[1,14,27,40]",40.0,jerk_saturation,5.0,-18.0,0,idm,[],60.0,0.2,even,35.6408897758994,-2.2741911892672277,0.029700741479916172,4.5,gap_lower,55.400000000000006,1.3137095594633614,33,5.000000000000004,gap_lower,-0.48945955946336195,54.900000000000006,33,7.4074074074074066,0.4307243481795742,0.7,0.0,b20ab3baff697824,0.0,191,controller_comparison,0.0,24.0,20.0,4.5,38.85693415019159,20.0,1425.6355910359762,41
80,8,"[1,12,24,35,46,57,69,80]",0.35,1.0,1.0,even_idm_leader_N80,0.2,wave,8.0,1.5,0,5.0,closed symmetric acceleration-command pulse,0.1,8,"[1,12,24,35,46,57,69,80]",1.0,jerk_saturation,5.0,-10.0,0,idm,[],60.0,0.2,even,1.0236480561244037,22.41719531546063,0.0008530400467703364,1.0,acceleration_upper,8.9,0.47616499802648427,1,5.0,acceleration_upper,0.4712842528868433,8.3,1,0.7636366299609705,0.0,0.7,1.0,b21d77b87053ef3d,1.0,113,chain_length_scope,1.0,24.0,20.0,0.032622043921422615,0.3230624225794543,0.15746955428884135,81.89184448995229,81
40,4,"[19,20,21,22]",0.35,2.0,0.0,middle_idm_leader_d02,0.2,margin,8.0,1.5,0,5.0,closed symmetric acceleration-command pulse,0.1,4,"[19,20,21,22]",79.0,jerk_saturation,5.0,-20.0,0,idm,[],60.0,0.2,middle,132.22946215284128,-98.39574140516895,0.11019121846070107,4.5,gap_lower,51.1,6.119787070258448,19,5.000000000000004,gap_lower,-5.269668535645908,49.400000000000006,19,6.666666666666667,0.0011046846167239721,0.7,0.0,b22b029177e2693e,0.0,97,layout_comparison;prediction_scope,0.0,24.0,20.0,4.5,128.07025062671806,20.0,5289.178486113651,41
20,2,"[1,20]",0.35,1.0,1.0,even_idm_leader_N20,0.2,wave,8.0,1.5,0,5.0,closed symmetric acceleration-command pulse,0.1,2,"[1,20]",1.0,jerk_saturation,5.0,-10.0,0,idm,[],60.0,0.2,even,2.7923027993369987,22.41719531546063,0.0023269189994474986,1.0,acceleration_upper,8.9,0.47616499802648427,1,5.0,acceleration_upper,0.4712842528868433,8.3,1,0.7636366299609705,0.22292273441370725,0.7,1.0,b251d579a32eea67,1.0,191,chain_length_scope,1.0,24.0,20.0,0.0020178046289069623,0.08539516567554983,0.019658341783330258,55.84605598673997,21
40,4,"[1,2,3,4]",0.35,2.1,1.0,front_idm_leader_d02,0.2,margin,8.0,1.5,0,5.0,closed symmetric acceleration-command pulse,0.1,4,"[1,2,3,4]",1.0,jerk_saturation,5.0,-21.0,0,idm,[],60.0,0.2,front,6.6823411275393125,19.221536821795013,0.005568617606282761,2.1,gap_lower,8.200000000000001,0.23892315891024934,1,5.0,gap_lower,0.688120998403801,6.800000000000001,1,0.3173783908256328,1.4740639585848867e-06,0.7,1.0,b26585e1e66fa83e,1.0,191,layout_comparison;prediction_scope,1.0,24.0,20.0,0.0734873517790746,2.3587499999998727,0.42252377473803193,267.2936451015725,41
40,4,"[1,2,3,4]",0.35,2.5,1.0,front_idm_leader_d02,0.2,margin,8.0,1.5,0,5.0,closed symmetric acceleration-command pulse,0.1,4,"[1,2,3,4]",1.0,jerk_saturation,5.0,-25.0,0,idm,[],60.0,0.2,front,8.189426064912977,17.940824239627887,0.006824521720760815,2.5,gap_lower,8.6,0.30295878801860565,1,5.0,gap_lower,0.6284722142964542,7.1000000000000005,1,0.3329445331574059,2.5039374719426633e-06,0.7,1.0,b293734d505b039f,1.0,61,layout_comparison,1.0,24.0,20.0,0.20351639197953236,2.983819241997253,0.5234956258676497,327.5770425965191,41
40,4,"[1,14,27,40]",0.35,0.0,1.0,even_idm_leader_d02,0.2,predictive,8.0,1.5,0,5.0,closed symmetric acceleration-command pulse,0.1,4,"[1,14,27,40]",0.0,jerk,0.1,3.0840736763882177e-16,24,idm,[],60.0,0.2,even,0.0,24.0,0.0,1.4927216045054946e-16,jerk,0.1,3.0840736763882177e-16,24,1.5420368381941087e-15,acceleration_upper,0.9999999999999999,0.0,12,0.0,0.0,0.7,1.0,b299afe85063d862,1.0,79,controller_comparison,1.0,24.0,20.0,1.5420368381941088e-16,0.0,0.0,0.0,41
80,8,"[1,12,24,35,46,57,69,80]",0.35,2.0,1.0,even_idm_leader_N80,0.2,margin,8.0,1.5,0,5.0,closed symmetric acceleration-command pulse,0.1,8,"[1,12,24,35,46,57,69,80]",1.0,jerk_saturation,5.0,-20.0,0,idm,[],60.0,0.2,even,2.905409327001645,19.56003271057392,0.0024211744391680378,2.0,gap_lower,8.1,0.22199836447130394,1,5.0,gap_lower,0.7028209984038035,6.800000000000001,1,0.32507447314697185,0.0,0.7,1.0,b2b6b78dd63b278a,1.0,191,chain_length_scope,1.0,24.0,20.0,0.09793539966790159,2.3075000000003456,0.42499999999999005,232.43274616013161,81
40,4,"[1,14,27,40]",0.35,1.7,1.0,even_idm_leader_d02,0.2,wave,8.0,1.5,0,5.0,closed symmetric acceleration-command pulse,0.1,4,"[1,14,27,40]",1.0,jerk_saturation,5.0,-17.0,0,idm,[],60.0,0.2,even,5.423095068065512,21.194869123199226,0.004519245890054594,1.7,acceleration_upper,9.0,0.7722007508944968,1,5.0,acceleration_upper,0.15762496776271306,8.4,1,0.7907956668683235,0.0008834640884472555,0.7,1.0,b2c36322e58a8d20,1.0,131,controller_comparison,1.0,24.0,20.0,0.13568295924621596,0.9472646941751464,0.5331902245079938,216.9238027226205,41
40,4,"[1,14,27,40]",0.35,2.1,0.0,even_idm_leader_d02,0.2,acc,8.0,1.5,0,5.0,closed symmetric acceleration-command pulse,0.1,4,"[1,14,27,40]",111.0,jerk_saturation,5.0,-21.0,0,idm,[],60.0,0.2,even,192.41072719661653,-2.4674147529009502,0.16034227266384712,4.5,gap_lower,53.800000000000004,1.3233707376450474,34,5.000000000000004,gap_lower,-0.4988707376450474,53.300000000000004,34,6.349206349206349,4.2963007702629055,0.7,0.0,b2dbcd44d5ef960d,0.0,29,controller_comparison,0.0,24.0,20.0,4.5,100.19618457651165,20.0,7696.429087864662,41
40,4,"[1,14,27,40]",0.35,2.5,1.0,even_idm_leader_cmd04,0.4,margin,8.0,1.5,0,5.0,closed symmetric acceleration-command pulse,0.1,4,"[1,14,27,40]",1.0,jerk_saturation,5.0,-25.0,0,idm,[],60.0,0.2,even,7.2551437906096705,17.768573398377953,0.006045953158841392,2.5,gap_lower,8.5,0.3115713300811024,1,5.0,gap_lower,0.6226531178538599,7.2,1,0.35790496768155816,0.0,0.7,1.0,b2f12584afdaacc6,1.0,131,prediction_scope,1.0,24.0,20.0,0.1346254962060578,1.7049999999999272,0.499999999999968,290.20575162438683,41
40,4,"[19,20,21,22]",0.35,1.7,1.0,middle_idm_leader_d02,0.2,margin,8.0,1.5,0,5.0,closed symmetric acceleration-command pulse,0.1,4,"[19,20,21,22]",29.0,jerk_saturation,5.0,-17.0,0,idm,[],60.0,0.2,middle,29.445007082347207,-19.703537938627818,0.024537505901956004,4.5,gap_lower,38.6,2.1851768969313907,19,5.000000000000004,gap_lower,-1.1926505353707106,37.9,19,5.180784935281169,0.00026778641247664626,0.7,0.0,b324b6e8fa39c375,0.0,29,layout_comparison,0.0,24.0,20.0,4.5,27.438400216767718,12.428385782411361,1177.8002832938882,41
40,4,"[1,14,27,40]",0.35,0.0,1.0,even_idm_leader_d02,0.2,wave,8.0,1.5,0,5.0,closed symmetric acceleration-command pulse,0.1,4,"[1,14,27,40]",0.0,jerk,0.1,3.092860462114067e-16,6,idm,[],60.0,0.2,even,0.0,24.0,0.0,1.5331773592430868e-16,jerk,0.1,3.092860462114067e-16,6,1.5464302310570335e-15,acceleration_upper,0.9999999999999999,0.0,3,0.0,0.0,0.7,1.0,b344c6786ef8a189,1.0,97,controller_comparison,1.0,24.0,20.0,1.5464302310570336e-16,0.0,0.0,0.0,41
40,4,"[1,14,27,40]",0.35,0.0,1.0,even_idm_leader_d02,0.2,acc,8.0,1.5,0,5.0,closed symmetric acceleration-command pulse,0.1,4,"[1,14,27,40]",0.0,jerk,0.1,3.0840736763882177e-16,24,idm,[],60.0,0.2,even,0.0,24.0,0.0,1.4927216045054946e-16,jerk,0.1,3.0840736763882177e-16,24,1.5420368381941087e-15,acceleration_upper,0.9999999999999999,0.0,12,0.0,0.0,0.7,1.0,b347778002017f37,1.0,79,controller_comparison,1.0,24.0,20.0,1.5420368381941088e-16,0.0,0.0,0.0,41
40,0,[],0.35,1.5,0.0,even_idm_leader_d02,0.2,human,8.0,1.5,0,5.0,closed symmetric acceleration-command pulse,0.1,0,[],77.0,jerk_saturation,5.0,-15.0,0,idm,[],60.0,0.2,even,86.0257708874763,-2.3285977100872657,0.07168814240623025,4.5,gap_lower,45.400000000000006,1.3164298855043632,26,5.000000000000004,gap_lower,-0.491929885504363,44.900000000000006,26,8.88888888888889,2.232972329574805,0.7,0.0,b368537c997f4120,0.0,167,controller_comparison,0.0,24.0,20.0,4.5,78.98534866476467,20.0,3441.030835499052,41
40,4,"[1,14,27,40]",0.35,1.0,1.0,even_idm_leader_d02,0.2,margin,8.0,1.5,0,5.0,closed symmetric acceleration-command pulse,0.1,4,"[1,14,27,40]",1.0,jerk_saturation,5.0,-10.0,0,idm,[],60.0,0.2,even,3.7814630949060812,22.041091224490145,0.0031512192457550676,1.0,jerk,7.7,0.15796767347454377,1,5.0,gap_lower,0.8475557889641916,6.7,1,0.38330523773824393,0.0,0.7,1.0,b3b87e3444bb87e7,1.0,97,controller_comparison;layout_comparison;prediction_scope,1.0,24.0,20.0,0.15731936782485573,2.1480283483248286,0.41862275978431995,151.25852379624325,41
40,4,"[1,14,27,40]",0.35,1.8,0.0,even_idm_leader_d02,0.2,wave,8.0,1.5,0,5.0,closed symmetric acceleration-command pulse,0.1,4,"[1,14,27,40]",64.0,jerk_saturation,5.0,-18.0,0,idm,[],60.0,0.2,even,75.39948404530756,-17.977690443689795,0.06283290337108964,4.5,gap_lower,51.7,2.09888452218449,27,5.000000000000004,gap_lower,-1.1008044982542524,50.5,27,7.4074074074074066,2.6596390673353487,0.7,0.0,b3e3ebaeab51bc01,0.0,149,controller_comparison,0.0,24.0,20.0,4.5,84.42979999413109,20.0,3015.9793618123026,41
40,4,"[1,14,27,40]",0.35,2.5,1.0,even_idm_leader_d02,0.2,predictive,8.0,1.5,0,5.0,closed symmetric acceleration-command pulse,0.1,4,"[1,14,27,40]",1.0,jerk_saturation,5.0,-25.0,0,idm,[],60.0,0.2,even,5.450421743980792,17.44987155700528,0.004542018119983993,2.5,gap_lower,8.8,0.32750642214973597,1,5.0,gap_lower,0.616796615564511,7.0,1,0.2666430711583966,0.0,0.7,1.0,b43520739a18651e,1.0,131,controller_comparison,1.0,24.0,20.0,0.06250727803890503,2.1119517769709546,0.35292625380905207,218.01686975923167,41
40,4,"[1,14,27,40]",0.35,0.25,1.0,even_idm_internal8_d02,0.2,margin,8.0,1.5,8,5.0,closed symmetric acceleration-command pulse,0.1,4,"[1,14,27,40]",1.0,jerk_saturation,6.5,5.165997172085359,8,idm,[],60.0,0.2,even,0.053991741206307065,23.66196224145068,4.4993117671922554e-05,0.25,jerk,6.6000000000000005,1.0,8,5.0,acceleration_upper,0.774547009283689,7.2,8,0.8742235212860692,0.0,0.7,1.0,b4365f5cf6a27a6d,1.0,113,prediction_scope,1.0,24.0,20.0,6.394091296963081e-06,0.0001957739575573214,3.734869366311955e-05,2.1596696482522826,41
40,4,"[1,14,27,40]",0.35,2.1,1.0,even_idm_leader_d02,0.2,margin,8.0,1.5,0,5.0,closed symmetric acceleration-command pulse,0.1,4,"[1,14,27,40]",1.0,jerk_saturation,5.0,-21.0,0,idm,[],60.0,0.2,even,5.9851184218194,19.221536821795013,0.0049875986848495,2.1,gap_lower,8.200000000000001,0.23892315891024934,1,5.0,gap_lower,0.688120998403801,6.800000000000001,1,0.3173783908256328,0.0,0.7,1.0,b43f1c6e3ee4632c,1.0,61,controller_comparison;layout_comparison,1.0,24.0,20.0,0.13734864264490498,2.148000000000593,0.3999999999999915,239.404736872776,41
40,4,"[1,2,3,4]",0.35,1.7,1.0,front_idm_leader_d02,0.2,margin,8.0,1.5,0,5.0,closed symmetric acceleration-command pulse,0.1,4,"[1,2,3,4]",1.0,jerk_saturation,5.0,-17.0,0,idm,[],60.0,0.2,front,6.295934259210438,20.398261426893157,0.005246611882675365,1.7,jerk,6.1000000000000005,0.1949187838400666,1,5.0,gap_lower,0.7461541031193801,6.7,1,0.32347790797516185,3.945726470087542e-06,0.7,1.0,b470a37495329334,1.0,3,layout_comparison,1.0,24.0,20.0,0.035788204262249226,2.854250000015554,0.3948756152426611,251.8373703684175,41
80,8,"[1,12,24,35,46,57,69,80]",0.35,2.2,1.0,even_idm_leader_N80,0.2,margin,8.0,1.5,0,5.0,closed symmetric acceleration-command pulse,0.1,8,"[1,12,24,35,46,57,69,80]",1.0,jerk_saturation,5.0,-22.0,0,idm,[],60.0,0.2,even,3.148187675415845,18.90519299544539,0.0026234897295132043,2.2,gap_lower,8.4,0.2547403502277305,1,5.0,gap_lower,0.672686427431288,6.9,1,0.3181025637066063,0.0,0.7,1.0,b485e98a62c3d7de,1.0,149,chain_length_scope,1.0,24.0,20.0,0.08119098415494216,2.136500000000069,0.42499999999999005,251.8550140332676,81
40,4,"[1,14,27,40]",0.35,1.0,1.0,even_idm_leader_d02,0.2,acc,8.0,1.5,0,5.0,closed symmetric acceleration-command pulse,0.1,4,"[1,14,27,40]",1.0,jerk_saturation,5.0,-10.0,0,idm,[],60.0,0.2,even,2.414238624148619,22.156699141409035,0.002011865520123849,1.0,acceleration_upper,9.1,0.4260524990731095,1,5.0,acceleration_upper,0.5444537387124273,8.5,1,0.8778495915594012,0.0008701038419047791,0.7,1.0,b5146d8b9f513487,1.0,29,controller_comparison,1.0,24.0,20.0,0.08182868337060174,0.6405738214782275,0.31062849848552787,96.56954496594477,41
40,4,"[1,14,27,40]",0.35,0.25,1.0,even_idm_leader_d02,0.2,wave,8.0,1.5,0,5.0,closed symmetric acceleration-command pulse,0.1,4,"[1,14,27,40]",0.0,acceleration_upper,8.700000000000001,0.12363052410794312,1,idm,[],60.0,0.2,even,0.3584341863265654,23.63545048406307,0.00029869515527213784,0.25,acceleration_upper,8.700000000000001,0.12363052410794312,1,5.0,acceleration_upper,0.8602823717271342,8.200000000000001,1,0.7078878072353424,0.0001999795034919316,0.7,1.0,b5645cc54267e44f,1.0,47,controller_comparison,1.0,24.0,20.0,0.0031582864948161036,0.047992348441539434,0.01831913812485908,14.337367453062615,41
40,4,"[1,14,27,40]",0.35,1.5,1.0,even_idm_leader_d02,0.2,predictive,8.0,1.5,0,5.0,closed symmetric acceleration-command pulse,0.1,4,"[1,14,27,40]",1.0,jerk_saturation,5.0,-15.0,0,idm,[],60.0,0.2,even,2.3728708244361103,20.59906245446058,0.0019773923536967586,1.5,gap_lower,8.1,0.17004687727697104,1,5.0,gap_lower,0.7612126343801773,6.7,1,0.2222220090665543,0.0,0.7,1.0,b5be9c75eaa432a2,1.0,191,controller_comparison,1.0,24.0,20.0,0.004410635561879152,0.9021562793063254,0.14999999999999858,94.91483297744442,41
40,4,"[1,14,27,40]",0.35,1.9,0.0,even_idm_leader_d02,0.2,acc,8.0,1.5,0,5.0,closed symmetric acceleration-command pulse,0.1,4,"[1,14,27,40]",110.0,jerk_saturation,5.0,-18.999999999999996,0,idm,[],60.0,0.2,even,184.75651974723942,-2.300165994924754,0.15396376645603285,4.5,gap_lower,50.0,1.3150082997462378,31,5.000000000000004,gap_lower,-0.4905082997462378,49.5,31,7.017543859649123,4.6057761435203535,0.7,0.0,b5ed15a606c7b3c2,0.0,79,controller_comparison,0.0,24.0,20.0,4.5,87.67529080605186,20.0,7390.260789889577,41
20,2,"[1,20]",0.35,2.0,1.0,even_idm_leader_N20,0.2,predictive,8.0,1.5,0,5.0,closed symmetric acceleration-command pulse,0.1,2,"[1,20]",1.0,jerk_saturation,5.0,-20.0,0,idm,[],60.0,0.2,even,6.294026635011048,19.272922396420682,0.0052450221958425395,2.0,gap_lower,8.3,0.23635388017896589,1,5.0,gap_lower,0.6939790965800888,6.800000000000001,1,0.249984159893175,0.049999999999999524,0.7,1.0,b64f7d5b863ab4f1,1.0,97,chain_length_scope,1.0,24.0,20.0,0.013079971054351736,2.2962076319371363,0.14999999999999858,125.88053270022095,21
40,4,"[1,14,27,40]",0.35,1.0,1.0,even_idm_leader_d02,0.2,margin,8.0,1.5,0,5.0,closed symmetric acceleration-command pulse,0.1,4,"[1,14,27,40]",1.0,jerk_saturation,5.0,-10.0,0,idm,[],60.0,0.2,even,3.6760057498542684,22.041091224490145,0.0030633381248785572,1.0,jerk,7.7,0.15796767347454377,1,5.0,gap_lower,0.8475557889641916,6.7,1,0.38330523773824393,0.0,0.7,1.0,b65c3e1fdb220aec,1.0,29,controller_comparison;layout_comparison,1.0,24.0,20.0,0.16059729900210268,2.1334992048444974,0.41720963723441784,147.04022999417074,41
40,4,"[1,2,3,4]",0.35,1.7,1.0,front_idm_leader_d02,0.2,margin,8.0,1.5,0,5.0,closed symmetric acceleration-command pulse,0.1,4,"[1,2,3,4]",1.0,jerk_saturation,5.0,-17.0,0,idm,[],60.0,0.2,front,6.870081256674706,20.398261426893157,0.005725067713895589,1.7,jerk,6.1000000000000005,0.1949187838400666,1,5.0,gap_lower,0.7461541031193801,6.7,1,0.32347790797516185,3.956489028862017e-06,0.7,1.0,b664d37e67aa09e6,1.0,113,layout_comparison;prediction_scope,1.0,24.0,20.0,0.04798855934899125,2.854250000015554,0.4248665696520213,274.80325026698824,41
20,2,"[1,20]",0.35,0.0,1.0,even_idm_leader_N20,0.2,predictive,8.0,1.5,0,5.0,closed symmetric acceleration-command pulse,0.1,2,"[1,20]",0.0,jerk,0.1,3.038634963225178e-16,2,idm,[],60.0,0.2,even,0.0,24.0,0.0,1.4809356839139917e-16,jerk,0.1,3.038634963225178e-16,2,1.519317481612589e-15,acceleration_upper,0.9999999999999999,0.0,2,0.0,0.0,0.7,1.0,b672758a1a8e1b9c,1.0,113,chain_length_scope,1.0,24.0,20.0,1.519317481612589e-16,0.0,0.0,0.0,21
40,0,[],0.35,1.5,0.0,even_idm_leader_d02,0.2,human,8.0,1.5,0,5.0,closed symmetric acceleration-command pulse,0.1,0,[],90.0,jerk_saturation,5.0,-15.0,0,idm,[],60.0,0.2,even,117.77041971996466,-2.4302295198015003,0.09814201643330389,4.5,gap_lower,55.0,1.321511475990075,34,5.000000000000004,gap_lower,-0.4970114759900756,54.5,34,8.88888888888889,3.455051506939706,0.7,0.0,b6e6adaba086aa8d,0.0,61,controller_comparison,0.0,24.0,20.0,4.5,130.07470756417013,20.0,4710.8167887985865,41
20,2,"[1,20]",0.35,2.5,0.0,even_idm_leader_N20,0.2,wave,8.0,1.5,0,5.0,closed symmetric acceleration-command pulse,0.1,2,"[1,20]",50.0,jerk_saturation,5.0,-25.0,0,idm,[],60.0,0.2,even,227.4617721349768,-34.30723544473912,0.18955147677914735,4.5,gap_lower,54.5,2.915361772236956,20,5.000000000000004,gap_lower,-2.079571744501559,53.5,20,5.333333333333333,5.2716278414407185,0.7,0.0,b6e80379586b6dcd,0.0,167,chain_length_scope,0.0,24.0,20.0,1.2820693334274,98.4038476561218,18.376209514195995,4549.235442699536,21
40,4,"[1,14,27,40]",0.35,1.0,1.0,even_idm_leader_d02,0.2,wave,8.0,1.5,0,5.0,closed symmetric acceleration-command pulse,0.1,4,"[1,14,27,40]",1.0,jerk_saturation,5.0,-10.0,0,idm,[],60.0,0.2,even,1.9563966794617502,22.41719531546063,0.0016303305662181253,1.0,acceleration_upper,8.9,0.47616499802648427,1,5.0,acceleration_upper,0.4712842528868433,8.3,1,0.7636366299609705,0.0006925543555856469,0.7,1.0,b70fceae9be31f4e,1.0,3,controller_comparison,1.0,24.0,20.0,0.03063350943439534,0.26619818635094816,0.14876952450827474,78.25586717847001,41
40,4,"[1,14,27,40]",0.35,1.0,1.0,even_idm_leader_d02,0.2,margin,8.0,1.5,0,5.0,closed symmetric acceleration-command pulse,0.1,4,"[1,14,27,40]",1.0,jerk_saturation,5.0,-10.0,0,idm,[],60.0,0.2,even,3.7317204546075615,22.041091224490145,0.0031097670455063012,1.0,jerk,7.7,0.15796767347454377,1,5.0,gap_lower,0.8475557889641916,6.7,1,0.38330523773824393,0.0,0.7,1.0,b720f190fe7cf8f4,1.0,47,controller_comparison;layout_comparison,1.0,24.0,20.0,0.1102221469819042,2.144058736242073,0.39999999999982094,149.26881818430246,41
40,4,"[1,14,27,40]",0.35,1.9,1.0,even_ovm_leader_d02,0.2,margin,8.0,1.5,0,5.0,closed symmetric acceleration-command pulse,0.1,4,"[1,14,27,40]",2.0,jerk_saturation,5.0,-18.999999999999996,0,ovm,[],60.0,0.2,even,8.93839292379276,15.198406224810924,0.0074486607698273,1.9,gap_lower,55.800000000000004,0.4400796887594538,27,5.0,gap_lower,0.5533267599176439,54.7,27,0.9687885496438193,0.0,0.7,0.0,b753b0c4176f3285,1.0,191,prediction_scope,0.0,24.0,20.0,0.6271094943240196,8.13398512243549,1.7789830441714543,357.5357169517104,41
20,2,"[1,20]",0.35,1.0,1.0,even_idm_leader_N20,0.2,wave,8.0,1.5,0,5.0,closed symmetric acceleration-command pulse,0.1,2,"[1,20]",1.0,jerk_saturation,5.0,-10.0,0,idm,[],60.0,0.2,even,3.0174612728208685,22.41719531546063,0.002514551060684057,1.0,acceleration_upper,8.9,0.47616499802648427,1,5.0,acceleration_upper,0.4712842528868433,8.3,1,0.7636366299609705,0.24472888108253224,0.7,1.0,b754e767273b9ae3,1.0,167,chain_length_scope,1.0,24.0,20.0,0.0019561464417484926,0.0724786525803438,0.014915154221384341,60.34922545641737,21
40,4,"[1,14,27,40]",0.35,1.0,1.0,even_idm_leader_d02,0.2,predictive,8.0,1.5,0,5.0,closed symmetric acceleration-command pulse,0.1,4,"[1,14,27,40]",1.0,jerk_saturation,5.0,-10.0,0,idm,[],60.0,0.2,even,1.8289282073454411,21.882056486128107,0.0015241068394545344,1.0,jerk,11.200000000000001,0.14285753923608713,1,5.0,gap_lower,0.836886763385144,6.7,1,0.2333332177228229,0.0,0.7,1.0,b77a986e606decde,1.0,97,controller_comparison,1.0,24.0,20.0,0.20351639197953236,1.1585969387929254,0.12500000000001066,73.15712829381765,41
40,4,"[1,14,27,40]",0.35,2.1,1.0,even_idm_leader_d02,0.2,predictive,8.0,1.5,0,5.0,closed symmetric acceleration-command pulse,0.1,4,"[1,14,27,40]",1.0,jerk_saturation,5.0,-21.0,0,idm,[],60.0,0.2,even,3.84828672530047,18.931757248300926,0.0032069056044170584,2.1,gap_lower,8.5,0.25341213758495373,1,5.0,gap_lower,0.6797430717799526,6.9,1,0.2539482849633405,0.0,0.7,1.0,b78a19112beda873,1.0,191,controller_comparison,1.0,24.0,20.0,0.21679742284252312,1.3660121003892414,0.27122660802131904,153.9314690120188,41
40,4,"[1,14,27,40]",0.35,2.5,1.0,even_idm_leader_d02,0.2,margin,8.0,1.5,0,5.0,closed symmetric acceleration-command pulse,0.1,4,"[1,14,27,40]",1.0,jerk_saturation,5.0,-25.0,0,idm,[],60.0,0.2,even,7.482660495531386,17.940824239627887,0.006235550412942821,2.5,gap_lower,8.6,0.30295878801860565,1,5.0,gap_lower,0.6284722142964542,7.1000000000000005,1,0.33541960045531977,0.0,0.7,1.0,b7d503e29423d677,1.0,79,controller_comparison;layout_comparison,1.0,24.0,20.0,0.1353876481863907,1.9137499999919783,0.4427665453432468,299.3064198212554,41
20,2,"[1,20]",0.35,1.8,1.0,even_idm_leader_N20,0.2,predictive,8.0,1.5,0,5.0,closed symmetric acceleration-command pulse,0.1,2,"[1,20]",1.0,jerk_saturation,5.0,-18.0,0,idm,[],60.0,0.2,even,5.901983809040916,19.848370192974244,0.0049183198408674295,1.8,gap_lower,8.200000000000001,0.2075814903512878,1,5.0,gap_lower,0.7253314111035014,6.800000000000001,1,0.2425334448340403,0.0648148148148164,0.7,1.0,b80ae3704c015c73,1.0,149,chain_length_scope,1.0,24.0,20.0,0.020255830822721827,1.4545072537339365,0.17500000000000426,118.0396761808183,21
40,4,"[37,38,39,40]",0.35,1.0,1.0,rear_idm_leader_d02,0.2,margin,8.0,1.5,0,5.0,closed symmetric acceleration-command pulse,0.1,4,"[37,38,39,40]",1.0,jerk_saturation,5.0,-10.0,0,idm,[],60.0,0.2,rear,3.2243949050410747,22.25949510249943,0.0026869957542008955,1.0020519392468297,jerk,7.9,0.29557514566968024,1,5.0,acceleration_upper,0.7299356945474136,9.1,1,0.8336102780694693,0.0,0.7,1.0,b81b492d57b3e62d,1.0,11,layout_comparison,1.0,24.0,20.0,0.09465748558088176,0.7818137673151853,0.4407006264313864,128.975796201643,41
40,4,"[1,14,27,40]",0.35,0.0,1.0,even_idm_leader_d02,0.2,wave,8.0,1.5,0,5.0,closed symmetric acceleration-command pulse,0.1,4,"[1,14,27,40]",0.0,jerk,0.1,3.002655725429388e-16,18,idm,[],60.0,0.2,even,0.0,24.0,0.0,1.477107317951692e-16,jerk,0.1,3.002655725429388e-16,18,1.5013278627146939e-15,acceleration_upper,0.9999999999999999,0.0,16,0.0,0.0,0.7,1.0,b8e5b161ca20e934,1.0,29,controller_comparison,1.0,24.0,20.0,1.501327862714694e-16,0.0,0.0,0.0,41
40,4,"[1,14,27,40]",0.35,1.7,1.0,even_idm_leader_cmd0,0.0,margin,8.0,1.5,0,5.0,closed symmetric acceleration-command pulse,0.1,4,"[1,14,27,40]",1.0,jerk_saturation,5.0,-17.0,0,idm,[],60.0,0.2,even,5.126717883708994,20.532852342178046,0.004272264903090828,1.7,jerk,5.9,0.1949187838400666,1,5.0,gap_lower,0.7545714811833555,6.7,1,0.325019171604128,0.0,0.7,1.0,b8e952a7759941c1,1.0,149,prediction_scope,1.0,24.0,20.0,0.15889212828232474,2.6554999999909796,0.32499940184020915,205.06871534835977,41
80,8,"[1,12,24,35,46,57,69,80]",0.35,1.0,1.0,even_idm_leader_N80,0.2,wave,8.0,1.5,0,5.0,closed symmetric acceleration-command pulse,0.1,8,"[1,12,24,35,46,57,69,80]",1.0,jerk_saturation,5.0,-10.0,0,idm,[],60.0,0.2,even,0.9740252960184858,22.41719531546063,0.0008116877466820715,1.0,acceleration_upper,8.9,0.47616499802648427,1,5.0,acceleration_upper,0.4712842528868433,8.3,1,0.7636366299609705,0.0,0.7,1.0,b8e9d2ce20d08035,1.0,97,chain_length_scope,1.0,24.0,20.0,0.031302417761221266,0.28828758073620975,0.15735101485550018,77.92202368147886,81
40,4,"[1,14,27,40]",0.35,2.5,1.0,even_idm_leader_cmd0,0.0,margin,8.0,1.5,0,5.0,closed symmetric acceleration-command pulse,0.1,4,"[1,14,27,40]",1.0,jerk_saturation,5.0,-25.0,0,idm,[],60.0,0.2,even,7.416622858472072,17.943901265816777,0.006180519048726727,2.5,gap_lower,8.700000000000001,0.30280493670916114,1,5.0,gap_lower,0.6349762171695131,7.0,1,0.29333014016283887,0.0,0.7,1.0,b9098daeb89b58cd,1.0,97,prediction_scope,1.0,24.0,20.0,0.158892149811913,2.8599991957310067,0.4484572853445705,296.6649143388829,41
40,0,[],0.35,2.0,0.0,even_idm_leader_d02,0.2,human,8.0,1.5,0,5.0,closed symmetric acceleration-command pulse,0.1,0,[],128.0,jerk_saturation,5.0,-20.0,0,idm,[],60.0,0.2,even,237.98959059346606,-2.6040683127814077,0.19832465882788838,4.5,gap_lower,43.400000000000006,1.3302034156390703,26,5.000000000000004,gap_lower,-0.5057034156390694,42.900000000000006,26,6.666666666666667,4.719156112900905,0.7,0.0,b9737798c98952f9,0.0,97,controller_comparison,0.0,24.0,20.0,4.5,128.07025062671806,20.0,9519.583623738643,41
40,0,[],0.35,1.9,0.0,even_idm_leader_d02,0.2,human,8.0,1.5,0,5.0,closed symmetric acceleration-command pulse,0.1,0,[],112.0,jerk_saturation,5.0,-18.999999999999996,0,idm,[],60.0,0.2,even,187.06904042340219,-2.5451989008188463,0.1558908670195018,4.5,gap_lower,42.800000000000004,1.3272599450409424,25,5.000000000000004,gap_lower,-0.5027599450409417,42.300000000000004,25,7.017543859649123,3.849766106702882,0.7,0.0,b9782328afcffd0a,0.0,131,controller_comparison,0.0,24.0,20.0,4.5,116.07067421823899,20.0,7482.761616936087,41
40,4,"[1,14,27,40]",0.35,2.1,1.0,even_ovm_leader_d02,0.2,margin,8.0,1.5,0,5.0,closed symmetric acceleration-command pulse,0.1,4,"[1,14,27,40]",2.0,jerk_saturation,5.0,-21.0,0,ovm,[],60.0,0.2,even,8.597050746594274,16.962486575383934,0.007164208955495229,2.1,gap_lower,55.2,0.35187567123080327,27,5.0,gap_lower,0.6437168206154281,54.2,27,0.6948982907489258,0.0,0.7,0.0,b97bc9d8d4b3beab,1.0,149,prediction_scope,0.0,24.0,20.0,0.4055205454953323,6.154836215268688,1.450120926311108,343.882029863771,41
40,4,"[1,2,3,4]",0.35,0.0,1.0,front_idm_leader_d02,0.2,margin,8.0,1.5,0,5.0,closed symmetric acceleration-command pulse,0.1,4,"[1,2,3,4]",0.0,jerk,0.1,3.002655725429388e-16,18,idm,[],60.0,0.2,front,0.0,24.0,0.0,1.477107317951692e-16,jerk,0.1,3.002655725429388e-16,18,1.5013278627146939e-15,acceleration_upper,0.9999999999999999,0.0,16,0.0,0.0,0.7,1.0,b98c01996a646c86,1.0,29,layout_comparison,1.0,24.0,20.0,1.501327862714694e-16,0.0,0.0,0.0,41
40,4,"[1,14,27,40]",0.35,1.0,1.0,even_idm_internal8_d02,0.2,margin,8.0,1.5,8,5.0,closed symmetric acceleration-command pulse,0.1,4,"[1,14,27,40]",1.0,jerk_saturation,5.0,-10.0,8,idm,[],60.0,0.2,even,2.049929961009545,22.505170150595603,0.001708274967507954,0.9999999999999999,jerk,5.1000000000000005,1.0,8,5.0,acceleration_upper,0.17676827844916254,7.4,8,0.870128685322643,0.0,0.7,1.0,b9ee74b7e363a021,1.0,191,prediction_scope,1.0,24.0,20.0,0.21679742284314246,2.1804019409045736,0.23316445898537097,81.9971984403818,41
40,4,"[1,14,27,40]",0.35,2.0,0.0,even_idm_leader_d02,0.2,acc,8.0,1.5,0,5.0,closed symmetric acceleration-command pulse,0.1,4,"[1,14,27,40]",120.0,jerk_saturation,5.0,-20.0,0,idm,[],60.0,0.2,even,213.59075577529038,-2.516182699943414,0.17799229647940865,4.5,gap_lower,40.800000000000004,1.3258091349971708,24,5.000000000000004,gap_lower,-0.5013091349971701,40.300000000000004,24,6.666666666666667,4.922924436809996,0.7,0.0,ba185aa115050ae9,0.0,11,controller_comparison,0.0,24.0,20.0,4.5,112.12584757990464,20.0,8543.630231011615,41
40,4,"[1,14,27,40]",0.35,2.1,0.0,even_idm_leader_d02,0.2,wave,8.0,1.5,0,5.0,closed symmetric acceleration-command pulse,0.1,4,"[1,14,27,40]",103.0,jerk_saturation,5.0,-21.0,0,idm,[],60.0,0.2,even,165.2947125369052,-33.05696720838323,0.13774559378075432,4.5,gap_lower,60.0,2.8528483604191615,27,5.000000000000004,gap_lower,-2.0336265715398794,59.900000000000006,27,6.349206349206349,3.7174362462041337,0.7,0.0,ba58bd75272367e1,0.0,11,controller_comparison,0.0,24.0,20.0,4.5,98.7215877359298,20.0,6611.788501476208,41
40,4,"[1,14,27,40]",0.35,2.5,0.0,even_idm_internal8_d02,0.2,margin,8.0,1.5,8,5.0,closed symmetric acceleration-command pulse,0.1,4,"[1,14,27,40]",82.0,jerk_saturation,5.0,-25.0,8,idm,[],60.0,0.2,even,165.71331083542023,-93.42959495889326,0.13809442569618352,4.5,gap_lower,48.6,5.871479747944663,27,5.000000000000004,gap_lower,-4.979478651265684,46.2,27,5.333333333333333,4.280608352358205,0.7,0.0,bad96960504e76f3,0.0,167,prediction_scope,0.0,24.0,20.0,4.5,103.12966766892943,20.0,6628.532433416809,41
40,4,"[1,14,27,40]",0.35,0.25,1.0,even_idm_leader_d02,0.2,margin,8.0,1.5,0,5.0,closed symmetric acceleration-command pulse,0.1,4,"[1,14,27,40]",0.0,gap_lower,12.9,0.028125,1,idm,[],60.0,0.2,even,0.0,23.4375,0.0,0.25,gap_lower,12.9,0.028125,1,5.0,gap_lower,0.9535000000000021,6.7,1,0.0,0.0,0.7,1.0,baee1dcad494f13e,1.0,79,controller_comparison;layout_comparison,1.0,24.0,20.0,1.5420368381941088e-16,0.5625,0.0,0.0,41
40,4,"[19,20,21,22]",0.35,1.9,0.0,middle_idm_leader_d02,0.2,margin,8.0,1.5,0,5.0,closed symmetric acceleration-command pulse,0.1,4,"[19,20,21,22]",72.0,jerk_saturation,5.0,-18.999999999999996,0,idm,[],60.0,0.2,middle,110.0635633086584,-91.97558661173667,0.09171963609054867,4.5,gap_lower,47.1,5.798779330586834,19,5.000000000000004,gap_lower,-4.888689379869816,44.400000000000006,19,7.017543859649123,0.0009190111387649643,0.7,0.0,bb06661f0932cc2c,0.0,47,layout_comparison,0.0,24.0,20.0,4.5,97.14571671266947,20.0,4402.542532346336,41
40,0,[],0.35,2.1,0.0,even_idm_leader_d02,0.2,human,8.0,1.5,0,5.0,closed symmetric acceleration-command pulse,0.1,0,[],128.0,jerk_saturation,5.0,-21.0,0,idm,[],60.0,0.2,even,232.27242081839313,-2.518900214017208,0.1935603506819943,4.5,gap_lower,42.300000000000004,1.3259450107008603,25,5.000000000000004,gap_lower,-0.5014450107008603,41.800000000000004,25,6.349206349206349,4.137640497115412,0.7,0.0,bb0c5445f2ebd424,0.0,131,controller_comparison,0.0,24.0,20.0,4.5,119.59829544440663,20.0,9290.896832735725,41
20,2,"[1,20]",0.35,1.0,1.0,even_idm_leader_N20,0.2,predictive,8.0,1.5,0,5.0,closed symmetric acceleration-command pulse,0.1,2,"[1,20]",1.0,jerk_saturation,5.0,-10.0,0,idm,[],60.0,0.2,even,3.223100579450785,21.882056486128107,0.002685917149542321,1.0,jerk,11.200000000000001,0.14285753923608713,1,5.0,gap_lower,0.836886763385144,6.7,1,0.2333332177228229,0.08333333333334043,0.7,1.0,bb123ed00cea9140,1.0,97,chain_length_scope,1.0,24.0,20.0,0.20351639197953236,1.1585969387929254,0.12500000000001066,64.4620115890157,21
40,4,"[1,14,27,40]",0.35,0.0,1.0,even_ovm_leader_d02,0.2,margin,8.0,1.5,0,5.0,closed symmetric acceleration-command pulse,0.1,4,"[1,14,27,40]",0.0,jerk,0.1,6.909074522591419e-16,17,ovm,[],60.0,0.2,even,0.0,24.0,0.0,3.147545271820718e-16,jerk,0.1,6.909074522591419e-16,17,3.4545372612957096e-15,command_upper,0.9999999999999998,0.0,6,0.0,0.0,0.7,1.0,bb3aaa376fda51ed,1.0,113,prediction_scope,1.0,24.0,20.0,3.4545372612957096e-16,0.0,0.0,0.0,41
40,4,"[1,14,27,40]",0.35,2.1,1.0,even_idm_leader_d02,0.2,predictive,8.0,1.5,0,5.0,closed symmetric acceleration-command pulse,0.1,4,"[1,14,27,40]",1.0,jerk_saturation,5.0,-21.0,0,idm,[],60.0,0.2,even,3.8067256731309684,18.931757248300926,0.003172271394275807,2.1,gap_lower,8.5,0.25341213758495373,1,5.0,gap_lower,0.6797430717799526,6.9,1,0.26720899423907774,0.0,0.7,1.0,bb468e66900d6dcc,1.0,3,controller_comparison,1.0,24.0,20.0,0.21679742284252312,1.3216571122843561,0.20000000000000995,152.26902692523873,41
40,4,"[1,14,27,40]",0.35,1.5,1.0,even_idm_leader_d02,0.2,margin,8.0,1.5,0,5.0,closed symmetric acceleration-command pulse,0.1,4,"[1,14,27,40]",1.0,jerk_saturation,5.0,-15.0,0,idm,[],60.0,0.2,even,4.4227937691422765,20.903158065760977,0.0036856614742852307,1.5,jerk,6.2,0.18004402927351704,1,5.0,gap_lower,0.7739406906150658,6.7,1,0.34133460735243504,0.0,0.7,1.0,bb4f955247f92f4a,1.0,167,controller_comparison;layout_comparison;prediction_scope,1.0,24.0,20.0,0.20351639197953236,2.140000000000782,0.4083026289187117,176.91175076569107,41
40,4,"[19,20,21,22]",0.35,1.0,1.0,middle_idm_leader_d02,0.2,margin,8.0,1.5,0,5.0,closed symmetric acceleration-command pulse,0.1,4,"[19,20,21,22]",1.0,jerk_saturation,5.0,-10.0,0,idm,[],60.0,0.2,middle,3.4837150018037817,21.94147591668684,0.0029030958348364847,1.0,jerk,7.9,0.27947574127105923,1,5.0,acceleration_upper,0.7428828150777689,9.1,1,0.8066211531710318,3.037718461958624e-08,0.7,1.0,bb8525526e551c7e,1.0,113,layout_comparison;prediction_scope,1.0,24.0,20.0,0.21679742297741564,2.368271731885443,0.449999999999978,139.34860007215127,41
40,4,"[1,14,27,40]",0.35,0.25,1.0,even_idm_leader_d02,0.2,margin,8.0,1.5,0,5.0,closed symmetric acceleration-command pulse,0.1,4,"[1,14,27,40]",0.0,gap_lower,12.9,0.028125,1,idm,[],60.0,0.2,even,0.0,23.4375,0.0,0.25,gap_lower,12.9,0.028125,1,5.0,gap_lower,0.9535000000000021,6.7,1,0.0,0.0,0.7,1.0,bc08ee4fcb584173,1.0,47,controller_comparison;layout_comparison,1.0,24.0,20.0,1.5391286075856078e-16,0.5625,0.0,0.0,41
40,4,"[1,14,27,40]",0.35,0.25,1.0,even_idm_internal8_d02,0.2,margin,8.0,1.5,8,5.0,closed symmetric acceleration-command pulse,0.1,4,"[1,14,27,40]",1.0,jerk_saturation,6.5,5.174860602702833,8,idm,[],60.0,0.2,even,0.053451384866389395,23.67187554858039,4.454282072199116e-05,0.24999999999999986,jerk,6.6000000000000005,1.0,8,5.0,acceleration_upper,0.7694190233663014,7.2,8,0.8682683202810324,0.0,0.7,1.0,bc49f7a02498896d,1.0,167,prediction_scope,1.0,24.0,20.0,1.7939332186033318e-05,0.0015046722478473384,0.00016466656208180552,2.138055394655576,41
40,4,"[1,14,27,40]",0.35,2.5,1.0,even_idm_leader_d02,0.2,margin,8.0,1.5,0,5.0,closed symmetric acceleration-command pulse,0.1,4,"[1,14,27,40]",1.0,jerk_saturation,5.0,-25.0,0,idm,[],60.0,0.2,even,6.8468060410505815,17.940824239627887,0.005705671700875484,2.5,gap_lower,8.6,0.30295878801860565,1,5.0,gap_lower,0.6284722142964542,7.1000000000000005,1,0.3329445331574059,0.0,0.7,1.0,bc54da9dd4a53304,1.0,191,controller_comparison;layout_comparison;prediction_scope,1.0,24.0,20.0,0.21679742284252312,1.9137499999919783,0.42499999999999005,273.87224164202325,41
40,4,"[37,38,39,40]",0.35,2.5,0.0,rear_idm_leader_d02,0.2,margin,8.0,1.5,0,5.0,closed symmetric acceleration-command pulse,0.1,4,"[37,38,39,40]",136.0,jerk_saturation,5.0,-25.0,0,idm,[],60.0,0.2,rear,295.4528242900277,-57.15679689225331,0.24621068690835643,4.5,gap_lower,60.0,4.057839844612666,37,5.000000000000004,gap_lower,-3.538568297547593,59.900000000000006,37,5.333333333333333,0.16333522302864764,0.7,0.0,bcb742fda15e5885,0.0,149,layout_comparison;prediction_scope,0.0,24.0,20.0,4.5,168.3794745438903,20.0,11818.11297160111,41
80,8,"[1,12,24,35,46,57,69,80]",0.35,1.0,1.0,even_idm_leader_N80,0.2,predictive,8.0,1.5,0,5.0,closed symmetric acceleration-command pulse,0.1,8,"[1,12,24,35,46,57,69,80]",1.0,jerk_saturation,5.0,-10.0,0,idm,[],60.0,0.2,even,0.9037073303002142,21.882056486128107,0.0007530894419168452,1.0,jerk,11.200000000000001,0.14285753923608713,1,5.0,gap_lower,0.836886763385144,6.7,1,0.2382926398324372,0.0,0.7,1.0,bd141d0ff21ba8a7,1.0,191,chain_length_scope,1.0,24.0,20.0,0.20351639197953236,1.30889386235566,0.14315338409151934,72.29658642401714,81
40,4,"[19,20,21,22]",0.35,1.0,1.0,middle_idm_leader_d02,0.2,margin,8.0,1.5,0,5.0,closed symmetric acceleration-command pulse,0.1,4,"[19,20,21,22]",1.0,jerk_saturation,5.0,-10.0,0,idm,[],60.0,0.2,middle,2.706638530079953,22.18368176292347,0.002255532108399961,1.0701229690926455,jerk,7.9,0.3200852677257239,1,5.0,acceleration_upper,0.6915083214230677,9.1,1,0.8940192998843154,7.105427357601002e-15,0.7,1.0,bd2b132f9ad425ea,1.0,191,layout_comparison;prediction_scope,1.0,24.0,20.0,0.2262838734589451,2.45295772091049,0.42499999999999005,108.26554120319813,41
40,0,[],0.35,2.1,0.0,even_idm_leader_d02,0.2,human,8.0,1.5,0,5.0,closed symmetric acceleration-command pulse,0.1,0,[],137.0,jerk_saturation,5.0,-21.0,0,idm,[],60.0,0.2,even,271.80127032497467,-2.7083265912852426,0.22650105860414554,4.5,gap_lower,29.200000000000003,1.335416329564262,15,5.000000000000004,gap_lower,-0.5109163295642618,28.700000000000003,15,6.349206349206349,4.882689087362197,0.7,0.0,bd40e64faac5d81a,0.0,149,controller_comparison,0.0,24.0,20.0,4.5,129.75049040698514,20.0,10872.050812998987,41
40,4,"[1,14,27,40]",0.35,0.0,1.0,even_idm_leader_d02,0.2,acc,8.0,1.5,0,5.0,closed symmetric acceleration-command pulse,0.1,4,"[1,14,27,40]",0.0,jerk,0.1,3.0868044401493493e-16,5,idm,[],60.0,0.2,even,0.0,24.0,0.0,1.5431316168805067e-16,jerk,0.1,3.0868044401493493e-16,5,1.5434022200746747e-15,acceleration_upper,0.9999999999999999,0.0,2,0.0,0.0,0.7,1.0,bd46b91a1e282272,1.0,167,controller_comparison,1.0,24.0,20.0,1.543402220074675e-16,0.0,0.0,0.0,41
20,2,"[1,20]",0.35,0.0,1.0,even_idm_leader_N20,0.2,predictive,8.0,1.5,0,5.0,closed symmetric acceleration-command pulse,0.1,2,"[1,20]",0.0,jerk,0.1,3.078502823138461e-16,7,idm,[],60.0,0.2,even,0.0,24.0,0.0,1.2990403960446745e-16,jerk,0.1,3.078502823138461e-16,7,1.5392514115692306e-15,acceleration_upper,0.9999999999999999,0.0,4,0.0,0.0,0.7,1.0,bd603ee11885c2d0,1.0,191,chain_length_scope,1.0,24.0,20.0,1.5392514115692307e-16,0.0,0.0,0.0,21
40,4,"[1,14,27,40]",0.35,1.5,1.0,even_idm_leader_d02,0.2,wave,8.0,1.5,0,5.0,closed symmetric acceleration-command pulse,0.1,4,"[1,14,27,40]",1.0,jerk_saturation,5.0,-15.0,0,idm,[],60.0,0.2,even,4.864037325801583,21.27361413294848,0.004053364438167986,1.5,acceleration_upper,9.0,0.6910652464529088,1,5.0,acceleration_upper,0.2408760651583718,8.4,1,0.8359616385079186,0.0018752422709395786,0.7,1.0,bd74b9c0d3d15a11,1.0,149,controller_comparison,1.0,24.0,20.0,0.10831400721970345,0.8537707146671778,0.4831678003741047,194.5614930320633,41
40,4,"[1,2,3,4]",0.35,1.8,1.0,front_idm_leader_d02,0.2,margin,8.0,1.5,0,5.0,closed symmetric acceleration-command pulse,0.1,4,"[1,2,3,4]",1.0,jerk_saturation,5.0,-18.0,0,idm,[],60.0,0.2,front,6.693347434765289,20.118271619165995,0.005577789528971074,1.8,jerk,6.1000000000000005,0.1949187838400666,1,5.0,gap_lower,0.7314541031193812,6.7,1,0.3239786377755459,2.307299141869458e-06,0.7,1.0,bdc1ce17e022232f,1.0,61,layout_comparison,1.0,24.0,20.0,0.20351639197953236,2.972280225506438,0.4123763852099316,267.73389739061156,41
40,4,"[1,14,27,40]",0.35,2.1,1.0,even_idm_leader_cmd04,0.4,margin,8.0,1.5,0,5.0,closed symmetric acceleration-command pulse,0.1,4,"[1,14,27,40]",1.0,jerk_saturation,5.0,-21.0,0,idm,[],60.0,0.2,even,5.755938349896989,19.164326437784013,0.004796615291580824,2.1,gap_lower,8.1,0.24178367811079937,1,5.0,gap_lower,0.6828209984038016,7.0,1,0.36259899702053916,0.0,0.7,1.0,bde3c9202c570170,1.0,167,prediction_scope,1.0,24.0,20.0,0.23305990960969744,2.0051758164086095,0.4749999999858403,230.23753399587957,41
40,4,"[1,14,27,40]",0.35,1.7,0.0,even_idm_leader_d02,0.2,acc,8.0,1.5,0,5.0,closed symmetric acceleration-command pulse,0.1,4,"[1,14,27,40]",92.0,jerk_saturation,5.0,-17.0,0,idm,[],60.0,0.2,even,139.27962370249858,-2.4332878793002806,0.11606635308541549,4.5,gap_lower,54.300000000000004,1.3216643939650141,34,5.000000000000004,gap_lower,-0.4971643939650144,53.800000000000004,34,7.843137254901961,4.213025252093845,0.7,0.0,bdfcac8ce633a43f,0.0,61,controller_comparison,0.0,24.0,20.0,4.5,92.10092282348268,20.0,5571.1849480999435,41
40,0,[],0.35,1.7,0.0,even_idm_leader_d02,0.2,human,8.0,1.5,0,5.0,closed symmetric acceleration-command pulse,0.1,0,[],82.0,jerk_saturation,5.0,-17.0,0,idm,[],60.0,0.2,even,102.57620183257056,-2.3123736728437763,0.0854801681938088,4.5,gap_lower,49.1,1.3156186836421888,29,5.000000000000004,gap_lower,-0.49111868364218925,48.6,29,7.843137254901961,2.1642093864127396,0.7,0.0,be1d2c083c3518f1,0.0,191,controller_comparison,0.0,24.0,20.0,4.5,93.41407565818321,20.0,4103.048073302823,41
40,0,[],0.35,0.25,1.0,even_idm_leader_d02,0.2,human,8.0,1.5,0,5.0,closed symmetric acceleration-command pulse,0.1,0,[],0.0,acceleration_upper,8.9,0.08002398531623939,1,idm,[],60.0,0.2,even,0.37348527474782345,23.591234801991533,0.00031123772895651957,0.25,acceleration_upper,8.9,0.08002398531623939,1,5.0,acceleration_upper,0.922330228799348,8.9,1,0.6839460072066382,0.00014490704094782814,0.7,1.0,be2970c40152d843,1.0,3,controller_comparison,1.0,24.0,20.0,0.0057821846162059995,0.05339017964956838,0.029415216096754904,14.939410989912938,41
20,2,"[1,20]",0.35,1.5,1.0,even_idm_leader_N20,0.2,wave,8.0,1.5,0,5.0,closed symmetric acceleration-command pulse,0.1,2,"[1,20]",1.0,jerk_saturation,5.0,-15.0,0,idm,[],60.0,0.2,even,5.775529375311725,21.546420964520223,0.004812941146093105,1.5,acceleration_upper,9.0,0.6910652464529088,1,5.0,acceleration_upper,0.2408760651583718,8.4,1,0.7855481259587296,0.3862006754169253,0.7,1.0,be3c9233be173d73,1.0,131,chain_length_scope,1.0,24.0,20.0,0.00283729491462807,0.09477612912417044,0.04322810806596067,115.51058750623451,21
40,0,[],0.35,2.0,0.0,even_idm_leader_d02,0.2,human,8.0,1.5,0,5.0,closed symmetric acceleration-command pulse,0.1,0,[],124.0,jerk_saturation,5.0,-20.0,0,idm,[],60.0,0.2,even,220.49959451962977,-2.4639526511293752,0.18374966209969149,4.5,gap_lower,53.800000000000004,1.3231976325564687,34,5.000000000000004,gap_lower,-0.49869763255646865,53.300000000000004,34,6.666666666666667,4.495966690211641,0.7,0.0,be472d580050415e,0.0,29,controller_comparison,0.0,24.0,20.0,4.5,104.44185030771973,20.0,8819.98378078519,41
40,4,"[1,2,3,4]",0.35,2.1,1.0,front_idm_leader_d02,0.2,margin,8.0,1.5,0,5.0,closed symmetric acceleration-command pulse,0.1,4,"[1,2,3,4]",1.0,jerk_saturation,5.0,-21.0,0,idm,[],60.0,0.2,front,6.99076603366518,19.221536821795013,0.00582563836138765,2.1,gap_lower,8.200000000000001,0.23892315891024934,1,5.0,gap_lower,0.688120998403801,6.800000000000001,1,0.3173783908256328,2.4111162280142082e-06,0.7,1.0,be5d5ee2cd7fe2f8,1.0,167,layout_comparison;prediction_scope,1.0,24.0,20.0,0.07864893041554483,2.3587499999998727,0.4319478592992887,279.6306413466072,41
20,2,"[1,20]",0.35,1.0,1.0,even_idm_leader_N20,0.2,predictive,8.0,1.5,0,5.0,closed symmetric acceleration-command pulse,0.1,2,"[1,20]",1.0,jerk_saturation,5.0,-10.0,0,idm,[],60.0,0.2,even,3.3092830972054763,21.882056486128107,0.002757735914337897,1.0,jerk,11.200000000000001,0.14285753923608713,1,5.0,gap_lower,0.836886763385144,6.7,1,0.2333332177228229,0.08333333333334043,0.7,1.0,be6aa96c65bb2889,1.0,131,chain_length_scope,1.0,24.0,20.0,0.20351639197953236,1.1585969387929254,0.12500000000001066,66.18566194410953,21
40,4,"[1,14,27,40]",0.35,1.9,1.0,even_idm_leader_d02,0.2,wave,8.0,1.5,0,5.0,closed symmetric acceleration-command pulse,0.1,4,"[1,14,27,40]",1.0,jerk_saturation,5.0,-18.999999999999996,0,idm,[],60.0,0.2,even,5.5793837473782,20.823451760901804,0.0046494864561485005,1.9,acceleration_upper,9.0,0.8477208482227265,1,5.0,acceleration_upper,0.07411693483535109,8.5,1,0.7994073073266145,0.0006505763486804502,0.7,1.0,be9040d1ff01357a,1.0,191,controller_comparison,1.0,24.0,20.0,0.1053789103253637,0.9396498118273939,0.4756212981184902,223.17534989512802,41
40,4,"[1,2,3,4]",0.35,0.25,1.0,front_idm_leader_d02,0.2,margin,8.0,1.5,0,5.0,closed symmetric acceleration-command pulse,0.1,4,"[1,2,3,4]",0.0,gap_lower,12.9,0.028125,1,idm,[],60.0,0.2,front,0.0,23.4375,0.0,0.25,gap_lower,12.9,0.028125,1,5.0,gap_lower,0.9535000000000021,6.7,1,0.0,0.0,0.7,1.0,bec10a69f714c5ee,1.0,149,layout_comparison;prediction_scope,1.0,24.0,20.0,1.5387896672963254e-16,0.5625,0.0,0.0,41
40,4,"[1,14,27,40]",0.35,1.7,1.0,even_idm_leader_cmd0,0.0,margin,8.0,1.5,0,5.0,closed symmetric acceleration-command pulse,0.1,4,"[1,14,27,40]",1.0,jerk_saturation,5.0,-17.0,0,idm,[],60.0,0.2,even,4.807004905621314,20.532852342178046,0.004005837421351095,1.7,jerk,5.9,0.1949187838400666,1,5.0,gap_lower,0.7545714811833555,6.7,1,0.3039147381425787,0.0,0.7,1.0,beff7f2774f31fe9,1.0,191,prediction_scope,1.0,24.0,20.0,0.059054891141904424,2.6554999999909796,0.31092369015774324,192.28019622485255,41
40,4,"[1,14,27,40]",0.35,2.0,1.0,even_idm_leader_cmd0,0.0,margin,8.0,1.5,0,5.0,closed symmetric acceleration-command pulse,0.1,4,"[1,14,27,40]",1.0,jerk_saturation,5.0,-20.0,0,idm,[],60.0,0.2,even,5.798763552733712,19.702188065488627,0.004832302960611427,2.0,jerk,5.800000000000001,0.2157434402332361,1,5.0,gap_lower,0.71213316245092,6.800000000000001,1,0.2916611877818802,0.0,0.7,1.0,bf12465b7f58e3db,1.0,131,prediction_scope,1.0,24.0,20.0,0.15889212973890862,2.35124999999357,0.37478854021777863,231.9505421093485,41
40,0,[],0.35,1.5,0.0,even_idm_leader_d02,0.2,human,8.0,1.5,0,5.0,closed symmetric acceleration-command pulse,0.1,0,[],56.0,jerk_saturation,5.0,-15.0,0,idm,[],60.0,0.2,even,52.118823148800615,-1.7916413536287337,0.04343235262400052,4.5,gap_lower,51.300000000000004,1.2895820676814367,30,5.000000000000004,gap_lower,-0.46508206768143606,50.800000000000004,30,8.88888888888889,1.1230967730200487,0.7,0.0,bf3612e66559fed5,0.0,3,controller_comparison,0.0,24.0,20.0,4.5,57.94742571600801,20.0,2084.7529259520247,41
80,8,"[1,12,24,35,46,57,69,80]",0.35,1.8,1.0,even_idm_leader_N80,0.2,wave,8.0,1.5,0,5.0,closed symmetric acceleration-command pulse,0.1,8,"[1,12,24,35,46,57,69,80]",2.0,jerk_saturation,5.0,-18.0,0,idm,[],60.0,0.2,even,3.560951306663116,21.01273272579344,0.0029674594222192634,1.8,acceleration_upper,9.0,0.8108967007441591,1,5.0,acceleration_upper,0.1154448318353769,8.5,1,0.7942805054877989,0.0,0.7,0.0,bf9b82fb2bc265da,1.0,97,chain_length_scope,0.0,24.0,20.0,0.3075871171712478,1.788425229264078,1.1609078935948354,284.8761045330493,81
80,8,"[1,12,24,35,46,57,69,80]",0.35,0.25,1.0,even_idm_leader_N80,0.2,wave,8.0,1.5,0,5.0,closed symmetric acceleration-command pulse,0.1,8,"[1,12,24,35,46,57,69,80]",0.0,acceleration_upper,8.700000000000001,0.12363052410794312,1,idm,[],60.0,0.2,even,0.1808206750264471,23.63545048406307,0.0001506838958553726,0.25,acceleration_upper,8.700000000000001,0.12363052410794312,1,5.0,acceleration_upper,0.8602823717271342,8.200000000000001,1,0.7078878072353424,0.0,0.7,1.0,c0288465efe0e5fa,1.0,113,chain_length_scope,1.0,24.0,20.0,0.0034529808243909626,0.0437392988302463,0.018274495401453095,14.46565400211577,81
40,4,"[1,2,3,4]",0.35,1.8,1.0,front_idm_leader_d02,0.2,margin,8.0,1.5,0,5.0,closed symmetric acceleration-command pulse,0.1,4,"[1,2,3,4]",1.0,jerk_saturation,5.0,-18.0,0,idm,[],60.0,0.2,front,6.613503515855934,20.118271619165995,0.005511252929879944,1.8,jerk,6.1000000000000005,0.1949187838400666,1,5.0,gap_lower,0.7314541031193812,6.7,1,0.3239786377755459,3.5251402547626435e-06,0.7,1.0,c0df3b5ef563219d,1.0,29,layout_comparison,1.0,24.0,20.0,0.20351639197953236,2.972280225506438,0.40770934597881947,264.54014063423733,41
40,4,"[1,2,3,4]",0.35,0.0,1.0,front_idm_leader_d02,0.2,margin,8.0,1.5,0,5.0,closed symmetric acceleration-command pulse,0.1,4,"[1,2,3,4]",0.0,jerk,0.1,3.077579334592651e-16,16,idm,[],60.0,0.2,front,0.0,24.0,0.0,1.5387896672963254e-16,jerk,0.1,3.077579334592651e-16,16,1.5387896672963253e-15,acceleration_upper,0.9999999999999999,0.0,10,0.0,0.0,0.7,1.0,c15d247521c121d7,1.0,149,layout_comparison;prediction_scope,1.0,24.0,20.0,1.5387896672963254e-16,0.0,0.0,0.0,41
40,4,"[19,20,21,22]",0.35,2.1,0.0,middle_idm_leader_d02,0.2,margin,8.0,1.5,0,5.0,closed symmetric acceleration-command pulse,0.1,4,"[19,20,21,22]",101.0,jerk_saturation,5.0,-21.0,0,idm,[],60.0,0.2,middle,177.3652996686479,-101.50438692706388,0.14780441639053993,4.5,gap_lower,55.1,6.275219346353194,19,5.000000000000004,gap_lower,-5.438699080726644,53.900000000000006,19,6.349206349206349,0.0015310531669504666,0.7,0.0,c1a9bd4a79098760,0.0,149,layout_comparison;prediction_scope,0.0,24.0,20.0,4.5,129.75049040698514,20.0,7094.6119867459165,41
80,8,"[1,12,24,35,46,57,69,80]",0.35,2.5,0.0,even_idm_leader_N80,0.2,wave,8.0,1.5,0,5.0,closed symmetric acceleration-command pulse,0.1,8,"[1,12,24,35,46,57,69,80]",118.0,jerk_saturation,5.0,-25.0,0,idm,[],60.0,0.2,even,107.4482841014152,-34.45164784912164,0.08954023675117934,4.5,gap_lower,60.0,2.922582392456082,24,5.000000000000004,gap_lower,-2.09411220547351,59.900000000000006,24,5.333333333333333,0.0,0.7,0.0,c1b7dda1a9f22a48,0.0,167,chain_length_scope,0.0,24.0,20.0,4.5,70.18625100473298,20.0,8595.862728113216,81
40,4,"[1,14,27,40]",0.35,1.5,1.0,even_idm_leader_cmd0,0.0,margin,8.0,1.5,0,5.0,closed symmetric acceleration-command pulse,0.1,4,"[1,14,27,40]",1.0,jerk_saturation,5.0,-15.0,0,idm,[],60.0,0.2,even,4.618522760964868,21.017591806340647,0.003848768967470723,1.5,jerk,6.0,0.18004402927351704,1,5.0,gap_lower,0.7820105564362583,6.7,1,0.3320208632210735,0.0,0.7,1.0,c1dc5e389c9b60e1,1.0,149,prediction_scope,1.0,24.0,20.0,0.12244897959525461,2.3037499999927604,0.3015401825381474,184.7409104385947,41
40,4,"[1,14,27,40]",0.35,0.0,1.0,even_idm_leader_d02,0.2,acc,8.0,1.5,0,5.0,closed symmetric acceleration-command pulse,0.1,4,"[1,14,27,40]",0.0,jerk,0.1,5.669712742983465e-16,30,idm,[],60.0,0.2,even,0.0,24.0,0.0,1.519317481612589e-16,jerk,0.1,5.669712742983465e-16,30,2.8348563714917324e-15,command_upper,0.9999999999999998,0.0,30,0.0,0.0,0.7,1.0,c2007ea729af4df5,1.0,113,controller_comparison,1.0,24.0,20.0,2.8348563714917324e-16,0.0,0.0,0.0,41
40,4,"[1,14,27,40]",0.35,1.0,1.0,even_idm_leader_cmd04,0.4,margin,8.0,1.5,0,5.0,closed symmetric acceleration-command pulse,0.1,4,"[1,14,27,40]",1.0,jerk_saturation,5.0,-10.0,0,idm,[],60.0,0.2,even,3.0623324775388476,21.96675522775942,0.002551943731282373,1.0,jerk,6.7,0.1618300440899868,1,5.0,gap_lower,0.8437995695711498,6.7,1,0.4289121016803463,0.0,0.7,1.0,c23b1db5a27c7fd3,1.0,191,prediction_scope,1.0,24.0,20.0,0.23305990512467745,1.8697067085832941,0.44999998343848446,122.4932991015539,41
40,4,"[1,14,27,40]",0.35,0.25,1.0,even_idm_leader_d02,0.2,wave,8.0,1.5,0,5.0,closed symmetric acceleration-command pulse,0.1,4,"[1,14,27,40]",0.0,acceleration_upper,8.700000000000001,0.12363052410794312,1,idm,[],60.0,0.2,even,0.35452432969447023,23.63545048406307,0.00029543694141205855,0.25,acceleration_upper,8.700000000000001,0.12363052410794312,1,5.0,acceleration_upper,0.8602823717271342,8.200000000000001,1,0.7078878072353424,0.0003817098474598879,0.7,1.0,c296af5bdf2634ef,1.0,3,controller_comparison,1.0,24.0,20.0,0.003445468946454313,0.04589656078530879,0.018281180131218377,14.18097318777881,41
40,4,"[37,38,39,40]",0.35,2.1,0.0,rear_idm_leader_d02,0.2,margin,8.0,1.5,0,5.0,closed symmetric acceleration-command pulse,0.1,4,"[37,38,39,40]",123.0,jerk_saturation,5.0,-21.0,0,idm,[],60.0,0.2,rear,246.35422698834026,-55.198227363105076,0.20529518915695022,4.5,gap_lower,60.0,3.959911368155254,37,5.000000000000004,gap_lower,-3.447463869356514,59.900000000000006,37,6.349206349206349,0.17857583786049674,0.7,0.0,c2d8599f0ec1a013,0.0,47,layout_comparison,0.0,24.0,20.0,4.5,137.49962044435586,20.0,9854.16907953361,41
40,4,"[1,14,27,40]",0.35,0.25,1.0,even_idm_leader_cmd0,0.0,margin,8.0,1.5,0,5.0,closed symmetric acceleration-command pulse,0.1,4,"[1,14,27,40]",0.0,gap_lower,12.9,0.028125,1,idm,[],60.0,0.2,even,0.0,23.4375,0.0,0.25,gap_lower,12.9,0.028125,1,5.0,gap_lower,0.9535000000000021,6.7,1,0.0,0.0,0.7,1.0,c2e7a666e828aad4,1.0,113,prediction_scope,1.0,24.0,20.0,2.8348563714917324e-16,0.5625,0.0,0.0,41
40,4,"[19,20,21,22]",0.35,1.0,1.0,middle_idm_leader_d02,0.2,margin,8.0,1.5,0,5.0,closed symmetric acceleration-command pulse,0.1,4,"[19,20,21,22]",1.0,jerk_saturation,5.0,-10.0,0,idm,[],60.0,0.2,middle,3.0431218576371215,22.192689592625925,0.002535934881364268,1.0228703202101725,jerk,7.9,0.3029398899398116,1,5.0,acceleration_upper,0.7118406433459226,9.1,1,0.8537349307289711,1.236581207801161e-11,0.7,1.0,c3550f9894e3bb5b,1.0,29,layout_comparison,1.0,24.0,20.0,0.2167974228425863,2.4692671576151497,0.449999999999978,121.72487430548486,41
40,4,"[19,20,21,22]",0.35,2.5,0.0,middle_idm_leader_d02,0.2,margin,8.0,1.5,0,5.0,closed symmetric acceleration-command pulse,0.1,4,"[19,20,21,22]",109.0,jerk_saturation,5.0,-25.0,0,idm,[],60.0,0.2,middle,198.74713567346197,-102.58550358157916,0.1656226130612183,4.5,gap_lower,57.7,6.329275179078958,19,5.000000000000004,gap_lower,-5.492551508197156,56.5,19,5.333333333333333,0.0015630464176174049,0.7,0.0,c3bd30370b0d8a9d,0.0,11,layout_comparison,0.0,24.0,20.0,4.5,126.58550358157916,20.0,7949.885426938479,41
40,4,"[1,14,27,40]",0.35,1.0,1.0,even_idm_leader_d02,0.2,predictive,8.0,1.5,0,5.0,closed symmetric acceleration-command pulse,0.1,4,"[1,14,27,40]",1.0,jerk_saturation,5.0,-10.0,0,idm,[],60.0,0.2,even,1.9779247399074726,21.882056486128107,0.0016482706165895605,1.0,jerk,11.200000000000001,0.14285753923608713,1,5.0,gap_lower,0.836886763385144,6.7,1,0.2333332177228229,0.0,0.7,1.0,c45b1d475a72744e,1.0,113,controller_comparison,1.0,24.0,20.0,0.20351639197953236,1.1585969387929254,0.1457850403903045,79.11698959629891,41
40,4,"[1,14,27,40]",0.35,2.0,1.0,even_idm_leader_d02,0.2,margin,8.0,1.5,0,5.0,closed symmetric acceleration-command pulse,0.1,4,"[1,14,27,40]",1.0,jerk_saturation,5.0,-20.0,0,idm,[],60.0,0.2,even,5.334121649879431,19.56003271057392,0.004445101374899526,2.0,gap_lower,8.1,0.22199836447130394,1,5.0,gap_lower,0.7028209984038035,6.800000000000001,1,0.3165806789364443,0.0,0.7,1.0,c460b38337dcc123,1.0,191,controller_comparison;layout_comparison;prediction_scope,1.0,24.0,20.0,0.0964966485124388,2.3075000000003456,0.3999999999999062,213.36486599517724,41
40,4,"[37,38,39,40]",0.35,0.25,1.0,rear_idm_leader_d02,0.2,margin,8.0,1.5,0,5.0,closed symmetric acceleration-command pulse,0.1,4,"[37,38,39,40]",0.0,acceleration_upper,8.9,0.08939207863011335,1,idm,[],60.0,0.2,rear,0.38585253213896753,23.598827532064817,0.0003215437767824729,0.25,acceleration_upper,8.9,0.08939207863011335,1,5.0,acceleration_upper,0.9131947058832561,8.9,1,0.742536747692308,0.0,0.7,1.0,c482c0701102c2e7,1.0,79,layout_comparison,1.0,24.0,20.0,0.007114859798563741,0.06756446730543075,0.03270760497555969,15.4341012855587,41
40,0,[],0.35,2.0,0.0,even_idm_leader_d02,0.2,human,8.0,1.5,0,5.0,closed symmetric acceleration-command pulse,0.1,0,[],132.0,jerk_saturation,5.0,-20.0,0,idm,[],60.0,0.2,even,247.80659482784426,-2.5352381201182084,0.20650549568987023,4.5,gap_lower,40.800000000000004,1.3267619060059104,24,5.000000000000004,gap_lower,-0.5022619060059104,40.300000000000004,24,6.666666666666667,4.869123036457,0.7,0.0,c4e768f677873482,0.0,11,controller_comparison,0.0,24.0,20.0,4.5,135.14620317294435,20.0,9912.26379311377,41
40,0,[],0.35,1.7,0.0,even_idm_leader_d02,0.2,human,8.0,1.5,0,5.0,closed symmetric acceleration-command pulse,0.1,0,[],102.0,jerk_saturation,5.0,-17.0,0,idm,[],60.0,0.2,even,157.0267777633706,-2.628960647380751,0.13085564813614217,4.5,gap_lower,44.300000000000004,1.3314480323690376,26,5.000000000000004,gap_lower,-0.5069480323690375,43.800000000000004,26,7.843137254901961,4.098053084873427,0.7,0.0,c502387e29d5fdcb,0.0,97,controller_comparison,0.0,24.0,20.0,4.5,82.03718222234852,20.0,6281.071110534824,41
40,4,"[1,14,27,40]",0.35,1.8,0.0,even_idm_leader_d02,0.2,wave,8.0,1.5,0,5.0,closed symmetric acceleration-command pulse,0.1,4,"[1,14,27,40]",57.0,jerk_saturation,5.0,-18.0,0,idm,[],60.0,0.2,even,56.92968516041898,-3.8069188054899996,0.04744140430034915,4.5,gap_lower,49.400000000000006,1.3903459402745,27,5.000000000000004,gap_lower,-0.49915355950119905,58.800000000000004,37,7.4074074074074066,2.0040920284388974,0.7,0.0,c5fa186d1c3a2f6a,0.0,113,controller_comparison,0.0,24.0,20.0,4.5,51.51977243531843,20.0,2277.187406416759,41
40,4,"[19,20,21,22]",0.35,2.0,0.0,middle_idm_leader_d02,0.2,margin,8.0,1.5,0,5.0,closed symmetric acceleration-command pulse,0.1,4,"[19,20,21,22]",86.0,jerk_saturation,5.0,-20.0,0,idm,[],60.0,0.2,middle,137.55836457682344,-98.60867630032382,0.1146319704806862,4.5,gap_lower,51.0,6.1304338150161914,19,5.000000000000002,gap_lower,-5.284591686453286,49.400000000000006,19,6.666666666666667,0.0009631828357505867,0.7,0.0,c617c0a8975f418c,0.0,167,layout_comparison;prediction_scope,0.0,24.0,20.0,4.5,112.9289082806811,20.0,5502.334583072938,41
40,4,"[1,14,27,40]",0.35,1.7,1.0,even_idm_internal8_d02,0.2,margin,8.0,1.5,8,5.0,closed symmetric acceleration-command pulse,0.1,4,"[1,14,27,40]",2.0,jerk_saturation,5.0,-17.0,8,idm,[],60.0,0.2,even,4.952039554468573,18.549677868985178,0.004126699628723811,1.7214273640349933,jerk,5.300000000000001,1.0000000000000002,8,5.000000000000001,acceleration_upper,0.0,6.5,8,0.9429893330096542,0.16664581098321293,0.7,1.0,c618c9d680c2a44d,1.0,131,prediction_scope,1.0,24.0,20.0,0.24918009525056659,2.5587509782992583,0.4249468180071929,198.08158217874293,41
40,4,"[1,14,27,40]",0.35,0.0,1.0,even_idm_leader_d02,0.2,wave,8.0,1.5,0,5.0,closed symmetric acceleration-command pulse,0.1,4,"[1,14,27,40]",0.0,jerk,0.1,3.0946089165499e-16,17,idm,[],60.0,0.2,even,0.0,24.0,0.0,1.54730445827495e-16,jerk,0.1,3.0946089165499e-16,17,1.5473044582749498e-15,acceleration_upper,0.9999999999999999,0.0,8,0.0,0.0,0.7,1.0,c61e24d6e578c377,1.0,191,controller_comparison,1.0,24.0,20.0,1.54730445827495e-16,0.0,0.0,0.0,41
40,4,"[1,14,27,40]",0.35,2.0,1.0,even_idm_leader_d02,0.2,wave,8.0,1.5,0,5.0,closed symmetric acceleration-command pulse,0.1,4,"[1,14,27,40]",14.0,jerk_saturation,5.0,-20.0,0,idm,[],60.0,0.2,even,13.914492771326497,9.024512783342402,0.01159541064277208,4.5,jerk,59.400000000000006,1.0000000000000004,39,5.000000000000002,acceleration_lower,0.0,53.7,34,4.434494125101522,0.08135723725662795,0.7,0.0,c64e70a18671d424,1.0,29,controller_comparison,0.0,24.0,20.0,4.5,14.975487216657598,13.303482375304565,556.5797108530599,41
40,4,"[1,14,27,40]",0.35,0.0,1.0,even_ovm_leader_d02,0.2,margin,8.0,1.5,0,5.0,closed symmetric acceleration-command pulse,0.1,4,"[1,14,27,40]",0.0,jerk,0.1,6.963037005247915e-16,6,ovm,[],60.0,0.2,even,0.0,24.0,0.0,3.481518502623958e-16,jerk,0.1,6.963037005247915e-16,6,3.4815185026239577e-15,command_upper,0.9999999999999998,0.0,30,0.0,0.0,0.7,1.0,c6f8cfb40ea0d70b,1.0,97,prediction_scope,1.0,24.0,20.0,3.481518502623958e-16,0.0,0.0,0.0,41
40,4,"[1,14,27,40]",0.35,0.25,1.0,even_idm_leader_d02,0.2,margin,8.0,1.5,0,5.0,closed symmetric acceleration-command pulse,0.1,4,"[1,14,27,40]",0.0,gap_lower,12.9,0.028125,1,idm,[],60.0,0.2,even,0.0,23.4375,0.0,0.25,gap_lower,12.9,0.028125,1,5.0,gap_lower,0.9535000000000021,6.7,1,0.0,0.0,0.7,1.0,c750a9ab497eaec1,1.0,191,controller_comparison;layout_comparison;prediction_scope,1.0,24.0,20.0,1.54730445827495e-16,0.5625,0.0,0.0,41
80,8,"[1,12,24,35,46,57,69,80]",0.35,0.0,1.0,even_idm_leader_N80,0.2,margin,8.0,1.5,0,5.0,closed symmetric acceleration-command pulse,0.1,8,"[1,12,24,35,46,57,69,80]",0.0,jerk,0.1,3.099938097015429e-16,27,idm,[],60.0,0.2,even,0.0,24.0,0.0,1.5499690485077145e-16,jerk,0.1,3.099938097015429e-16,27,1.5499690485077144e-15,acceleration_upper,0.9999999999999999,0.0,6,0.0,0.0,0.7,1.0,c78bef05c7ffe829,1.0,131,chain_length_scope,1.0,24.0,20.0,1.5499690485077145e-16,0.0,0.0,0.0,81
40,4,"[1,14,27,40]",0.35,1.0,1.0,even_idm_leader_d02,0.2,predictive,8.0,1.5,0,5.0,closed symmetric acceleration-command pulse,0.1,4,"[1,14,27,40]",1.0,jerk_saturation,5.0,-10.0,0,idm,[],60.0,0.2,even,1.997463590168978,21.882056486128107,0.0016645529918074818,1.0,jerk,11.200000000000001,0.14285753923608713,1,5.0,gap_lower,0.836886763385144,6.7,1,0.23524669950574406,0.0,0.7,1.0,c7a1da6c4340864e,1.0,11,controller_comparison,1.0,24.0,20.0,0.20351639197953236,1.1585969387929254,0.14665838946305954,79.89854360675912,41
40,4,"[1,14,27,40]",0.35,0.0,1.0,even_idm_leader_d02,0.2,wave,8.0,1.5,0,5.0,closed symmetric acceleration-command pulse,0.1,4,"[1,14,27,40]",0.0,jerk,0.1,5.669712742983465e-16,30,idm,[],60.0,0.2,even,0.0,24.0,0.0,1.519317481612589e-16,jerk,0.1,5.669712742983465e-16,30,2.8348563714917324e-15,command_upper,0.9999999999999998,0.0,30,0.0,0.0,0.7,1.0,c872cf1635bc503e,1.0,113,controller_comparison,1.0,24.0,20.0,2.8348563714917324e-16,0.0,0.0,0.0,41
40,4,"[1,14,27,40]",0.35,1.9,0.0,even_idm_leader_d02,0.2,acc,8.0,1.5,0,5.0,closed symmetric acceleration-command pulse,0.1,4,"[1,14,27,40]",78.0,jerk_saturation,5.0,-18.999999999999996,0,idm,[],60.0,0.2,even,96.53083332645026,-2.261640333482248,0.08044236110537521,4.5,gap_lower,54.0,1.3130820166741124,33,5.000000000000004,gap_lower,-0.4885820166741123,53.5,33,7.017543859649123,2.2366568072428765,0.7,0.0,c887cc4a48ad0bf5,0.0,191,controller_comparison,0.0,24.0,20.0,4.5,84.36972047156246,20.0,3861.2333330580104,41
40,4,"[1,14,27,40]",0.35,1.9,1.0,even_idm_internal8_d02,0.2,margin,8.0,1.5,8,5.0,closed symmetric acceleration-command pulse,0.1,4,"[1,14,27,40]",2.0,jerk_saturation,5.0,-18.999999999999996,8,idm,[],60.0,0.2,even,5.944601553664012,16.92916568525301,0.0049538346280533435,2.0755498254041242,jerk,5.1000000000000005,1.0,8,5.0,acceleration_upper,0.0,6.5,8,1.0811395369139327,0.14911328643164942,0.7,1.0,c95ee0901e58e36d,1.0,167,prediction_scope,1.0,24.0,20.0,0.24918009525056659,2.5423808946266035,0.4499923675817179,237.78406214656047,41
40,4,"[1,14,27,40]",0.35,1.8,0.0,even_idm_leader_d02,0.2,acc,8.0,1.5,0,5.0,closed symmetric acceleration-command pulse,0.1,4,"[1,14,27,40]",108.0,jerk_saturation,5.0,-18.0,0,idm,[],60.0,0.2,even,180.15210931402356,-2.530497931884611,0.15012675776168632,4.5,gap_lower,41.2,1.3265248965942305,24,5.000000000000004,gap_lower,-0.5020248965942311,40.7,24,7.4074074074074066,4.868569589501961,0.7,0.0,c9838addfde59e21,0.0,11,controller_comparison,0.0,24.0,20.0,4.5,118.0947335919397,20.0,7206.084372560943,41
20,2,"[1,20]",0.35,0.0,1.0,even_idm_leader_N20,0.2,predictive,8.0,1.5,0,5.0,closed symmetric acceleration-command pulse,0.1,2,"[1,20]",0.0,jerk,0.1,2.93878275950609e-16,10,idm,[],60.0,0.2,even,0.0,24.0,0.0,1.469391379753045e-16,jerk,0.1,2.93878275950609e-16,10,1.469391379753045e-15,acceleration_upper,0.9999999999999999,0.0,6,0.0,0.0,0.7,1.0,c9eb49373ba49c21,1.0,131,chain_length_scope,1.0,24.0,20.0,1.469391379753045e-16,0.0,0.0,0.0,21
40,4,"[1,14,27,40]",0.35,1.9,1.0,even_ovm_leader_d02,0.2,margin,8.0,1.5,0,5.0,closed symmetric acceleration-command pulse,0.1,4,"[1,14,27,40]",2.0,jerk_saturation,5.0,-18.999999999999996,0,ovm,[],60.0,0.2,even,8.223733490406257,17.03823140825108,0.006853111242005215,1.9,gap_lower,55.1,0.34808842958744607,27,5.0,gap_lower,0.647336249352289,54.0,27,0.7668610487231863,0.0,0.7,0.0,ca0cf65f02a3cdb5,1.0,97,prediction_scope,0.0,24.0,20.0,0.3994404940243982,5.967439658513058,1.6175670513988507,328.9493396162503,41
40,4,"[1,14,27,40]",0.35,2.1,0.0,even_idm_leader_d02,0.2,wave,8.0,1.5,0,5.0,closed symmetric acceleration-command pulse,0.1,4,"[1,14,27,40]",96.0,jerk_saturation,5.0,-21.0,0,idm,[],60.0,0.2,even,146.02086633074356,-32.91147175591736,0.12168405527561962,4.5,gap_lower,60.0,2.845573587795868,27,5.000000000000004,gap_lower,-2.0273164307852456,59.900000000000006,27,6.349206349206349,3.5448701390839146,0.7,0.0,ca368b3b4a755119,0.0,3,controller_comparison,0.0,24.0,20.0,4.5,92.91153415274192,20.0,5840.834653229742,41
40,4,"[1,14,27,40]",0.35,2.1,0.0,even_idm_leader_d02,0.2,acc,8.0,1.5,0,5.0,closed symmetric acceleration-command pulse,0.1,4,"[1,14,27,40]",121.0,jerk_saturation,5.0,-21.0,0,idm,[],60.0,0.2,even,215.00611606901353,-2.4883372547693483,0.1791717633908446,4.5,gap_lower,51.1,1.3244168627384674,32,5.000000000000004,gap_lower,-0.49991686273846714,50.6,32,6.349206349206349,4.419155846999564,0.7,0.0,ca7cad00749e00a7,0.0,47,controller_comparison,0.0,24.0,20.0,4.5,90.28537836802548,20.0,8600.244642760541,41
40,4,"[1,14,27,40]",0.35,1.5,1.0,even_idm_leader_cmd04,0.4,margin,8.0,1.5,0,5.0,closed symmetric acceleration-command pulse,0.1,4,"[1,14,27,40]",1.0,jerk_saturation,5.0,-15.0,0,idm,[],60.0,0.2,even,4.528597806433756,20.76997882537276,0.003773831505361463,1.5,jerk,6.4,0.18004402927351704,1,5.0,gap_lower,0.7672837536055284,6.7,1,0.3731435285351902,0.0,0.7,1.0,ca98fb4d546de5f0,1.0,131,prediction_scope,1.0,24.0,20.0,0.2378999351338668,2.5037500000169075,0.47939931086983023,181.14391225735022,41
40,0,[],0.35,1.9,0.0,even_idm_leader_d02,0.2,human,8.0,1.5,0,5.0,closed symmetric acceleration-command pulse,0.1,0,[],124.0,jerk_saturation,5.0,-18.999999999999996,0,idm,[],60.0,0.2,even,222.3505669159555,-2.6443525195299316,0.1852921390966296,4.5,gap_lower,30.900000000000002,1.3322176259764966,16,5.000000000000004,gap_lower,-0.507717625976496,30.400000000000002,16,7.017543859649123,4.970662602463509,0.7,0.0,cab05c1de3eae71a,0.0,3,controller_comparison,0.0,24.0,20.0,4.5,102.5069184210563,20.0,8894.02267663822,41
40,4,"[1,14,27,40]",0.35,2.0,1.0,even_idm_leader_d02,0.2,predictive,8.0,1.5,0,5.0,closed symmetric acceleration-command pulse,0.1,4,"[1,14,27,40]",1.0,jerk_saturation,5.0,-20.0,0,idm,[],60.0,0.2,even,3.797598884881718,19.272922396420682,0.0031646657374014317,2.0,gap_lower,8.3,0.23635388017896589,1,5.0,gap_lower,0.6939790965800888,6.800000000000001,1,0.249984159893175,0.0,0.7,1.0,cab0be74e4ab93d9,1.0,131,controller_comparison,1.0,24.0,20.0,0.21679742284252312,1.4888019012967106,0.2881142831526695,151.90395539526872,41
40,4,"[1,14,27,40]",0.35,1.7,1.0,even_idm_leader_d02,0.2,predictive,8.0,1.5,0,5.0,closed symmetric acceleration-command pulse,0.1,4,"[1,14,27,40]",1.0,jerk_saturation,5.0,-17.0,0,idm,[],60.0,0.2,even,2.9022724715746904,20.126428094831113,0.0024185603929789087,1.7,gap_lower,8.1,0.19367859525844439,1,5.0,gap_lower,0.7405207352121215,6.7,1,0.2563141230134155,0.0,0.7,1.0,cac9eb4954bc841e,1.0,3,controller_comparison,1.0,24.0,20.0,0.20351639197953236,1.304812906300981,0.17500000000000426,116.09089886298761,41
40,4,"[19,20,21,22]",0.35,1.5,1.0,middle_idm_leader_d02,0.2,margin,8.0,1.5,0,5.0,closed symmetric acceleration-command pulse,0.1,4,"[19,20,21,22]",35.0,jerk_saturation,5.0,-15.0,0,idm,[],60.0,0.2,middle,32.20938769857581,-17.592174372556684,0.026841156415479843,4.5,gap_lower,38.5,2.079608718627834,19,5.000000000000002,gap_lower,-1.086636422308771,37.800000000000004,19,8.88888888888889,0.0002606485566790045,0.7,0.0,cae4e4bd8cd51e19,0.0,11,layout_comparison,0.0,24.0,20.0,4.5,24.160978064994254,20.0,1288.3755079430325,41
40,0,[],0.35,1.0,1.0,even_idm_leader_d02,0.2,human,8.0,1.5,0,5.0,closed symmetric acceleration-command pulse,0.1,0,[],1.0,jerk_saturation,5.0,-10.0,0,idm,[],60.0,0.2,even,2.193638477775778,22.18368176292347,0.0018280320648131484,1.0701229690926455,jerk,7.9,0.3200852677257239,1,5.0,acceleration_upper,0.6915083214230677,9.1,1,0.8940192998843154,7.485779618813619e-05,0.7,1.0,cafdb8ca8a801922,1.0,191,controller_comparison,1.0,24.0,20.0,0.031514334720747945,0.375012408526203,0.1867418302895807,87.74553911103112,41
40,4,"[1,14,27,40]",0.35,1.5,0.0,even_idm_leader_d02,0.2,acc,8.0,1.5,0,5.0,closed symmetric acceleration-command pulse,0.1,4,"[1,14,27,40]",56.0,jerk_saturation,5.0,-15.0,0,idm,[],60.0,0.2,even,55.08002476722661,-2.4311412202313676,0.045900020639355506,4.5,gap_lower,55.800000000000004,1.3215570610115683,34,5.000000000000004,gap_lower,-0.49705706101156916,55.300000000000004,34,8.88888888888889,1.7944022163350946,0.7,0.0,cb04daee319023aa,0.0,61,controller_comparison,0.0,24.0,20.0,4.5,59.50458783717892,20.0,2203.2009906890644,41
40,4,"[1,2,3,4]",0.35,1.0,1.0,front_idm_leader_d02,0.2,margin,8.0,1.5,0,5.0,closed symmetric acceleration-command pulse,0.1,4,"[1,2,3,4]",1.0,jerk_saturation,5.0,-10.0,0,idm,[],60.0,0.2,front,5.656117135405424,22.041091224490145,0.004713430946171187,1.0,jerk,7.7,0.15796767347454377,1,5.0,gap_lower,0.8475557889641916,6.7,1,0.38330523773824393,1.315318911565555e-06,0.7,1.0,cb164a99f8709c54,1.0,61,layout_comparison,1.0,24.0,20.0,0.03519710671078537,2.802500000000009,0.356336973075841,226.24468541621695,41
40,4,"[1,14,27,40]",0.35,0.25,1.0,even_ovm_leader_d02,0.2,margin,8.0,1.5,0,5.0,closed symmetric acceleration-command pulse,0.1,4,"[1,14,27,40]",0.0,gap_lower,12.9,0.028125,1,ovm,[],60.0,0.2,even,0.0,23.4375,0.0,0.25,gap_lower,12.9,0.028125,1,5.0,gap_lower,0.9535000000000021,6.7,1,0.0,0.0,0.7,1.0,cb529fcc610a27c0,1.0,97,prediction_scope,1.0,24.0,20.0,3.481518502623958e-16,0.5625,0.0,0.0,41
40,4,"[1,14,27,40]",0.35,1.5,1.0,even_idm_leader_d02,0.2,margin,8.0,1.5,0,5.0,closed symmetric acceleration-command pulse,0.1,4,"[1,14,27,40]",1.0,jerk_saturation,5.0,-15.0,0,idm,[],60.0,0.2,even,4.5102198785453185,20.903158065760977,0.003758516565454432,1.5,jerk,6.2,0.18004402927351704,1,5.0,gap_lower,0.7739406906150658,6.7,1,0.34133460735243504,0.0,0.7,1.0,cbad9b1f373d8fe1,1.0,29,controller_comparison;layout_comparison,1.0,24.0,20.0,0.13230492128125335,2.140000000000782,0.4105927045297477,180.40879514181273,41
40,4,"[1,14,27,40]",0.35,2.1,1.0,even_idm_leader_d02,0.2,margin,8.0,1.5,0,5.0,closed symmetric acceleration-command pulse,0.1,4,"[1,14,27,40]",1.0,jerk_saturation,5.0,-21.0,0,idm,[],60.0,0.2,even,6.131346191111609,19.221536821795013,0.005109455159259675,2.1,gap_lower,8.200000000000001,0.23892315891024934,1,5.0,gap_lower,0.688120998403801,6.800000000000001,1,0.31771532021149396,0.0,0.7,1.0,cbc8d6afb4ab6fcd,1.0,79,controller_comparison;layout_comparison,1.0,24.0,20.0,0.14451938488450203,2.148000000000593,0.42731027654692255,245.25384764446437,41
40,4,"[1,14,27,40]",0.35,1.9,1.0,even_idm_leader_d02,0.2,margin,8.0,1.5,0,5.0,closed symmetric acceleration-command pulse,0.1,4,"[1,14,27,40]",1.0,jerk_saturation,5.0,-18.999999999999996,0,idm,[],60.0,0.2,even,5.573947409002745,19.858526954864345,0.004644956174168954,1.9,jerk,6.0,0.2157434402332361,1,5.0,gap_lower,0.7185493977653218,6.7,1,0.3157433198713496,0.0,0.7,1.0,cbce1704a6f1d12a,1.0,47,controller_comparison;layout_comparison,1.0,24.0,20.0,0.21679742284252312,1.9764938598783601,0.42499999999999005,222.9578963601098,41
80,8,"[1,12,24,35,46,57,69,80]",0.35,2.5,0.0,even_idm_leader_N80,0.2,wave,8.0,1.5,0,5.0,closed symmetric acceleration-command pulse,0.1,8,"[1,12,24,35,46,57,69,80]",114.0,jerk_saturation,5.0,-25.0,0,idm,[],60.0,0.2,even,97.31486022930835,-34.3305627736336,0.08109571685775696,4.5,gap_lower,60.0,2.91652813868168,24,5.000000000000004,gap_lower,-2.083402009306024,59.400000000000006,24,5.333333333333333,0.0,0.7,0.0,cbd3106b24f4545f,0.0,131,chain_length_scope,0.0,24.0,20.0,4.5,89.19785782325789,20.0,7785.188818344668,81
40,4,"[1,2,3,4]",0.35,1.7,1.0,front_idm_leader_d02,0.2,margin,8.0,1.5,0,5.0,closed symmetric acceleration-command pulse,0.1,4,"[1,2,3,4]",1.0,jerk_saturation,5.0,-17.0,0,idm,[],60.0,0.2,front,6.636407083102933,20.398261426893157,0.00553033923591911,1.7,jerk,6.1000000000000005,0.1949187838400666,1,5.0,gap_lower,0.7461541031193801,6.7,1,0.32347790797516185,1.9726924951074205e-06,0.7,1.0,cbf199884e6aad99,1.0,131,layout_comparison;prediction_scope,1.0,24.0,20.0,0.03557716098748867,2.854250000015554,0.42326829443494773,265.4562833241173,41
40,4,"[1,2,3,4]",0.35,0.0,1.0,front_idm_leader_d02,0.2,margin,8.0,1.5,0,5.0,closed symmetric acceleration-command pulse,0.1,4,"[1,2,3,4]",0.0,jerk,0.1,3.033043242170331e-16,32,idm,[],60.0,0.2,front,0.0,24.0,0.0,1.4158437991504552e-16,jerk,0.1,3.033043242170331e-16,32,1.5165216210851655e-15,acceleration_upper,0.9999999999999999,0.0,7,0.0,0.0,0.7,1.0,cc0291464030cbc5,1.0,131,layout_comparison;prediction_scope,1.0,24.0,20.0,1.5165216210851655e-16,0.0,0.0,0.0,41
40,4,"[19,20,21,22]",0.35,1.8,0.0,middle_idm_leader_d02,0.2,margin,8.0,1.5,0,5.0,closed symmetric acceleration-command pulse,0.1,4,"[19,20,21,22]",82.0,jerk_saturation,5.0,-18.0,0,idm,[],60.0,0.2,middle,129.39835159874653,-97.47097380790308,0.10783195966562212,4.5,gap_lower,50.1,6.073548690395154,19,5.000000000000004,gap_lower,-5.220359451191663,48.300000000000004,19,7.4074074074074066,0.0012269997056290759,0.7,0.0,cc362c5e785e13fd,0.0,149,layout_comparison;prediction_scope,0.0,24.0,20.0,4.5,127.77017296830752,20.0,5175.934063949861,41
80,8,"[1,12,24,35,46,57,69,80]",0.35,0.0,1.0,even_idm_leader_N80,0.2,wave,8.0,1.5,0,5.0,closed symmetric acceleration-command pulse,0.1,8,"[1,12,24,35,46,57,69,80]",0.0,jerk,0.1,3.08266268155979e-16,13,idm,[],60.0,0.2,even,0.0,24.0,0.0,1.5413313407798953e-16,jerk,0.1,3.08266268155979e-16,13,1.5413313407798952e-15,acceleration_upper,0.9999999999999999,0.0,2,0.0,0.0,0.7,1.0,cc53d5baf8034a34,1.0,113,chain_length_scope,1.0,24.0,20.0,1.5413313407798953e-16,0.0,0.0,0.0,81
40,4,"[1,14,27,40]",0.35,1.5,1.0,even_ovm_leader_d02,0.2,margin,8.0,1.5,0,5.0,closed symmetric acceleration-command pulse,0.1,4,"[1,14,27,40]",2.0,jerk_saturation,5.0,-15.0,0,ovm,[],60.0,0.2,even,6.929537892786146,18.341795159506887,0.005774614910655122,1.5,acceleration_upper,32.9,0.2911309288373724,13,5.0,acceleration_upper,0.7098171357881754,32.800000000000004,13,0.8069308216537823,0.0,0.7,0.0,ccf3ba4d2ca2c3c6,1.0,191,prediction_scope,0.0,24.0,20.0,0.3434911618923998,5.30759402908933,1.2421632580563333,277.18151571144585,41
40,4,"[1,14,27,40]",0.35,1.0,1.0,even_ovm_leader_d02,0.2,margin,8.0,1.5,0,5.0,closed symmetric acceleration-command pulse,0.1,4,"[1,14,27,40]",1.0,jerk_saturation,5.0,-10.0,0,ovm,[],60.0,0.2,even,5.132862074850744,20.3291559241934,0.00427738506237562,1.0,gap_lower,55.800000000000004,0.18354220379032996,27,5.0,gap_lower,0.8118054408044755,54.1,27,0.7882680554843944,0.0,0.7,1.0,ccf7885a3efcc4fb,1.0,113,prediction_scope,1.0,24.0,20.0,0.21679742208525904,3.495209719335776,0.8573568786410704,205.31448299402976,41
40,4,"[1,14,27,40]",0.35,1.9,1.0,even_idm_leader_d02,0.2,wave,8.0,1.5,0,5.0,closed symmetric acceleration-command pulse,0.1,4,"[1,14,27,40]",2.0,jerk_saturation,5.0,-18.999999999999996,0,idm,[],60.0,0.2,even,8.676362127951204,20.588049448636866,0.007230301773292671,1.9,acceleration_upper,9.0,0.8477208482227265,1,5.0,acceleration_upper,0.07411693483535109,8.5,1,0.8676353181322297,0.0030145010422232416,0.7,0.0,cd05067125218dd1,1.0,131,controller_comparison,0.0,24.0,20.0,0.5284967940848121,2.21596002222455,1.4388565143604382,347.0544851180482,41
40,4,"[37,38,39,40]",0.35,1.7,0.0,rear_idm_leader_d02,0.2,margin,8.0,1.5,0,5.0,closed symmetric acceleration-command pulse,0.1,4,"[37,38,39,40]",106.0,jerk_saturation,5.0,-17.0,0,idm,[],60.0,0.2,rear,190.90574644253857,-51.48927951043025,0.1590881220354488,4.5,gap_lower,60.0,3.7744639755215124,37,5.000000000000004,gap_lower,-3.2896150592130007,59.900000000000006,37,7.843137254901961,0.17159792148107147,0.7,0.0,cd1813bd826f21e2,0.0,79,layout_comparison,0.0,24.0,20.0,4.5,82.42340811497195,20.0,7636.229857701543,41
80,8,"[1,12,24,35,46,57,69,80]",0.35,2.2,1.0,even_idm_leader_N80,0.2,margin,8.0,1.5,0,5.0,closed symmetric acceleration-command pulse,0.1,8,"[1,12,24,35,46,57,69,80]",1.0,jerk_saturation,5.0,-22.0,0,idm,[],60.0,0.2,even,3.3479297020561214,18.90519299544539,0.002789941418380101,2.2,gap_lower,8.4,0.2547403502277305,1,5.0,gap_lower,0.672686427431288,6.9,1,0.3367066005994722,0.0,0.7,1.0,cd8de1080ad2c282,1.0,167,chain_length_scope,1.0,24.0,20.0,0.08879778536576537,2.136500000000069,0.449999999999978,267.8343761644897,81
40,4,"[1,14,27,40]",0.35,0.25,1.0,even_idm_leader_cmd04,0.4,margin,8.0,1.5,0,5.0,closed symmetric acceleration-command pulse,0.1,4,"[1,14,27,40]",0.0,gap_lower,12.9,0.028125,1,idm,[],60.0,0.2,even,0.0,23.4375,0.0,0.25,gap_lower,12.9,0.028125,1,5.0,gap_lower,0.9535000000000021,6.7,1,0.0,0.0,0.7,1.0,cda1d5a53285a24d,1.0,167,prediction_scope,1.0,24.0,20.0,1.543402220074675e-16,0.5625,0.0,0.0,41
40,4,"[1,14,27,40]",0.35,2.5,1.0,even_ovm_leader_d02,0.2,margin,8.0,1.5,0,5.0,closed symmetric acceleration-command pulse,0.1,4,"[1,14,27,40]",2.0,jerk_saturation,5.0,-25.0,0,ovm,[],60.0,0.2,even,11.773254685148686,10.38585233879769,0.009811045570957239,2.5,acceleration_upper,55.900000000000006,0.6869858493304752,26,5.0,gap_lower,0.3041522857049451,54.900000000000006,27,1.118090164593808,0.0,0.7,0.0,cdb2385178d80902,1.0,113,prediction_scope,0.0,24.0,20.0,1.0404993101858835,12.166101502601236,2.8414728123388038,470.93018740594744,41
40,4,"[1,14,27,40]",0.35,0.25,1.0,even_idm_leader_d02,0.2,predictive,8.0,1.5,0,5.0,closed symmetric acceleration-command pulse,0.1,4,"[1,14,27,40]",0.0,gap_lower,12.9,0.028125,1,idm,[],60.0,0.2,even,0.0,23.4375,0.0,0.25,gap_lower,12.9,0.028125,1,5.0,gap_lower,0.9535000000000021,6.7,1,0.0,0.0,0.7,1.0,cdeb58c9de4b55ab,1.0,11,controller_comparison,1.0,24.0,20.0,4.215678294622269e-16,0.5625,0.0,0.0,41
40,4,"[1,14,27,40]",0.35,1.8,0.0,even_idm_leader_d02,0.2,acc,8.0,1.5,0,5.0,closed symmetric acceleration-command pulse,0.1,4,"[1,14,27,40]",99.0,jerk_saturation,5.0,-18.0,0,idm,[],60.0,0.2,even,150.92370574189425,-2.458111864927588,0.1257697547849119,4.5,gap_lower,51.7,1.3229055932463794,32,5.000000000000004,gap_lower,-0.4984055932463791,51.2,32,7.4074074074074066,4.033003387529811,0.7,0.0,ce4610d7c2a5a704,0.0,47,controller_comparison,0.0,24.0,20.0,4.5,146.3543680799391,20.0,6036.948229675771,41
40,4,"[37,38,39,40]",0.35,0.25,1.0,rear_idm_leader_d02,0.2,margin,8.0,1.5,0,5.0,closed symmetric acceleration-command pulse,0.1,4,"[37,38,39,40]",0.0,acceleration_upper,8.9,0.0740444728976095,1,idm,[],60.0,0.2,rear,0.39926098078056815,23.589190269788133,0.00033271748398380676,0.25,acceleration_upper,8.9,0.0740444728976095,1,5.0,acceleration_upper,0.9280358353595963,8.9,1,0.6748868080147853,0.0,0.7,1.0,ce5ad1bbb3d7e3cd,1.0,11,layout_comparison,1.0,24.0,20.0,0.00880316500936466,0.07230451816815275,0.03731984451959036,15.970439231222725,41
40,4,"[1,14,27,40]",0.35,1.8,0.0,even_idm_leader_d02,0.2,acc,8.0,1.5,0,5.0,closed symmetric acceleration-command pulse,0.1,4,"[1,14,27,40]",84.0,jerk_saturation,5.0,-18.0,0,idm,[],60.0,0.2,even,111.69791420750998,-2.6131671626767456,0.09308159517292498,4.5,gap_lower,44.6,1.3306583581338374,26,5.000000000000004,gap_lower,-0.5061583581338368,44.1,26,7.4074074074074066,3.4560184299081413,0.7,0.0,ce817c70034d4510,0.0,97,controller_comparison,0.0,24.0,20.0,4.5,86.15696200953101,20.0,4467.916568300399,41
40,4,"[1,14,27,40]",0.35,1.8,1.0,even_idm_leader_d02,0.2,margin,8.0,1.5,0,5.0,closed symmetric acceleration-command pulse,0.1,4,"[1,14,27,40]",1.0,jerk_saturation,5.0,-18.0,0,idm,[],60.0,0.2,even,5.379155789537783,20.118271619165995,0.004482629824614819,1.8,jerk,6.1000000000000005,0.1949187838400666,1,5.0,gap_lower,0.7314541031193812,6.7,1,0.3239786377755459,0.0,0.7,1.0,ceaa79aa2543fc70,1.0,131,controller_comparison;layout_comparison;prediction_scope,1.0,24.0,20.0,0.12388132259986909,1.9430542400650666,0.39999999999998437,215.1662315815113,41
40,4,"[1,14,27,40]",0.35,2.5,1.0,even_ovm_leader_d02,0.2,margin,8.0,1.5,0,5.0,closed symmetric acceleration-command pulse,0.1,4,"[1,14,27,40]",6.0,jerk_saturation,5.0,-25.0,0,ovm,[],60.0,0.2,even,17.496330557660855,-3.108163770891224,0.01458027546471738,2.6113593679048974,gap_lower,56.400000000000006,1.3554081885445612,27,5.0,gap_lower,-0.3652498971143513,55.1,27,2.2578551638812305,0.0,0.7,0.0,ced4b2396c92ddfb,0.0,131,prediction_scope,0.0,24.0,20.0,2.0010484366084382,26.680470945103878,6.7931560949434235,699.8532223064342,41
40,4,"[1,14,27,40]",0.35,2.1,1.0,even_idm_leader_d02,0.2,margin,8.0,1.5,0,5.0,closed symmetric acceleration-command pulse,0.1,4,"[1,14,27,40]",1.0,jerk_saturation,5.0,-21.0,0,idm,[],60.0,0.2,even,6.250725254089436,19.221536821795013,0.005208937711741197,2.1,gap_lower,8.200000000000001,0.23892315891024934,1,5.0,gap_lower,0.688120998403801,6.800000000000001,1,0.3173783908256328,0.0,0.7,1.0,cee9a174b25a9ea6,1.0,113,controller_comparison;layout_comparison;prediction_scope,1.0,24.0,20.0,0.11885439573838168,2.148000000000593,0.42499999999999005,250.02901016357742,41
40,4,"[1,14,27,40]",0.35,2.5,1.0,even_idm_leader_cmd0,0.0,margin,8.0,1.5,0,5.0,closed symmetric acceleration-command pulse,0.1,4,"[1,14,27,40]",1.0,jerk_saturation,5.0,-25.0,0,idm,[],60.0,0.2,even,7.107421348693906,17.943901265816777,0.005922851123911588,2.5,gap_lower,8.700000000000001,0.30280493670916114,1,5.0,gap_lower,0.6349762171695131,7.0,1,0.29333014016283887,0.0,0.7,1.0,ceebd7fcfb9a41c7,1.0,167,prediction_scope,1.0,24.0,20.0,0.15889215842493817,2.8599991957310067,0.41687969917145296,284.29685394775623,41
40,4,"[37,38,39,40]",0.35,2.0,0.0,rear_idm_leader_d02,0.2,margin,8.0,1.5,0,5.0,closed symmetric acceleration-command pulse,0.1,4,"[37,38,39,40]",126.0,jerk_saturation,5.0,-20.0,0,idm,[],60.0,0.2,rear,260.1866530992392,-55.62830726185678,0.21682221091603268,4.5,gap_lower,60.0,3.9814153630928386,37,5.000000000000004,gap_lower,-3.466018467625593,59.900000000000006,37,6.666666666666667,0.18750462975352158,0.7,0.0,cefd9425636434b9,0.0,149,layout_comparison;prediction_scope,0.0,24.0,20.0,4.5,111.17573908621989,20.0,10407.466123969569,41
40,4,"[1,14,27,40]",0.35,1.7,1.0,even_ovm_leader_d02,0.2,margin,8.0,1.5,0,5.0,closed symmetric acceleration-command pulse,0.1,4,"[1,14,27,40]",2.0,jerk_saturation,5.0,-17.0,0,ovm,[],60.0,0.2,even,7.139015229600195,18.501569568199216,0.005949179358000163,1.7,gap_lower,56.2,0.27492152159003924,27,5.0,gap_lower,0.7226641344921259,55.1,27,0.6499952701867311,0.0,0.7,0.0,cf70aca66c757960,1.0,167,prediction_scope,0.0,24.0,20.0,0.3323111180707048,5.348391032684049,1.2413027419623717,285.56060918400783,41
40,4,"[1,14,27,40]",0.35,1.7,1.0,even_idm_leader_d02,0.2,wave,8.0,1.5,0,5.0,closed symmetric acceleration-command pulse,0.1,4,"[1,14,27,40]",2.0,jerk_saturation,5.0,-17.0,0,idm,[],60.0,0.2,even,10.074676190479002,19.558873735341393,0.008395563492065834,1.9349129860831549,acceleration_upper,9.0,0.7722007508944968,1,5.0,acceleration_upper,0.15762496776271306,8.4,1,1.2527491176851149,0.023514521804522546,0.7,0.0,d0364f8719037db9,1.0,149,controller_comparison,0.0,24.0,20.0,1.9349129860831549,4.08402246603778,3.194510250097043,402.9870476191601,41
40,4,"[1,14,27,40]",0.35,2.1,1.0,even_ovm_leader_d02,0.2,margin,8.0,1.5,0,5.0,closed symmetric acceleration-command pulse,0.1,4,"[1,14,27,40]",2.0,jerk_saturation,5.0,-21.0,0,ovm,[],60.0,0.2,even,10.049483840425063,13.127293492887986,0.008374569867020886,2.1,gap_lower,55.7,0.5436353253556007,27,5.0,gap_lower,0.44138999177201327,54.900000000000006,27,1.07100239107766,0.0,0.7,0.0,d07e8aac5bbeae21,1.0,191,prediction_scope,0.0,24.0,20.0,0.8485678645954011,9.936682178347382,2.237314412885482,401.9793536170025,41
40,4,"[1,14,27,40]",0.35,2.0,1.0,even_idm_internal8_d02,0.2,margin,8.0,1.5,8,5.0,closed symmetric acceleration-command pulse,0.1,4,"[1,14,27,40]",2.0,jerk_saturation,5.0,-20.0,8,idm,[],60.0,0.2,even,7.6569203896925275,15.207821577325035,0.006380766991410439,2.4003906415749228,jerk,5.300000000000001,1.0000000000000002,8,5.000000000000001,acceleration_upper,0.0,6.5,8,1.229652966854373,0.14999991852902994,0.7,1.0,d07f03d80875527f,1.0,131,prediction_scope,1.0,24.0,20.0,0.24775034628861023,3.0571769793359636,0.5574943704186097,306.2768155877011,41
40,4,"[1,14,27,40]",0.35,1.8,1.0,even_idm_leader_d02,0.2,margin,8.0,1.5,0,5.0,closed symmetric acceleration-command pulse,0.1,4,"[1,14,27,40]",1.0,jerk_saturation,5.0,-18.0,0,idm,[],60.0,0.2,even,4.900647688174292,20.118271619165995,0.0040838730734785765,1.8,jerk,6.1000000000000005,0.1949187838400666,1,5.0,gap_lower,0.7314541031193812,6.7,1,0.3239786377755459,0.0,0.7,1.0,d083ef2666245a22,1.0,191,controller_comparison;layout_comparison;prediction_scope,1.0,24.0,20.0,0.10661150376987798,1.7441473207848048,0.3999999999997499,196.02590752697168,41
40,4,"[1,14,27,40]",0.35,1.7,1.0,even_idm_leader_d02,0.2,margin,8.0,1.5,0,5.0,closed symmetric acceleration-command pulse,0.1,4,"[1,14,27,40]",1.0,jerk_saturation,5.0,-17.0,0,idm,[],60.0,0.2,even,5.090744530944799,20.398261426893157,0.0042422871091206665,1.7,jerk,6.1000000000000005,0.1949187838400666,1,5.0,gap_lower,0.7461541031193801,6.7,1,0.32347790797516185,0.0,0.7,1.0,d0d389aa49d91d20,1.0,61,controller_comparison;layout_comparison,1.0,24.0,20.0,0.13412343864431087,2.854250000015554,0.3861894724543262,203.62978123779197,41
40,4,"[19,20,21,22]",0.35,1.0,1.0,middle_idm_leader_d02,0.2,margin,8.0,1.5,0,5.0,closed symmetric acceleration-command pulse,0.1,4,"[19,20,21,22]",1.0,jerk_saturation,5.0,-10.0,0,idm,[],60.0,0.2,middle,3.5596819682163954,21.963898644265953,0.0029664016401803293,1.0020519392468297,jerk,7.9,0.29557514566968024,1,5.0,acceleration_upper,0.7299356945474136,9.1,1,0.8336102780694693,1.4110402920171813e-08,0.7,1.0,d0de9dc72f055f77,1.0,11,layout_comparison,1.0,24.0,20.0,0.21679742289168222,2.4107783696530305,0.449999999999978,142.38727872865582,41
40,4,"[19,20,21,22]",0.35,1.7,1.0,middle_idm_leader_d02,0.2,margin,8.0,1.5,0,5.0,closed symmetric acceleration-command pulse,0.1,4,"[19,20,21,22]",7.0,jerk_saturation,5.0,-17.0,0,idm,[],60.0,0.2,middle,15.475640399102247,4.702568761262029,0.012896366999251872,4.5,jerk,31.200000000000003,1.0000000000000009,18,5.000000000000004,acceleration_lower,0.0,30.1,17,3.412600660704198,6.630698868854789e-05,0.7,0.0,d109729155a703c2,1.0,191,layout_comparison;prediction_scope,0.0,24.0,20.0,0.24850099148925084,11.871353652651237,1.763062411930573,619.0256159640899,41
40,4,"[1,2,3,4]",0.35,2.0,1.0,front_idm_leader_d02,0.2,margin,8.0,1.5,0,5.0,closed symmetric acceleration-command pulse,0.1,4,"[1,2,3,4]",1.0,jerk_saturation,5.0,-20.0,0,idm,[],60.0,0.2,front,6.944278797614136,19.56003271057392,0.00578689899801178,2.0,gap_lower,8.1,0.22199836447130394,1,5.0,gap_lower,0.7028209984038035,6.800000000000001,1,0.3165806789364443,2.472490540602242e-06,0.7,1.0,d1474dd2003c0568,1.0,47,layout_comparison,1.0,24.0,20.0,0.047261512219504066,2.402499999994461,0.42517852837023185,277.77115190456544,41
40,4,"[1,14,27,40]",0.35,2.1,1.0,even_ovm_leader_d02,0.2,margin,8.0,1.5,0,5.0,closed symmetric acceleration-command pulse,0.1,4,"[1,14,27,40]",2.0,jerk_saturation,5.0,-21.0,0,ovm,[],60.0,0.2,even,8.662909355151228,16.993403358470516,0.007219091129292691,2.1,gap_lower,56.1,0.35032983207647417,27,5.0,gap_lower,0.6469428095858799,55.0,27,0.6686700048657716,0.0,0.7,0.0,d1564309936c7de7,1.0,167,prediction_scope,0.0,24.0,20.0,0.3958213113258741,6.799167274348008,1.5187018252917603,346.51637420604914,41
40,4,"[1,14,27,40]",0.35,2.5,0.0,even_idm_leader_d02,0.2,acc,8.0,1.5,0,5.0,closed symmetric acceleration-command pulse,0.1,4,"[1,14,27,40]",132.0,jerk_saturation,5.0,-25.0,0,idm,[],60.0,0.2,even,261.9853305241585,-2.309086343720651,0.21832110877013206,4.5,gap_lower,49.400000000000006,1.3154543171860325,31,5.000000000000004,gap_lower,-0.4909543171860326,48.900000000000006,31,5.333333333333333,4.243476650826514,0.7,0.0,d15c44a887bf7bd4,0.0,79,controller_comparison,0.0,24.0,20.0,4.5,84.67848429737683,20.0,10479.413220966338,41
40,4,"[1,2,3,4]",0.35,1.8,1.0,front_idm_leader_d02,0.2,margin,8.0,1.5,0,5.0,closed symmetric acceleration-command pulse,0.1,4,"[1,2,3,4]",1.0,jerk_saturation,5.0,-18.0,0,idm,[],60.0,0.2,front,6.740247949106598,20.118271619165995,0.0056168732909221645,1.8,jerk,6.1000000000000005,0.1949187838400666,1,5.0,gap_lower,0.7314541031193812,6.7,1,0.3239786377755459,2.3921354536721788e-06,0.7,1.0,d199571315d21816,1.0,47,layout_comparison,1.0,24.0,20.0,0.20351639197953236,2.972280225506438,0.4178012308173784,269.6099179642639,41
40,4,"[1,14,27,40]",0.35,1.5,1.0,even_ovm_leader_d02,0.2,margin,8.0,1.5,0,5.0,closed symmetric acceleration-command pulse,0.1,4,"[1,14,27,40]",2.0,jerk_saturation,5.0,-15.0,0,ovm,[],60.0,0.2,even,6.546073859329677,18.47892621093132,0.0054550615494413975,1.5,gap_lower,56.1,0.276053689453434,27,5.0,gap_lower,0.7212353556393667,55.0,27,0.7550987460869768,0.0,0.7,0.0,d1d9dd024a62ab92,1.0,113,prediction_scope,0.0,24.0,20.0,0.3674149304131977,5.328069478133898,1.1707069222917958,261.84295437318707,41
40,4,"[37,38,39,40]",0.35,1.0,1.0,rear_idm_leader_d02,0.2,margin,8.0,1.5,0,5.0,closed symmetric acceleration-command pulse,0.1,4,"[37,38,39,40]",1.0,jerk_saturation,5.0,-10.0,0,idm,[],60.0,0.2,rear,2.8885478816523964,22.225190269138125,0.0024071232347103303,1.0295339203163438,jerk,8.0,0.2973892250822806,1,5.0,acceleration_upper,0.7124676040516986,9.1,1,0.8679859312997161,0.0,0.7,1.0,d1e772d3115e2fe3,1.0,61,layout_comparison,1.0,24.0,20.0,0.06588876800906208,0.5988422736003542,0.3344308715888147,115.54191526609586,41
40,0,[],0.35,1.9,0.0,even_idm_leader_d02,0.2,human,8.0,1.5,0,5.0,closed symmetric acceleration-command pulse,0.1,0,[],128.0,jerk_saturation,5.0,-18.999999999999996,0,idm,[],60.0,0.2,even,232.14593251025167,-2.4102649934310065,0.19345494375854305,4.5,gap_lower,53.6,1.3205132496715504,34,5.000000000000004,gap_lower,-0.49601324967155,53.1,34,7.017543859649123,4.90183060573185,0.7,0.0,d1f6c5662092279f,0.0,61,controller_comparison,0.0,24.0,20.0,4.5,90.20752593611502,20.0,9285.837300410067,41
40,4,"[1,14,27,40]",0.35,1.0,1.0,even_idm_leader_cmd0,0.0,margin,8.0,1.5,0,5.0,closed symmetric acceleration-command pulse,0.1,4,"[1,14,27,40]",1.0,jerk_saturation,5.0,-10.0,0,idm,[],60.0,0.2,even,3.7885043799283573,22.034208599529606,0.003157086983273631,1.0,jerk,11.8,0.14285724680060036,1,5.0,gap_lower,0.8432233102715522,6.7,1,0.31666663634981757,0.0,0.7,1.0,d2b64fed248805ab,1.0,113,prediction_scope,1.0,24.0,20.0,0.06654407598819857,2.6349999999997635,0.29999999615496975,151.5401751971343,41
80,8,"[1,12,24,35,46,57,69,80]",0.35,2.0,1.0,even_idm_leader_N80,0.2,margin,8.0,1.5,0,5.0,closed symmetric acceleration-command pulse,0.1,8,"[1,12,24,35,46,57,69,80]",1.0,jerk_saturation,5.0,-20.0,0,idm,[],60.0,0.2,even,2.8544861565378374,19.56003271057392,0.002378738463781531,2.0,gap_lower,8.1,0.22199836447130394,1,5.0,gap_lower,0.7028209984038035,6.800000000000001,1,0.3165806789364443,0.0,0.7,1.0,d2ceff5a4cbf18df,1.0,149,chain_length_scope,1.0,24.0,20.0,0.079704757741598,2.3075000000003456,0.3999999999999915,228.35889252302698,81
40,4,"[1,2,3,4]",0.35,1.9,1.0,front_idm_leader_d02,0.2,margin,8.0,1.5,0,5.0,closed symmetric acceleration-command pulse,0.1,4,"[1,2,3,4]",1.0,jerk_saturation,5.0,-18.999999999999996,0,idm,[],60.0,0.2,front,7.2120070854288105,19.858526954864345,0.006010005904524008,1.9,jerk,6.0,0.2157434402332361,1,5.0,gap_lower,0.7185493977653218,6.7,1,0.3157433198713496,4.065663112216674e-06,0.7,1.0,d2d54f7376347edc,1.0,113,layout_comparison;prediction_scope,1.0,24.0,20.0,0.20351639197953236,2.9747802255089937,0.4332118611447555,288.4802834171524,41
40,4,"[1,14,27,40]",0.35,1.9,1.0,even_idm_leader_d02,0.2,predictive,8.0,1.5,0,5.0,closed symmetric acceleration-command pulse,0.1,4,"[1,14,27,40]",1.0,jerk_saturation,5.0,-18.999999999999996,0,idm,[],60.0,0.2,even,3.400228000562457,19.577656259410332,0.0028335233338020473,1.9,gap_lower,8.3,0.22111718702948338,1,5.0,gap_lower,0.7099290965800863,6.800000000000001,1,0.24560556476260004,0.0,0.7,1.0,d2d804cb180d66e9,1.0,97,controller_comparison,1.0,24.0,20.0,0.21679742284252312,1.329234264507079,0.20000000000000995,136.00912002249828,41
40,0,[],0.35,0.25,1.0,even_idm_leader_d02,0.2,human,8.0,1.5,0,5.0,closed symmetric acceleration-command pulse,0.1,0,[],0.0,acceleration_upper,8.9,0.0838298267450911,1,idm,[],60.0,0.2,even,0.3697535775663721,23.59633079757087,0.00030812798130531007,0.25,acceleration_upper,8.9,0.0838298267450911,1,5.0,acceleration_upper,0.9184499740328927,8.9,1,0.7296806448184157,7.141870266499002e-05,0.7,1.0,d2dcb3761f469bea,1.0,167,controller_comparison,1.0,24.0,20.0,0.004761495556493572,0.0518810440732409,0.024379221517737193,14.790143102654884,41
40,4,"[1,14,27,40]",0.35,2.1,0.0,even_idm_leader_d02,0.2,acc,8.0,1.5,0,5.0,closed symmetric acceleration-command pulse,0.1,4,"[1,14,27,40]",115.0,jerk_saturation,5.0,-21.0,0,idm,[],60.0,0.2,even,198.8057631877246,-2.62745096661331,0.16567146932310384,4.5,gap_lower,43.6,1.3313725483306655,26,5.000000000000004,gap_lower,-0.5068725483306658,43.1,26,6.349206349206349,4.466370512022876,0.7,0.0,d2e20620642962e3,0.0,97,controller_comparison,0.0,24.0,20.0,4.5,162.59594321048382,20.0,7952.230527508984,41
40,0,[],0.35,2.5,0.0,even_idm_leader_d02,0.2,human,8.0,1.5,0,5.0,closed symmetric acceleration-command pulse,0.1,0,[],146.0,jerk_saturation,5.0,-25.0,0,idm,[],60.0,0.2,even,294.08018701305946,-2.6419753266451806,0.24506682251088288,4.5,gap_lower,43.1,1.332098766332259,26,5.000000000000004,gap_lower,-0.5075987663322591,42.6,26,5.333333333333333,4.208991101969216,0.7,0.0,d2f0cf4b20f2e135,0.0,97,controller_comparison,0.0,24.0,20.0,4.5,138.49437681921938,20.0,11763.207480522378,41
40,4,"[1,14,27,40]",0.35,1.5,1.0,even_idm_leader_d02,0.2,wave,8.0,1.5,0,5.0,closed symmetric acceleration-command pulse,0.1,4,"[1,14,27,40]",1.0,jerk_saturation,5.0,-15.0,0,idm,[],60.0,0.2,even,4.421480235062956,21.546420964520223,0.003684566862552463,1.5,acceleration_upper,9.0,0.6910652464529088,1,5.0,acceleration_upper,0.2408760651583718,8.4,1,0.7855481259587296,0.0012829004292977213,0.7,1.0,d304603a6ec397e2,1.0,79,controller_comparison,1.0,24.0,20.0,0.12015081908506588,0.8209856385341254,0.4833815954100551,176.85920940251822,41
40,4,"[1,14,27,40]",0.35,0.25,1.0,even_idm_leader_d02,0.2,wave,8.0,1.5,0,5.0,closed symmetric acceleration-command pulse,0.1,4,"[1,14,27,40]",0.0,acceleration_upper,8.700000000000001,0.12363052410794312,1,idm,[],60.0,0.2,even,0.37660691258441303,23.63545048406307,0.00031383909382034424,0.25,acceleration_upper,8.700000000000001,0.12363052410794312,1,5.0,acceleration_upper,0.8602823717271342,8.200000000000001,1,0.7078878072353424,0.0003887818326215135,0.7,1.0,d32db28394389c9f,1.0,11,controller_comparison,1.0,24.0,20.0,0.003947462950531845,0.050753639014601504,0.022776910118711413,15.064276503376522,41
40,4,"[1,14,27,40]",0.35,2.0,1.0,even_idm_internal8_d02,0.2,margin,8.0,1.5,8,5.0,closed symmetric acceleration-command pulse,0.1,4,"[1,14,27,40]",2.0,jerk_saturation,5.0,-20.0,8,idm,[],60.0,0.2,even,7.598672028987892,15.643842897245094,0.006332226690823243,2.3683111154104246,jerk,5.300000000000001,1.0000000000000002,8,5.000000000000001,acceleration_upper,0.0,6.5,8,1.2109735546154283,0.15833332780912338,0.7,1.0,d33b47d21bf3611a,1.0,97,prediction_scope,1.0,24.0,20.0,0.24559159725943208,3.326454809352697,0.5738732302700456,303.94688115951567,41
40,4,"[1,14,27,40]",0.35,1.8,1.0,even_idm_leader_d02,0.2,margin,8.0,1.5,0,5.0,closed symmetric acceleration-command pulse,0.1,4,"[1,14,27,40]",1.0,jerk_saturation,5.0,-18.0,0,idm,[],60.0,0.2,even,5.264454433212865,20.118271619165995,0.004387045361010721,1.8,jerk,6.1000000000000005,0.1949187838400666,1,5.0,gap_lower,0.7314541031193812,6.7,1,0.3239786377755459,0.0,0.7,1.0,d372a35950ab9c93,1.0,61,controller_comparison;layout_comparison,1.0,24.0,20.0,0.13412343864430815,1.95852330183925,0.3839244019241086,210.5781773285146,41
20,2,"[1,20]",0.35,1.8,1.0,even_idm_leader_N20,0.2,predictive,8.0,1.5,0,5.0,closed symmetric acceleration-command pulse,0.1,2,"[1,20]",1.0,jerk_saturation,5.0,-18.0,0,idm,[],60.0,0.2,even,5.715028297485253,19.848370192974244,0.004762523581237711,1.8,gap_lower,8.200000000000001,0.2075814903512878,1,5.0,gap_lower,0.7253314111035014,6.800000000000001,1,0.2407364782618002,0.055555555555555025,0.7,1.0,d3750c0dff0d6118,1.0,97,chain_length_scope,1.0,24.0,20.0,0.014503340853516589,1.7913819086890044,0.14999999999999858,114.30056594970506,21
40,4,"[1,14,27,40]",0.35,1.8,1.0,even_idm_leader_d02,0.2,wave,8.0,1.5,0,5.0,closed symmetric acceleration-command pulse,0.1,4,"[1,14,27,40]",1.0,jerk_saturation,5.0,-18.0,0,idm,[],60.0,0.2,even,7.140241575949339,20.825848271259446,0.005950201313291117,1.8,acceleration_upper,9.0,0.8108967007441591,1,5.0,acceleration_upper,0.1154448318353769,8.5,1,0.8679790492875115,0.0024912685345149744,0.7,1.0,d37f53c3f4d014a4,1.0,167,controller_comparison,1.0,24.0,20.0,0.3134384060795012,1.590001951259893,0.9991944407775151,285.6096630379736,41
40,4,"[1,14,27,40]",0.35,2.1,0.0,even_idm_leader_d02,0.2,wave,8.0,1.5,0,5.0,closed symmetric acceleration-command pulse,0.1,4,"[1,14,27,40]",76.0,jerk_saturation,5.0,-21.0,0,idm,[],60.0,0.2,even,98.00398325520841,-26.54687419334286,0.08166998604600702,4.5,gap_lower,53.900000000000006,2.527343709667143,27,5.000000000000004,gap_lower,-1.6625438952354241,51.900000000000006,27,6.349206349206349,2.6844778012199226,0.7,0.0,d386179cf453b103,0.0,97,controller_comparison,0.0,24.0,20.0,4.5,88.38210306799232,20.0,3920.1593302083365,41
40,4,"[1,14,27,40]",0.35,1.5,1.0,even_idm_leader_d02,0.2,predictive,8.0,1.5,0,5.0,closed symmetric acceleration-command pulse,0.1,4,"[1,14,27,40]",1.0,jerk_saturation,5.0,-15.0,0,idm,[],60.0,0.2,even,2.4693633228355396,20.59906245446058,0.002057802769029616,1.5,gap_lower,8.1,0.17004687727697104,1,5.0,gap_lower,0.7612126343801773,6.7,1,0.2222220090665543,0.0,0.7,1.0,d3a8852c7286348a,1.0,29,controller_comparison,1.0,24.0,20.0,0.005446660103787311,1.1685348438975893,0.14999999999999858,98.77453291342158,41
40,4,"[1,14,27,40]",0.35,2.0,0.0,even_idm_leader_d02,0.2,acc,8.0,1.5,0,5.0,closed symmetric acceleration-command pulse,0.1,4,"[1,14,27,40]",116.0,jerk_saturation,5.0,-20.0,0,idm,[],60.0,0.2,even,202.66334601123498,-2.289242714524633,0.16888612167602915,4.5,gap_lower,49.800000000000004,1.3144621357262316,31,5.000000000000004,gap_lower,-0.48996213572623165,49.300000000000004,31,6.666666666666667,4.65923721391255,0.7,0.0,d3b40d2201a49673,0.0,79,controller_comparison,0.0,24.0,20.0,4.5,95.57015125716816,20.0,8106.5338404494,41
20,2,"[1,20]",0.35,1.8,1.0,even_idm_leader_N20,0.2,wave,8.0,1.5,0,5.0,closed symmetric acceleration-command pulse,0.1,2,"[1,20]",1.0,jerk_saturation,5.0,-18.0,0,idm,[],60.0,0.2,even,11.470945107592012,17.554615660115886,0.009559120922993344,3.410913785778362,jerk,33.4,0.9360849072642994,19,5.0,acceleration_upper,0.1154448318353769,8.5,1,1.864110261276168,1.5904013017154435,0.7,1.0,d3f62246a80460a9,1.0,113,chain_length_scope,1.0,24.0,20.0,0.030081031593507505,1.2021694246653851,0.39461329585550686,229.41890215184026,21
40,4,"[1,14,27,40]",0.35,1.9,1.0,even_idm_leader_cmd04,0.4,margin,8.0,1.5,0,5.0,closed symmetric acceleration-command pulse,0.1,4,"[1,14,27,40]",1.0,jerk_saturation,5.0,-18.999999999999996,0,idm,[],60.0,0.2,even,5.301562605091698,19.72904833201028,0.004417968837576415,1.9,jerk,6.2,0.2157434402332361,1,5.0,gap_lower,0.710639156871452,6.800000000000001,1,0.35786361025327657,0.0,0.7,1.0,d42ccec8ba61e62a,1.0,167,prediction_scope,1.0,24.0,20.0,0.23305990945824115,1.2850471434666133,0.4809813191864798,212.0625042036679,41
20,2,"[1,20]",0.35,0.0,1.0,even_idm_leader_N20,0.2,predictive,8.0,1.5,0,5.0,closed symmetric acceleration-command pulse,0.1,2,"[1,20]",0.0,jerk,0.1,2.9917851233384956e-16,7,idm,[],60.0,0.2,even,0.0,24.0,0.0,1.4958925616692478e-16,jerk,0.1,2.9917851233384956e-16,7,1.4958925616692477e-15,acceleration_upper,0.9999999999999999,0.0,12,0.0,0.0,0.7,1.0,d4d3db89a10ab66d,1.0,167,chain_length_scope,1.0,24.0,20.0,1.4958925616692478e-16,0.0,0.0,0.0,21
20,2,"[1,20]",0.35,1.5,1.0,even_idm_leader_N20,0.2,predictive,8.0,1.5,0,5.0,closed symmetric acceleration-command pulse,0.1,2,"[1,20]",1.0,jerk_saturation,5.0,-15.0,0,idm,[],60.0,0.2,even,4.707138958310135,20.59906245446058,0.0039226157985917795,1.5,gap_lower,8.1,0.17004687727697104,1,5.0,gap_lower,0.7612126343801773,6.7,1,0.22223030938164356,0.06666666666666604,0.7,1.0,d563b5dacafa5a24,1.0,149,chain_length_scope,1.0,24.0,20.0,0.008688530052923455,1.2436058555481395,0.14999999999999858,94.1427791662027,21
40,4,"[37,38,39,40]",0.35,1.5,0.0,rear_idm_leader_d02,0.2,margin,8.0,1.5,0,5.0,closed symmetric acceleration-command pulse,0.1,4,"[37,38,39,40]",92.0,jerk_saturation,5.0,-15.0,0,idm,[],60.0,0.2,rear,144.33356016500022,-46.727982876548644,0.12027796680416686,4.5,gap_lower,60.0,3.5363991438274325,37,5.000000000000004,gap_lower,-3.089660039387174,59.900000000000006,37,8.88888888888889,0.1390674459232094,0.7,0.0,d58f2f3c33780174,0.0,149,layout_comparison;prediction_scope,0.0,24.0,20.0,4.5,103.72513326641933,20.0,5773.342406600009,41
40,4,"[1,14,27,40]",0.35,1.5,1.0,even_idm_leader_d02,0.2,margin,8.0,1.5,0,5.0,closed symmetric acceleration-command pulse,0.1,4,"[1,14,27,40]",1.0,jerk_saturation,5.0,-15.0,0,idm,[],60.0,0.2,even,4.216630914225021,20.903158065760977,0.003513859095187518,1.5,jerk,6.2,0.18004402927351704,1,5.0,gap_lower,0.7739406906150658,6.7,1,0.34133460735243504,0.0,0.7,1.0,d5b244ad900bdf08,1.0,191,controller_comparison;layout_comparison;prediction_scope,1.0,24.0,20.0,0.11425438583371327,2.140000000000782,0.39999999999812275,168.66523656900085,41
40,4,"[19,20,21,22]",0.35,0.0,1.0,middle_idm_leader_d02,0.2,margin,8.0,1.5,0,5.0,closed symmetric acceleration-command pulse,0.1,4,"[19,20,21,22]",0.0,jerk,0.1,3.0701592197295035e-16,35,idm,[],60.0,0.2,middle,0.0,24.0,0.0,1.5350796098647517e-16,jerk,0.1,3.0701592197295035e-16,35,1.5350796098647517e-15,acceleration_upper,0.9999999999999999,0.0,2,0.0,0.0,0.7,1.0,d5b3410a5f766168,1.0,47,layout_comparison,1.0,24.0,20.0,1.5350796098647517e-16,0.0,0.0,0.0,41
40,4,"[1,14,27,40]",0.35,2.5,1.0,even_idm_leader_d02,0.2,margin,8.0,1.5,0,5.0,closed symmetric acceleration-command pulse,0.1,4,"[1,14,27,40]",1.0,jerk_saturation,5.0,-25.0,0,idm,[],60.0,0.2,even,7.482797358130729,17.940824239627887,0.006235664465108941,2.5,gap_lower,8.6,0.30295878801860565,1,5.0,gap_lower,0.6284722142964542,7.1000000000000005,1,0.3329445331574059,0.0,0.7,1.0,d5dbba1526e62852,1.0,97,controller_comparison;layout_comparison;prediction_scope,1.0,24.0,20.0,0.1402796572112109,1.9137499999919783,0.4454346481251754,299.31189432522916,41
80,8,"[1,12,24,35,46,57,69,80]",0.35,2.5,0.0,even_idm_leader_N80,0.2,wave,8.0,1.5,0,5.0,closed symmetric acceleration-command pulse,0.1,8,"[1,12,24,35,46,57,69,80]",113.0,jerk_saturation,5.0,-25.0,0,idm,[],60.0,0.2,even,98.049021069479,-34.1165073170329,0.08170751755789916,4.5,gap_lower,59.0,2.905825365851645,24,5.000000000000004,gap_lower,-2.070203441418629,58.0,24,5.333333333333333,0.0,0.7,0.0,d5e3736e2c30e85c,0.0,97,chain_length_scope,0.0,24.0,20.0,4.5,91.3625753353133,20.0,7843.92168555832,81
40,4,"[1,14,27,40]",0.35,1.9,1.0,even_idm_leader_d02,0.2,margin,8.0,1.5,0,5.0,closed symmetric acceleration-command pulse,0.1,4,"[1,14,27,40]",1.0,jerk_saturation,5.0,-18.999999999999996,0,idm,[],60.0,0.2,even,5.64704786033848,19.858526954864345,0.0047058732169487335,1.9,jerk,6.0,0.2157434402332361,1,5.0,gap_lower,0.7185493977653218,6.7,1,0.3157433198713496,0.0,0.7,1.0,d60dec08c2227f5a,1.0,97,controller_comparison;layout_comparison;prediction_scope,1.0,24.0,20.0,0.21679742284252312,1.985737427121876,0.4454346481251754,225.88191441353922,41
40,4,"[1,2,3,4]",0.35,1.8,1.0,front_idm_leader_d02,0.2,margin,8.0,1.5,0,5.0,closed symmetric acceleration-command pulse,0.1,4,"[1,2,3,4]",1.0,jerk_saturation,5.0,-18.0,0,idm,[],60.0,0.2,front,6.83285781757475,20.118271619165995,0.005694048181312291,1.8,jerk,6.1000000000000005,0.1949187838400666,1,5.0,gap_lower,0.7314541031193812,6.7,1,0.3239786377755459,1.8630984676014525e-06,0.7,1.0,d622d84e525905aa,1.0,131,layout_comparison;prediction_scope,1.0,24.0,20.0,0.20351639197953236,2.972280225506438,0.4267386468430452,273.31431270299,41
40,4,"[1,2,3,4]",0.35,0.25,1.0,front_idm_leader_d02,0.2,margin,8.0,1.5,0,5.0,closed symmetric acceleration-command pulse,0.1,4,"[1,2,3,4]",0.0,gap_lower,12.9,0.028125,1,idm,[],60.0,0.2,front,0.0,23.4375,0.0,0.25,gap_lower,12.9,0.028125,1,5.0,gap_lower,0.9535000000000021,6.7,1,0.0,0.0,0.7,1.0,d65b9e41c06b2752,1.0,47,layout_comparison,1.0,24.0,20.0,1.5391286075856078e-16,0.5625,0.0,0.0,41
80,8,"[1,12,24,35,46,57,69,80]",0.35,1.0,1.0,even_idm_leader_N80,0.2,margin,8.0,1.5,0,5.0,closed symmetric acceleration-command pulse,0.1,8,"[1,12,24,35,46,57,69,80]",1.0,jerk_saturation,5.0,-10.0,0,idm,[],60.0,0.2,even,1.9125021866799046,22.041091224490145,0.0015937518222332537,1.0,jerk,7.7,0.15796767347454377,1,5.0,gap_lower,0.8475557889641916,6.7,1,0.39282817639827766,0.0,0.7,1.0,d66cf0f1e83aaf90,1.0,191,chain_length_scope,1.0,24.0,20.0,0.216797422842523,2.319560330533591,0.3999999999999915,153.00017493439236,81
40,4,"[37,38,39,40]",0.35,2.0,0.0,rear_idm_leader_d02,0.2,margin,8.0,1.5,0,5.0,closed symmetric acceleration-command pulse,0.1,4,"[37,38,39,40]",115.0,jerk_saturation,5.0,-20.0,0,idm,[],60.0,0.2,rear,216.754659402558,-50.31556877336012,0.180628882835465,4.5,gap_lower,60.0,3.715778438668006,37,5.000000000000004,gap_lower,-3.2406673614350394,59.900000000000006,37,6.666666666666667,0.13753485989580838,0.7,0.0,d71116d26172572a,0.0,191,layout_comparison;prediction_scope,0.0,24.0,20.0,4.5,102.89133322164446,20.0,8670.18637610232,41
40,4,"[37,38,39,40]",0.35,2.5,0.0,rear_idm_leader_d02,0.2,margin,8.0,1.5,0,5.0,closed symmetric acceleration-command pulse,0.1,4,"[37,38,39,40]",132.0,jerk_saturation,5.0,-25.0,0,idm,[],60.0,0.2,rear,278.60785492866364,-56.737301530135845,0.23217321244055306,4.5,gap_lower,60.0,4.036865076506793,37,5.000000000000004,gap_lower,-3.5207757941099054,59.900000000000006,37,5.333333333333333,0.16333522302864764,0.7,0.0,d71cda9c330bd806,0.0,29,layout_comparison,0.0,24.0,20.0,4.5,152.62033310234062,20.0,11144.314197146547,41
40,4,"[1,14,27,40]",0.35,2.0,1.0,even_idm_leader_d02,0.2,predictive,8.0,1.5,0,5.0,closed symmetric acceleration-command pulse,0.1,4,"[1,14,27,40]",1.0,jerk_saturation,5.0,-20.0,0,idm,[],60.0,0.2,even,3.451832533393548,19.272922396420682,0.00287652711116129,2.0,gap_lower,8.3,0.23635388017896589,1,5.0,gap_lower,0.6939790965800888,6.800000000000001,1,0.249984159893175,0.0,0.7,1.0,d727a9bd08e21905,1.0,167,controller_comparison,1.0,24.0,20.0,0.21679742284252312,1.3039503629260025,0.20000000000000995,138.07330133574192,41
40,4,"[19,20,21,22]",0.35,2.1,0.0,middle_idm_leader_d02,0.2,margin,8.0,1.5,0,5.0,closed symmetric acceleration-command pulse,0.1,4,"[19,20,21,22]",89.0,jerk_saturation,5.0,-21.0,0,idm,[],60.0,0.2,middle,142.9502623140436,-97.84296639202329,0.11912521859503634,4.5,gap_lower,50.5,6.092148319601164,19,5.000000000000004,gap_lower,-5.240460334534843,48.7,19,6.349206349206349,0.0013859274867137003,0.7,0.0,d761ea51ec22a491,0.0,29,layout_comparison,0.0,24.0,20.0,4.5,139.1936434857629,20.0,5718.010492561744,41
40,4,"[1,14,27,40]",0.35,1.7,1.0,even_ovm_leader_d02,0.2,margin,8.0,1.5,0,5.0,closed symmetric acceleration-command pulse,0.1,4,"[1,14,27,40]",2.0,jerk_saturation,5.0,-17.0,0,ovm,[],60.0,0.2,even,7.46123058692354,17.750336306082602,0.006217692155769616,1.7,gap_lower,55.2,0.3124831846958699,27,5.0,gap_lower,0.6835705145845891,54.1,27,0.7648466916472799,0.0,0.7,0.0,d773c05f56823e88,1.0,97,prediction_scope,0.0,24.0,20.0,0.37595867260182064,5.408487257896638,1.4502863799449237,298.4492234769416,41
40,4,"[1,14,27,40]",0.35,1.7,1.0,even_idm_leader_d02,0.2,margin,8.0,1.5,0,5.0,closed symmetric acceleration-command pulse,0.1,4,"[1,14,27,40]",1.0,jerk_saturation,5.0,-17.0,0,idm,[],60.0,0.2,even,5.17598008012111,20.398261426893157,0.004313316733434258,1.7,jerk,6.1000000000000005,0.1949187838400666,1,5.0,gap_lower,0.7461541031193801,6.7,1,0.32347790797516185,0.0,0.7,1.0,d7751033de14122d,1.0,47,controller_comparison;layout_comparison,1.0,24.0,20.0,0.10552927487814398,2.854250000015554,0.42499999999999005,207.0392032048444,41
40,4,"[1,14,27,40]",0.35,1.0,1.0,even_idm_leader_d02,0.2,wave,8.0,1.5,0,5.0,closed symmetric acceleration-command pulse,0.1,4,"[1,14,27,40]",1.0,jerk_saturation,5.0,-10.0,0,idm,[],60.0,0.2,even,2.0882857681295035,22.41719531546063,0.0017402381401079197,1.0,acceleration_upper,8.9,0.47616499802648427,1,5.0,acceleration_upper,0.4712842528868433,8.3,1,0.7636366299609705,0.0006616855708803845,0.7,1.0,d7c49beb30dbe487,1.0,113,controller_comparison,1.0,24.0,20.0,0.03686061523273137,0.32245395817813005,0.18115650899886404,83.53143072518014,41
40,4,"[1,2,3,4]",0.35,0.25,1.0,front_idm_leader_d02,0.2,margin,8.0,1.5,0,5.0,closed symmetric acceleration-command pulse,0.1,4,"[1,2,3,4]",0.0,gap_lower,12.9,0.028125,1,idm,[],60.0,0.2,front,0.0,23.4375,0.0,0.25,gap_lower,12.9,0.028125,1,5.0,gap_lower,0.9535000000000021,6.7,1,0.0,0.0,0.7,1.0,d7c7e399ab22e3aa,1.0,3,layout_comparison,1.0,24.0,20.0,1.5219494915025492e-16,0.5625,0.0,0.0,41
40,4,"[19,20,21,22]",0.35,1.5,1.0,middle_idm_leader_d02,0.2,margin,8.0,1.5,0,5.0,closed symmetric acceleration-command pulse,0.1,4,"[19,20,21,22]",44.0,jerk_saturation,5.0,-15.0,0,idm,[],60.0,0.2,middle,35.10091000664454,-13.224318485491153,0.02925075833887045,4.5,gap_lower,38.400000000000006,1.8612159242745576,19,5.000000000000004,gap_lower,-0.8705031908818495,37.5,19,8.88888888888889,0.00016163058352781768,0.7,0.0,d8319bff1bdd7c80,0.0,61,layout_comparison,0.0,24.0,20.0,4.5,27.959486300716094,20.0,1404.0364002657816,41
40,4,"[19,20,21,22]",0.35,1.5,1.0,middle_idm_leader_d02,0.2,margin,8.0,1.5,0,5.0,closed symmetric acceleration-command pulse,0.1,4,"[19,20,21,22]",1.0,jerk_saturation,5.0,-15.0,0,idm,[],60.0,0.2,middle,7.747229056061717,15.661412486044412,0.006456024213384764,1.8451226824707745,jerk,7.9,0.5659082665370638,1,5.0,acceleration_upper,0.5758164718382435,9.1,1,1.461973259126844,1.0250688880041202e-05,0.7,1.0,d842b225857d5cc1,1.0,47,layout_comparison,1.0,24.0,20.0,0.23790124096277748,4.107330558758463,0.6504811460015887,309.8891622424687,41
40,4,"[1,14,27,40]",0.35,2.5,0.0,even_idm_leader_d02,0.2,wave,8.0,1.5,0,5.0,closed symmetric acceleration-command pulse,0.1,4,"[1,14,27,40]",118.0,jerk_saturation,5.0,-25.0,0,idm,[],60.0,0.2,even,209.58164626444,-33.21224716348337,0.17465137188703334,4.5,gap_lower,60.0,2.8606123581741683,27,5.000000000000004,gap_lower,-2.0403607761716693,59.900000000000006,27,5.333333333333333,3.597592178600387,0.7,0.0,d8ad6532fefd0747,0.0,3,controller_comparison,0.0,24.0,20.0,4.5,78.23952733142733,20.0,8383.2658505776,41
40,4,"[37,38,39,40]",0.35,1.0,1.0,rear_idm_leader_d02,0.2,margin,8.0,1.5,0,5.0,closed symmetric acceleration-command pulse,0.1,4,"[37,38,39,40]",1.0,jerk_saturation,5.0,-10.0,0,idm,[],60.0,0.2,rear,2.5073948527050565,22.26522723163656,0.002089495710587547,1.003110796678591,acceleration_upper,9.1,0.3075757300288611,1,5.0,acceleration_upper,0.6996229756573912,9.0,1,0.8312391445159193,0.0,0.7,1.0,d9128b9c424c9492,1.0,47,layout_comparison,1.0,24.0,20.0,0.06391487239706817,0.598791901105983,0.3046245584087366,100.29579410820226,41
40,4,"[1,14,27,40]",0.35,1.0,1.0,even_ovm_leader_d02,0.2,margin,8.0,1.5,0,5.0,closed symmetric acceleration-command pulse,0.1,4,"[1,14,27,40]",1.0,jerk_saturation,5.0,-10.0,0,ovm,[],60.0,0.2,even,4.978257122568199,20.70341147220074,0.004148547602140166,1.0,gap_lower,55.1,0.16482942638996292,27,5.0,gap_lower,0.8286120065557142,54.1,27,0.7000711231322777,0.0,0.7,1.0,d9454413f260d42e,1.0,149,prediction_scope,1.0,24.0,20.0,0.23789993401627899,2.947467985986009,0.7690145082275102,199.13028490272796,41
80,8,"[1,12,24,35,46,57,69,80]",0.35,2.2,1.0,even_idm_leader_N80,0.2,predictive,8.0,1.5,0,5.0,closed symmetric acceleration-command pulse,0.1,8,"[1,12,24,35,46,57,69,80]",1.0,jerk_saturation,5.0,-22.0,0,idm,[],60.0,0.2,even,2.196753837701863,18.552015762797367,0.001830628198084886,2.2,gap_lower,8.6,0.2723992118601316,1,5.0,gap_lower,0.6637930717799548,6.9,1,0.2620283954456606,0.0,0.7,1.0,d945ac9114b6e67f,1.0,113,chain_length_scope,1.0,24.0,20.0,0.20351639197955376,2.310150386264752,0.2866621860954943,175.74030701614905,81
40,4,"[1,14,27,40]",0.35,2.5,1.0,even_idm_leader_cmd04,0.4,margin,8.0,1.5,0,5.0,closed symmetric acceleration-command pulse,0.1,4,"[1,14,27,40]",1.0,jerk_saturation,5.0,-25.0,0,idm,[],60.0,0.2,even,7.329007509913526,17.768573398377953,0.006107506258261272,2.5,gap_lower,8.5,0.3115713300811024,1,5.0,gap_lower,0.6226531178538599,7.2,1,0.35790496768155816,0.0,0.7,1.0,d990d7f0f5bb46c1,1.0,97,prediction_scope,1.0,24.0,20.0,0.23305990961353198,1.7049999999999272,0.5486850823281806,293.16030039654106,41
40,4,"[37,38,39,40]",0.35,2.0,0.0,rear_idm_leader_d02,0.2,margin,8.0,1.5,0,5.0,closed symmetric acceleration-command pulse,0.1,4,"[37,38,39,40]",122.0,jerk_saturation,5.0,-20.0,0,idm,[],60.0,0.2,rear,241.92378920643577,-55.09829480590028,0.20160315767202983,4.5,gap_lower,60.0,3.954914740295014,37,5.000000000000004,gap_lower,-3.442957199100215,59.900000000000006,37,6.666666666666667,0.18750462975352158,0.7,0.0,d99143e526f9a79d,0.0,61,layout_comparison,0.0,24.0,20.0,4.5,89.5078057083914,20.0,9676.951568257431,41
20,2,"[1,20]",0.35,0.25,1.0,even_idm_leader_N20,0.2,margin,8.0,1.5,0,5.0,closed symmetric acceleration-command pulse,0.1,2,"[1,20]",0.0,gap_lower,12.9,0.028125,1,idm,[],60.0,0.2,even,0.0,23.4375,0.0,0.25,gap_lower,12.9,0.028125,1,5.0,gap_lower,0.9535000000000021,6.7,1,0.0,0.0,0.7,1.0,d9fedb52c3f4135e,1.0,97,chain_length_scope,1.0,24.0,20.0,1.5243236291431183e-16,0.5625,0.0,0.0,21
40,4,"[1,2,3,4]",0.35,2.1,1.0,front_idm_leader_d02,0.2,margin,8.0,1.5,0,5.0,closed symmetric acceleration-command pulse,0.1,4,"[1,2,3,4]",1.0,jerk_saturation,5.0,-21.0,0,idm,[],60.0,0.2,front,6.815883853701595,19.221536821795013,0.005679903211417996,2.1,gap_lower,8.200000000000001,0.23892315891024934,1,5.0,gap_lower,0.688120998403801,6.800000000000001,1,0.3173783908256328,4.196628521093597e-06,0.7,1.0,da1b2d90c642dfb4,1.0,3,layout_comparison,1.0,24.0,20.0,0.06526896377350075,2.3587499999998727,0.42335893892416365,272.6353541480638,41
40,4,"[1,14,27,40]",0.35,1.7,1.0,even_idm_leader_d02,0.2,wave,8.0,1.5,0,5.0,closed symmetric acceleration-command pulse,0.1,4,"[1,14,27,40]",2.0,jerk_saturation,5.0,-17.0,0,idm,[],60.0,0.2,even,6.819091014735176,20.98041647099396,0.005682575845612646,1.7,acceleration_upper,9.0,0.7722007508944968,1,5.0,acceleration_upper,0.15762496776271306,8.4,1,0.8201494681095098,0.0030705403003167377,0.7,0.0,da4535999cac359d,1.0,79,controller_comparison,0.0,24.0,20.0,0.32893473380283417,1.6371793265697363,1.0240583701451946,272.76364058940703,41
80,8,"[1,12,24,35,46,57,69,80]",0.35,1.5,1.0,even_idm_leader_N80,0.2,wave,8.0,1.5,0,5.0,closed symmetric acceleration-command pulse,0.1,8,"[1,12,24,35,46,57,69,80]",1.0,jerk_saturation,5.0,-15.0,0,idm,[],60.0,0.2,even,1.9581046051783475,21.546420964520223,0.0016317538376486229,1.5,acceleration_upper,9.0,0.6910652464529088,1,5.0,acceleration_upper,0.2408760651583718,8.4,1,0.7855481259587296,0.0,0.7,1.0,da50f84a92805a27,1.0,97,chain_length_scope,1.0,24.0,20.0,0.09900849280730016,0.7159138280346724,0.4333965343808437,156.6483684142678,81
20,2,"[1,20]",0.35,1.0,1.0,even_idm_leader_N20,0.2,wave,8.0,1.5,0,5.0,closed symmetric acceleration-command pulse,0.1,2,"[1,20]",1.0,jerk_saturation,5.0,-10.0,0,idm,[],60.0,0.2,even,2.7023543056096435,22.41719531546063,0.0022519619213413698,1.0,acceleration_upper,8.9,0.47616499802648427,1,5.0,acceleration_upper,0.4712842528868433,8.3,1,0.7636366299609705,0.16141991663021335,0.7,1.0,dabf7e06c4007ff3,1.0,97,chain_length_scope,1.0,24.0,20.0,0.0023909798116242852,0.12715694908672504,0.03437420753738607,54.04708611219287,21
40,4,"[37,38,39,40]",0.35,1.9,0.0,rear_idm_leader_d02,0.2,margin,8.0,1.5,0,5.0,closed symmetric acceleration-command pulse,0.1,4,"[37,38,39,40]",117.0,jerk_saturation,5.0,-18.999999999999996,0,idm,[],60.0,0.2,rear,221.48180386323537,-52.720688288316204,0.18456816988602948,4.5,gap_lower,60.0,3.8360344144158107,37,5.000000000000004,gap_lower,-3.342107065601085,59.900000000000006,37,7.017543859649123,0.171066004256487,0.7,0.0,db0b94ea8d54751c,0.0,167,layout_comparison;prediction_scope,0.0,24.0,20.0,4.5,104.48025250193797,20.0,8859.272154529415,41
40,4,"[1,14,27,40]",0.35,1.5,1.0,even_idm_leader_d02,0.2,acc,8.0,1.5,0,5.0,closed symmetric acceleration-command pulse,0.1,4,"[1,14,27,40]",2.0,jerk_saturation,5.0,-15.0,0,idm,[],60.0,0.2,even,6.656634510574006,21.185559729438395,0.005547195425478338,1.5,acceleration_upper,9.200000000000001,0.6217650735345163,1,5.0,acceleration_upper,0.33895041296577066,8.700000000000001,1,0.9084934736002848,0.003003129086855615,0.7,0.0,db189ea801f0d68f,1.0,29,controller_comparison,0.0,24.0,20.0,0.4602790343671831,2.291978194428964,1.289966998060482,266.2653804229602,41
40,4,"[1,14,27,40]",0.35,1.7,1.0,even_idm_internal8_d02,0.2,margin,8.0,1.5,8,5.0,closed symmetric acceleration-command pulse,0.1,4,"[1,14,27,40]",2.0,jerk_saturation,5.0,-17.0,8,idm,[],60.0,0.2,even,4.65391144644621,18.81035355007016,0.0038782595387051744,1.7,jerk,5.1000000000000005,1.0,8,5.0,acceleration_upper,0.0,6.5,8,0.9557961582339672,0.1666627888770074,0.7,1.0,db1ddf72e9377de0,1.0,113,prediction_scope,1.0,24.0,20.0,0.24918009525056659,2.725737644281537,0.4249901116363688,186.15645785784838,41
40,4,"[37,38,39,40]",0.35,2.5,0.0,rear_idm_leader_d02,0.2,margin,8.0,1.5,0,5.0,closed symmetric acceleration-command pulse,0.1,4,"[37,38,39,40]",134.0,jerk_saturation,5.0,-25.0,0,idm,[],60.0,0.2,rear,281.20743921954937,-54.013192720652796,0.2343395326829578,4.5,gap_lower,60.0,3.90065963603264,37,5.000000000000004,gap_lower,-3.3972413657137386,59.900000000000006,37,5.333333333333333,0.1366739261201881,0.7,0.0,db31893fbf1364ad,0.0,191,layout_comparison;prediction_scope,0.0,24.0,20.0,4.5,116.02281392242617,20.0,11248.297568781974,41
40,4,"[1,14,27,40]",0.35,2.0,1.0,even_idm_leader_d02,0.2,predictive,8.0,1.5,0,5.0,closed symmetric acceleration-command pulse,0.1,4,"[1,14,27,40]",1.0,jerk_saturation,5.0,-20.0,0,idm,[],60.0,0.2,even,3.505012818070874,19.272922396420682,0.0029208440150590618,2.0,gap_lower,8.3,0.23635388017896589,1,5.0,gap_lower,0.6939790965800888,6.800000000000001,1,0.26544285586207533,0.0,0.7,1.0,db44d94d24e4efba,1.0,149,controller_comparison,1.0,24.0,20.0,0.21679742284252312,1.3164108174717057,0.20000000000000995,140.20051272283496,41
80,8,"[1,12,24,35,46,57,69,80]",0.35,2.0,1.0,even_idm_leader_N80,0.2,predictive,8.0,1.5,0,5.0,closed symmetric acceleration-command pulse,0.1,8,"[1,12,24,35,46,57,69,80]",1.0,jerk_saturation,5.0,-20.0,0,idm,[],60.0,0.2,even,1.7214407653972512,19.272922396420682,0.001434533971164376,2.0,gap_lower,8.3,0.23635388017896589,1,5.0,gap_lower,0.6939790965800888,6.800000000000001,1,0.249984159893175,0.0,0.7,1.0,dbe2ddb1fa791501,1.0,97,chain_length_scope,1.0,24.0,20.0,0.21679742284252312,1.529799163944574,0.20000000000000995,137.7152612317801,81
20,2,"[1,20]",0.35,2.2,1.0,even_idm_leader_N20,0.2,predictive,8.0,1.5,0,5.0,closed symmetric acceleration-command pulse,0.1,2,"[1,20]",1.0,jerk_saturation,5.0,-22.0,0,idm,[],60.0,0.2,even,7.759710194138376,18.552015762797367,0.00646642516178198,2.2,gap_lower,8.6,0.2723992118601316,1,5.0,gap_lower,0.6637930717799548,6.9,1,0.25976334362606607,0.06060606060606361,0.7,1.0,dc08e4af2197c7f1,1.0,149,chain_length_scope,1.0,24.0,20.0,0.022031112823239066,2.272107377736347,0.20000000000000995,155.1942038827675,21
40,4,"[1,14,27,40]",0.35,1.0,1.0,even_idm_leader_cmd04,0.4,margin,8.0,1.5,0,5.0,closed symmetric acceleration-command pulse,0.1,4,"[1,14,27,40]",1.0,jerk_saturation,5.0,-10.0,0,idm,[],60.0,0.2,even,3.3671101493647555,21.96675522775942,0.0028059251244706295,1.0,jerk,6.7,0.1618300440899868,1,5.0,gap_lower,0.8437995695711498,6.7,1,0.4483730224959383,0.0,0.7,1.0,dc3eccc60dd5ea8b,1.0,149,prediction_scope,1.0,24.0,20.0,0.23789992915384064,2.182649973817661,0.41472302024031293,134.68440597459022,41
40,4,"[37,38,39,40]",0.35,2.0,0.0,rear_idm_leader_d02,0.2,margin,8.0,1.5,0,5.0,closed symmetric acceleration-command pulse,0.1,4,"[37,38,39,40]",119.0,jerk_saturation,5.0,-20.0,0,idm,[],60.0,0.2,rear,233.63935624080483,-54.97599805722105,0.19469946353400402,4.5,gap_lower,60.0,3.9487999028610523,37,5.000000000000004,gap_lower,-3.4377455739139386,59.900000000000006,37,6.666666666666667,0.18750462975352158,0.7,0.0,dc5b444d61d63bbd,0.0,97,layout_comparison;prediction_scope,0.0,24.0,20.0,4.5,128.07025062671806,20.0,9345.574249632193,41
40,4,"[1,14,27,40]",0.35,2.0,1.0,even_ovm_leader_d02,0.2,margin,8.0,1.5,0,5.0,closed symmetric acceleration-command pulse,0.1,4,"[1,14,27,40]",2.0,jerk_saturation,5.0,-20.0,0,ovm,[],60.0,0.2,even,9.36899626380539,14.436841452589647,0.007807496886504492,2.0,gap_lower,55.7,0.47815792737051765,27,5.0,gap_lower,0.5105041717826426,54.400000000000006,27,1.014416388616019,0.0,0.7,0.0,dc70b572a1445e73,1.0,191,prediction_scope,0.0,24.0,20.0,0.7234453647209297,8.676055978632348,2.074719930844889,374.7598505522156,41
40,4,"[37,38,39,40]",0.35,1.7,0.0,rear_idm_leader_d02,0.2,margin,8.0,1.5,0,5.0,closed symmetric acceleration-command pulse,0.1,4,"[37,38,39,40]",107.0,jerk_saturation,5.0,-17.0,0,idm,[],60.0,0.2,rear,187.4524436452332,-50.99000043521829,0.156210369704361,4.5,gap_lower,60.0,3.7495000217609147,37,5.000000000000004,gap_lower,-3.269170607695311,59.900000000000006,37,7.843137254901961,0.17159792148107147,0.7,0.0,dc7a1b28057e88d2,0.0,11,layout_comparison,0.0,24.0,20.0,4.5,109.1280284651034,20.0,7498.0977458093275,41
80,8,"[1,12,24,35,46,57,69,80]",0.35,0.25,1.0,even_idm_leader_N80,0.2,predictive,8.0,1.5,0,5.0,closed symmetric acceleration-command pulse,0.1,8,"[1,12,24,35,46,57,69,80]",0.0,gap_lower,12.9,0.028125,1,idm,[],60.0,0.2,even,0.0,23.4375,0.0,0.25,gap_lower,12.9,0.028125,1,5.0,gap_lower,0.9535000000000021,6.7,1,0.0,0.0,0.7,1.0,dc82e8dfa20d7b0a,1.0,97,chain_length_scope,1.0,24.0,20.0,3.061430203853012e-16,0.5625,0.0,0.0,81
40,4,"[1,2,3,4]",0.35,2.5,1.0,front_idm_leader_d02,0.2,margin,8.0,1.5,0,5.0,closed symmetric acceleration-command pulse,0.1,4,"[1,2,3,4]",1.0,jerk_saturation,5.0,-25.0,0,idm,[],60.0,0.2,front,8.085430666609902,17.940824239627887,0.006737858888841585,2.5,gap_lower,8.6,0.30295878801860565,1,5.0,gap_lower,0.6284722142964542,7.1000000000000005,1,0.3329445331574059,3.8150793291909695e-06,0.7,1.0,dc8fabb8e05ff8ea,1.0,29,layout_comparison,1.0,24.0,20.0,0.20351639197953236,2.983819241997253,0.5175772440145217,323.4172266643961,41
40,4,"[1,14,27,40]",0.35,1.9,1.0,even_idm_leader_d02,0.2,margin,8.0,1.5,0,5.0,closed symmetric acceleration-command pulse,0.1,4,"[1,14,27,40]",1.0,jerk_saturation,5.0,-18.999999999999996,0,idm,[],60.0,0.2,even,5.349847034852429,19.858526954864345,0.004458205862377024,1.9,jerk,6.0,0.2157434402332361,1,5.0,gap_lower,0.7185493977653218,6.7,1,0.3157433198713496,0.0,0.7,1.0,dc976e93a0c12db6,1.0,167,controller_comparison;layout_comparison;prediction_scope,1.0,24.0,20.0,0.21679742284252312,1.9740573398106562,0.40475777813171376,213.99388139409714,41
40,4,"[1,14,27,40]",0.35,1.9,0.0,even_idm_leader_d02,0.2,acc,8.0,1.5,0,5.0,closed symmetric acceleration-command pulse,0.1,4,"[1,14,27,40]",94.0,jerk_saturation,5.0,-18.999999999999996,0,idm,[],60.0,0.2,even,140.47818900614294,-2.5277222520933265,0.1170651575051191,4.5,gap_lower,43.1,1.3263861126046663,25,5.000000000000004,gap_lower,-0.5018861126046668,42.6,25,7.017543859649123,3.4440997670702904,0.7,0.0,dc9f338e32264dd9,0.0,131,controller_comparison,0.0,24.0,20.0,4.5,102.1273036998212,20.0,5619.127560245717,41
80,8,"[1,12,24,35,46,57,69,80]",0.35,0.0,1.0,even_idm_leader_N80,0.2,margin,8.0,1.5,0,5.0,closed symmetric acceleration-command pulse,0.1,8,"[1,12,24,35,46,57,69,80]",0.0,jerk,0.1,3.08266268155979e-16,13,idm,[],60.0,0.2,even,0.0,24.0,0.0,1.5413313407798953e-16,jerk,0.1,3.08266268155979e-16,13,1.5413313407798952e-15,acceleration_upper,0.9999999999999999,0.0,2,0.0,0.0,0.7,1.0,dca77eefd3d33b1c,1.0,113,chain_length_scope,1.0,24.0,20.0,1.5413313407798953e-16,0.0,0.0,0.0,81
80,8,"[1,12,24,35,46,57,69,80]",0.35,2.5,1.0,even_idm_leader_N80,0.2,predictive,8.0,1.5,0,5.0,closed symmetric acceleration-command pulse,0.1,8,"[1,12,24,35,46,57,69,80]",1.0,jerk_saturation,5.0,-25.0,0,idm,[],60.0,0.2,even,2.710472643598849,17.44987155700528,0.0022587272029990406,2.5,gap_lower,8.8,0.32750642214973597,1,5.0,gap_lower,0.616796615564511,7.0,1,0.2805224935839429,0.0,0.7,1.0,dcbb1b2125ecbbec,1.0,167,chain_length_scope,1.0,24.0,20.0,0.0552230757898065,2.568053484495465,0.3527526695579617,216.8378114879079,81
40,4,"[1,14,27,40]",0.35,1.5,0.0,even_idm_leader_d02,0.2,acc,8.0,1.5,0,5.0,closed symmetric acceleration-command pulse,0.1,4,"[1,14,27,40]",66.0,jerk_saturation,5.0,-15.0,0,idm,[],60.0,0.2,even,70.65541116895507,-2.4670538002907136,0.05887950930746256,4.5,gap_lower,59.300000000000004,1.3233526900145356,37,5.000000000000004,gap_lower,-0.49885269001453525,58.800000000000004,37,8.88888888888889,2.4684187737756815,0.7,0.0,dcd0dc9332c04d54,0.0,113,controller_comparison,0.0,24.0,20.0,4.5,63.06453586076378,20.0,2826.216446758203,41
40,4,"[1,14,27,40]",0.35,1.0,1.0,even_idm_internal8_d02,0.2,margin,8.0,1.5,8,5.0,closed symmetric acceleration-command pulse,0.1,4,"[1,14,27,40]",1.0,jerk_saturation,5.0,-10.0,8,idm,[],60.0,0.2,even,2.0630592138787116,22.54693807721739,0.0017192160115655929,1.0,jerk,5.1000000000000005,1.0,8,5.0,acceleration_upper,0.1451400410534599,7.4,8,0.8558435169813094,0.0,0.7,1.0,dcf795d149c2a3f0,1.0,149,prediction_scope,1.0,24.0,20.0,0.04401159888928357,2.2226519289682187,0.23388735450584264,82.52236855514846,41
40,4,"[1,14,27,40]",0.35,1.5,1.0,even_idm_leader_d02,0.2,predictive,8.0,1.5,0,5.0,closed symmetric acceleration-command pulse,0.1,4,"[1,14,27,40]",1.0,jerk_saturation,5.0,-15.0,0,idm,[],60.0,0.2,even,2.5122648011533926,20.59906245446058,0.0020935540009611605,1.5,gap_lower,8.1,0.17004687727697104,1,5.0,gap_lower,0.7612126343801773,6.7,1,0.2222220090665543,0.0,0.7,1.0,dcfe118747a6421d,1.0,47,controller_comparison,1.0,24.0,20.0,0.004339857236394468,1.2170856906748782,0.14999999999999858,100.4905920461357,41
40,4,"[1,14,27,40]",0.35,1.8,1.0,even_idm_leader_cmd0,0.0,margin,8.0,1.5,0,5.0,closed symmetric acceleration-command pulse,0.1,4,"[1,14,27,40]",1.0,jerk_saturation,5.0,-18.0,0,idm,[],60.0,0.2,even,5.384024876948608,20.24543240660705,0.0044866873974571736,1.8,jerk,5.9,0.1949187838400666,1,5.0,gap_lower,0.7398714811833569,6.7,1,0.29629195513215,0.0,0.7,1.0,dd55fa344314b082,1.0,97,prediction_scope,1.0,24.0,20.0,0.15889212902428032,2.6369999999992615,0.3556536882761705,215.36099507794432,41
40,4,"[1,14,27,40]",0.35,1.8,1.0,even_idm_leader_cmd04,0.4,margin,8.0,1.5,0,5.0,closed symmetric acceleration-command pulse,0.1,4,"[1,14,27,40]",1.0,jerk_saturation,5.0,-18.0,0,idm,[],60.0,0.2,even,5.483075772663914,19.97482180146011,0.004569229810553261,1.8,gap_lower,8.0,0.20125890992699452,1,5.0,gap_lower,0.7249757443671356,6.800000000000001,1,0.3597731786581764,0.0,0.7,1.0,ddf6054f6a92e194,1.0,113,prediction_scope,1.0,24.0,20.0,0.13978722225333196,2.0407499999898846,0.460921377506466,219.32303090655654,41
40,4,"[1,14,27,40]",0.35,2.0,1.0,even_ovm_leader_d02,0.2,margin,8.0,1.5,0,5.0,closed symmetric acceleration-command pulse,0.1,4,"[1,14,27,40]",2.0,jerk_saturation,5.0,-20.0,0,ovm,[],60.0,0.2,even,8.558953393281888,16.036509528717204,0.00713246116106824,2.0,gap_lower,55.800000000000004,0.3981745235641398,27,5.0,gap_lower,0.5922887562384686,54.5,27,0.8305962441092021,0.0,0.7,0.0,de0582d2c402699e,1.0,113,prediction_scope,0.0,24.0,20.0,0.5861573588622214,7.3901113002183365,1.7008363348678053,342.3581357312755,41
40,4,"[1,14,27,40]",0.35,2.1,0.0,even_idm_leader_d02,0.2,wave,8.0,1.5,0,5.0,closed symmetric acceleration-command pulse,0.1,4,"[1,14,27,40]",71.0,jerk_saturation,5.0,-21.0,0,idm,[],60.0,0.2,even,88.1587224838114,-23.90275214852207,0.07346560206984283,4.5,gap_lower,53.0,2.3951376074261033,27,5.000000000000004,gap_lower,-1.5069825674157182,50.5,27,6.349206349206349,2.0644407906226725,0.7,0.0,de4d538f3769a4fc,0.0,131,controller_comparison,0.0,24.0,20.0,4.5,80.83635756167524,20.0,3526.348899352456,41
40,4,"[37,38,39,40]",0.35,1.5,1.0,rear_idm_leader_d02,0.2,margin,8.0,1.5,0,5.0,closed symmetric acceleration-command pulse,0.1,4,"[37,38,39,40]",2.0,jerk_saturation,5.0,-15.0,0,idm,[],60.0,0.2,rear,9.220529783234989,20.439141784993012,0.00768377481936249,1.6525850922689307,jerk,7.9,0.5465681636313844,1,5.0,acceleration_upper,0.57756118019626,9.1,1,1.084608000444081,0.0,0.7,0.0,de81a9867bc5ea92,1.0,131,layout_comparison;prediction_scope,0.0,24.0,20.0,1.181170926447535,3.536144600058364,2.4403680009991824,368.82119132939954,41
40,4,"[1,14,27,40]",0.35,1.0,1.0,even_idm_leader_d02,0.2,predictive,8.0,1.5,0,5.0,closed symmetric acceleration-command pulse,0.1,4,"[1,14,27,40]",1.0,jerk_saturation,5.0,-10.0,0,idm,[],60.0,0.2,even,1.7649814099903018,21.882056486128107,0.001470817841658585,1.0,jerk,11.200000000000001,0.14285753923608713,1,5.0,gap_lower,0.836886763385144,6.7,1,0.2333332177228229,0.0,0.7,1.0,def150579c5d2351,1.0,167,controller_comparison,1.0,24.0,20.0,0.20351639197953236,1.1585969387929254,0.12500000000001066,70.59925639961207,41
40,4,"[19,20,21,22]",0.35,0.0,1.0,middle_idm_leader_d02,0.2,margin,8.0,1.5,0,5.0,closed symmetric acceleration-command pulse,0.1,4,"[19,20,21,22]",0.0,jerk,0.1,3.002655725429388e-16,18,idm,[],60.0,0.2,middle,0.0,24.0,0.0,1.477107317951692e-16,jerk,0.1,3.002655725429388e-16,18,1.5013278627146939e-15,acceleration_upper,0.9999999999999999,0.0,16,0.0,0.0,0.7,1.0,df2ab8c77e085231,1.0,29,layout_comparison,1.0,24.0,20.0,1.501327862714694e-16,0.0,0.0,0.0,41
40,4,"[19,20,21,22]",0.35,1.5,1.0,middle_idm_leader_d02,0.2,margin,8.0,1.5,0,5.0,closed symmetric acceleration-command pulse,0.1,4,"[19,20,21,22]",3.0,jerk_saturation,5.0,-15.0,0,idm,[],60.0,0.2,middle,9.897786468876339,10.189403964170765,0.008248155390730283,3.9129868974306796,jerk,32.1,1.0,18,5.0,acceleration_lower,0.1451926701033235,31.5,18,2.487052741776572,5.6325716043501314e-05,0.7,0.0,df9573bd1b580a05,1.0,167,layout_comparison;prediction_scope,0.0,24.0,20.0,0.24136227432357332,6.0927872392570634,1.0068200534816256,395.91145875505356,41
40,4,"[1,14,27,40]",0.35,1.8,1.0,even_idm_leader_d02,0.2,wave,8.0,1.5,0,5.0,closed symmetric acceleration-command pulse,0.1,4,"[1,14,27,40]",2.0,jerk_saturation,5.0,-18.0,0,idm,[],60.0,0.2,even,10.588305036207698,18.966005185499498,0.008823587530173082,2.9882944997893075,acceleration_upper,9.0,0.8108967007441591,1,5.0,acceleration_upper,0.1154448318353769,8.5,1,1.5146842365895201,0.01588661700412575,0.7,0.0,dfb7f3933ad24e81,1.0,79,controller_comparison,0.0,24.0,20.0,2.9882944997893075,5.0339948145005025,4.089647438791705,423.53220144830794,41
40,4,"[1,14,27,40]",0.35,0.25,1.0,even_idm_leader_d02,0.2,wave,8.0,1.5,0,5.0,closed symmetric acceleration-command pulse,0.1,4,"[1,14,27,40]",0.0,acceleration_upper,8.700000000000001,0.12363052410794312,1,idm,[],60.0,0.2,even,0.36121595040054766,23.63545048406307,0.0003010132920004564,0.25,acceleration_upper,8.700000000000001,0.12363052410794312,1,5.0,acceleration_upper,0.8602823717271342,8.200000000000001,1,0.7078878072353424,0.0003001982551609217,0.7,1.0,e02d7289775fe4a5,1.0,79,controller_comparison,1.0,24.0,20.0,0.003670795838205081,0.04700228925645433,0.019693957247152838,14.448638016021906,41
40,4,"[1,14,27,40]",0.35,2.5,0.0,even_idm_leader_d02,0.2,acc,8.0,1.5,0,5.0,closed symmetric acceleration-command pulse,0.1,4,"[1,14,27,40]",134.0,jerk_saturation,5.0,-25.0,0,idm,[],60.0,0.2,even,266.2756343469748,-2.4538692777522755,0.22189636195581233,4.5,gap_lower,30.400000000000002,1.3226934638876138,16,5.000000000000004,gap_lower,-0.4981934638876144,29.900000000000002,16,5.333333333333333,4.470485640970901,0.7,0.0,e02f64991f83000e,0.0,3,controller_comparison,0.0,24.0,20.0,4.5,104.62124483579464,20.0,10651.025373878992,41
40,4,"[37,38,39,40]",0.35,0.0,1.0,rear_idm_leader_d02,0.2,margin,8.0,1.5,0,5.0,closed symmetric acceleration-command pulse,0.1,4,"[37,38,39,40]",0.0,jerk,0.1,3.0946089165499e-16,17,idm,[],60.0,0.2,rear,0.0,24.0,0.0,1.54730445827495e-16,jerk,0.1,3.0946089165499e-16,17,1.5473044582749498e-15,acceleration_upper,0.9999999999999999,0.0,8,0.0,0.0,0.7,1.0,e03d104bb76c0cbd,1.0,191,layout_comparison;prediction_scope,1.0,24.0,20.0,1.54730445827495e-16,0.0,0.0,0.0,41
80,8,"[1,12,24,35,46,57,69,80]",0.35,1.5,1.0,even_idm_leader_N80,0.2,margin,8.0,1.5,0,5.0,closed symmetric acceleration-command pulse,0.1,8,"[1,12,24,35,46,57,69,80]",1.0,jerk_saturation,5.0,-15.0,0,idm,[],60.0,0.2,even,2.2972673824222403,20.903158065760977,0.0019143894853518668,1.5,jerk,6.2,0.18004402927351704,1,5.0,gap_lower,0.7739406906150658,6.7,1,0.34133460735243504,0.0,0.7,1.0,e0495a5018bd025d,1.0,149,chain_length_scope,1.0,24.0,20.0,0.21679742284252312,2.140000000000782,0.3999999999999915,183.7813905937792,81
40,4,"[1,14,27,40]",0.35,2.1,1.0,even_idm_leader_d02,0.2,wave,8.0,1.5,0,5.0,closed symmetric acceleration-command pulse,0.1,4,"[1,14,27,40]",2.0,jerk_saturation,5.0,-21.0,0,idm,[],60.0,0.2,even,9.554687760973568,20.39733232282005,0.007962239800811306,2.1,acceleration_upper,9.1,0.8999253658133026,1,5.0,acceleration_upper,0.02677248708323876,8.6,1,0.8358423168215109,0.003701936355667616,0.7,0.0,e0d6a286462b0081,1.0,191,controller_comparison,0.0,24.0,20.0,0.6725141495753159,2.604337371976385,1.6875275674527828,382.1875104389427,41
40,4,"[1,14,27,40]",0.35,0.25,1.0,even_idm_leader_cmd04,0.4,margin,8.0,1.5,0,5.0,closed symmetric acceleration-command pulse,0.1,4,"[1,14,27,40]",0.0,gap_lower,12.9,0.028125,1,idm,[],60.0,0.2,even,0.0,23.4375,0.0,0.25,gap_lower,12.9,0.028125,1,5.0,gap_lower,0.9535000000000021,6.7,1,0.0,0.0,0.7,1.0,e0e28dd58460f98d,1.0,149,prediction_scope,1.0,24.0,20.0,1.5387896672963254e-16,0.5625,0.0,0.0,41
40,4,"[1,14,27,40]",0.35,0.0,1.0,even_idm_leader_cmd0,0.0,margin,8.0,1.5,0,5.0,closed symmetric acceleration-command pulse,0.1,4,"[1,14,27,40]",0.0,jerk,0.1,3.0946089165499e-16,17,idm,[],60.0,0.2,even,0.0,24.0,0.0,1.54730445827495e-16,jerk,0.1,3.0946089165499e-16,17,1.5473044582749498e-15,acceleration_upper,0.9999999999999999,0.0,8,0.0,0.0,0.7,1.0,e0fc5d620226720c,1.0,191,prediction_scope,1.0,24.0,20.0,1.54730445827495e-16,0.0,0.0,0.0,41
80,8,"[1,12,24,35,46,57,69,80]",0.35,1.8,1.0,even_idm_leader_N80,0.2,wave,8.0,1.5,0,5.0,closed symmetric acceleration-command pulse,0.1,8,"[1,12,24,35,46,57,69,80]",1.0,jerk_saturation,5.0,-18.0,0,idm,[],60.0,0.2,even,2.9032329367957947,20.911404197126387,0.0024193607806631623,1.8,acceleration_upper,9.0,0.8108967007441591,1,5.0,acceleration_upper,0.1154448318353769,8.5,1,0.7942805054877989,0.0,0.7,1.0,e10cd20603143088,1.0,131,chain_length_scope,1.0,24.0,20.0,0.13044831574297225,0.8706770913905189,0.5540393178682734,232.25863494366357,81
40,4,"[19,20,21,22]",0.35,2.1,0.0,middle_idm_leader_d02,0.2,margin,8.0,1.5,0,5.0,closed symmetric acceleration-command pulse,0.1,4,"[19,20,21,22]",99.0,jerk_saturation,5.0,-21.0,0,idm,[],60.0,0.2,middle,163.8274406620901,-99.94917894579382,0.13652286721840842,4.5,gap_lower,52.5,6.197458947289691,19,5.000000000000004,gap_lower,-5.354405292251896,50.900000000000006,19,6.349206349206349,0.0010604471159562459,0.7,0.0,e1231cf26f6ec19a,0.0,61,layout_comparison,0.0,24.0,20.0,4.5,116.77271310790667,20.0,6553.0976264836045,41
40,4,"[1,14,27,40]",0.35,1.9,1.0,even_idm_leader_d02,0.2,margin,8.0,1.5,0,5.0,closed symmetric acceleration-command pulse,0.1,4,"[1,14,27,40]",1.0,jerk_saturation,5.0,-18.999999999999996,0,idm,[],60.0,0.2,even,5.495304921491764,19.858526954864345,0.004579420767909803,1.9,jerk,6.0,0.2157434402332361,1,5.0,gap_lower,0.7185493977653218,6.7,1,0.33322525863567254,0.0,0.7,1.0,e15853d553c6950b,1.0,3,controller_comparison;layout_comparison,1.0,24.0,20.0,0.21679742284252312,1.9786967491097585,0.42499999999999005,219.81219685967056,41
40,4,"[1,14,27,40]",0.35,1.9,1.0,even_idm_leader_d02,0.2,margin,8.0,1.5,0,5.0,closed symmetric acceleration-command pulse,0.1,4,"[1,14,27,40]",1.0,jerk_saturation,5.0,-18.999999999999996,0,idm,[],60.0,0.2,even,5.78520827171158,19.858526954864345,0.004821006893092983,1.9,jerk,6.0,0.2157434402332361,1,5.0,gap_lower,0.7185493977653218,6.7,1,0.3157433198713496,0.0,0.7,1.0,e18b15de5f88a9b3,1.0,113,controller_comparison;layout_comparison;prediction_scope,1.0,24.0,20.0,0.11891802595101504,2.0006857496375687,0.42499999999999005,231.4083308684632,41
40,4,"[1,14,27,40]",0.35,2.5,1.0,even_ovm_leader_d02,0.2,margin,8.0,1.5,0,5.0,closed symmetric acceleration-command pulse,0.1,4,"[1,14,27,40]",2.0,jerk_saturation,5.0,-25.0,0,ovm,[],60.0,0.2,even,11.24372384152769,12.057325800913247,0.009369769867939741,2.5,gap_lower,55.900000000000006,0.5971337099543377,27,5.0,gap_lower,0.3921570058308828,54.800000000000004,27,0.9654426755754031,0.0,0.7,0.0,e21a6bec3215328f,1.0,167,prediction_scope,0.0,24.0,20.0,0.8915806908602406,11.169115402229863,2.421375442749465,449.7489536611076,41
80,8,"[1,12,24,35,46,57,69,80]",0.35,2.5,0.0,even_idm_leader_N80,0.2,wave,8.0,1.5,0,5.0,closed symmetric acceleration-command pulse,0.1,8,"[1,12,24,35,46,57,69,80]",117.0,jerk_saturation,5.0,-25.0,0,idm,[],60.0,0.2,even,102.69876084143837,-34.42172171400263,0.08558230070119864,4.5,gap_lower,60.0,2.9210860857001313,24,5.000000000000004,gap_lower,-2.0887351245976964,59.5,24,5.333333333333333,0.0,0.7,0.0,e24df5ff415feabb,0.0,191,chain_length_scope,0.0,24.0,20.0,4.5,118.28565381185967,20.0,8215.90086731507,81
40,4,"[1,2,3,4]",0.35,2.5,1.0,front_idm_leader_d02,0.2,margin,8.0,1.5,0,5.0,closed symmetric acceleration-command pulse,0.1,4,"[1,2,3,4]",1.0,jerk_saturation,5.0,-25.0,0,idm,[],60.0,0.2,front,8.060170866780368,17.940824239627887,0.006716809055650306,2.5,gap_lower,8.6,0.30295878801860565,1,5.0,gap_lower,0.6284722142964542,7.1000000000000005,1,0.3329445331574059,3.223610445009702e-06,0.7,1.0,e29d4c73f91c930a,1.0,79,layout_comparison,1.0,24.0,20.0,0.20351639197953236,2.983819241997253,0.5129563042950664,322.4068346712147,41
80,8,"[1,12,24,35,46,57,69,80]",0.35,1.5,1.0,even_idm_leader_N80,0.2,margin,8.0,1.5,0,5.0,closed symmetric acceleration-command pulse,0.1,8,"[1,12,24,35,46,57,69,80]",1.0,jerk_saturation,5.0,-15.0,0,idm,[],60.0,0.2,even,2.391217229814353,20.903158065760977,0.0019926810248452943,1.5,jerk,6.2,0.18004402927351704,1,5.0,gap_lower,0.7739406906150658,6.7,1,0.34133460735243504,0.0,0.7,1.0,e30e7bd406e7461e,1.0,97,chain_length_scope,1.0,24.0,20.0,0.21679742284252312,2.140000000000782,0.42499999999999005,191.29737838514825,81
40,4,"[1,14,27,40]",0.35,1.7,1.0,even_idm_leader_d02,0.2,margin,8.0,1.5,0,5.0,closed symmetric acceleration-command pulse,0.1,4,"[1,14,27,40]",1.0,jerk_saturation,5.0,-17.0,0,idm,[],60.0,0.2,even,5.172459221640576,20.398261426893157,0.00431038268470048,1.7,jerk,6.1000000000000005,0.1949187838400666,1,5.0,gap_lower,0.7461541031193801,6.7,1,0.32347790797516185,0.0,0.7,1.0,e345e42f1ca63b84,1.0,131,controller_comparison;layout_comparison;prediction_scope,1.0,24.0,20.0,0.12388132259987318,2.854250000015554,0.39999999999996305,206.89836886562304,41
40,4,"[1,2,3,4]",0.35,2.5,1.0,front_idm_leader_d02,0.2,margin,8.0,1.5,0,5.0,closed symmetric acceleration-command pulse,0.1,4,"[1,2,3,4]",1.0,jerk_saturation,5.0,-25.0,0,idm,[],60.0,0.2,front,8.455629818719384,17.940824239627887,0.0070463581822661535,2.5,gap_lower,8.6,0.30295878801860565,1,5.0,gap_lower,0.6284722142964542,7.1000000000000005,1,0.3329445331574059,3.942258898822123e-06,0.7,1.0,e35a340ef07f227f,1.0,97,layout_comparison;prediction_scope,1.0,24.0,20.0,0.20351639197953236,2.983819241997253,0.5391217005080833,338.2251927487754,41
40,4,"[1,14,27,40]",0.35,1.5,1.0,even_idm_leader_cmd0,0.0,margin,8.0,1.5,0,5.0,closed symmetric acceleration-command pulse,0.1,4,"[1,14,27,40]",1.0,jerk_saturation,5.0,-15.0,0,idm,[],60.0,0.2,even,4.886955406478276,21.017591806340647,0.004072462838731897,1.5,jerk,6.0,0.18004402927351704,1,5.0,gap_lower,0.7820105564362583,6.7,1,0.31110560405746274,0.0,0.7,1.0,e3ad3cc9451894ea,1.0,113,prediction_scope,1.0,24.0,20.0,0.07591318394262143,2.4006936841241213,0.3153148295548718,195.47821625913105,41
40,4,"[1,14,27,40]",0.35,0.25,1.0,even_idm_leader_d02,0.2,margin,8.0,1.5,0,5.0,closed symmetric acceleration-command pulse,0.1,4,"[1,14,27,40]",0.0,gap_lower,12.9,0.028125,1,idm,[],60.0,0.2,even,0.0,23.4375,0.0,0.25,gap_lower,12.9,0.028125,1,5.0,gap_lower,0.9535000000000021,6.7,1,0.0,0.0,0.7,1.0,e3b0640ef76bf4b8,1.0,131,controller_comparison;layout_comparison;prediction_scope,1.0,24.0,20.0,1.5165216210851655e-16,0.5625,0.0,0.0,41
20,2,"[1,20]",0.35,1.5,1.0,even_idm_leader_N20,0.2,wave,8.0,1.5,0,5.0,closed symmetric acceleration-command pulse,0.1,2,"[1,20]",1.0,jerk_saturation,5.0,-15.0,0,idm,[],60.0,0.2,even,6.157699776898118,21.546420964520223,0.005131416480748432,1.5,acceleration_upper,9.0,0.6910652464529088,1,5.0,acceleration_upper,0.2408760651583718,8.4,1,0.7855481259587296,0.4436127545527408,0.7,1.0,e3be21b98a6f77fb,1.0,191,chain_length_scope,1.0,24.0,20.0,0.0035560672857142123,0.12430575467021754,0.0601134919845876,123.15399553796237,21
40,4,"[37,38,39,40]",0.35,1.7,0.0,rear_idm_leader_d02,0.2,margin,8.0,1.5,0,5.0,closed symmetric acceleration-command pulse,0.1,4,"[37,38,39,40]",99.0,jerk_saturation,5.0,-17.0,0,idm,[],60.0,0.2,rear,162.82783844969975,-49.033901954135224,0.1356898653747498,4.5,gap_lower,60.0,3.651695097706761,37,5.000000000000004,gap_lower,-3.186188651824581,59.900000000000006,37,7.843137254901961,0.14223724556366893,0.7,0.0,e3c559d1ed73ce78,0.0,113,layout_comparison;prediction_scope,0.0,24.0,20.0,4.5,120.56023953530172,20.0,6513.113537987991,41
40,4,"[1,14,27,40]",0.35,2.1,0.0,even_idm_leader_d02,0.2,wave,8.0,1.5,0,5.0,closed symmetric acceleration-command pulse,0.1,4,"[1,14,27,40]",61.0,jerk_saturation,5.0,-21.0,0,idm,[],60.0,0.2,even,70.24478417545771,-14.228138143805282,0.05853732014621476,4.5,gap_lower,50.7,1.9114069071902642,27,5.000000000000004,gap_lower,-0.9149734336114154,49.800000000000004,27,6.349206349206349,2.0915771532666443,0.7,0.0,e4888a61139edac4,0.0,29,controller_comparison,0.0,24.0,20.0,4.5,69.67901337568844,20.0,2809.7913670183084,41
40,4,"[1,14,27,40]",0.35,1.9,0.0,even_idm_leader_d02,0.2,acc,8.0,1.5,0,5.0,closed symmetric acceleration-command pulse,0.1,4,"[1,14,27,40]",117.0,jerk_saturation,5.0,-18.999999999999996,0,idm,[],60.0,0.2,even,206.65878071871347,-2.600391628834636,0.1722156505989279,4.5,gap_lower,54.900000000000006,1.3300195814417317,35,5.000000000000004,gap_lower,-0.505519581441732,54.400000000000006,35,7.017543859649123,5.052036700117939,0.7,0.0,e4b464faac3aa742,0.0,149,controller_comparison,0.0,24.0,20.0,4.5,140.99258085000048,20.0,8266.35122874854,41
40,4,"[37,38,39,40]",0.35,0.0,1.0,rear_idm_leader_d02,0.2,margin,8.0,1.5,0,5.0,closed symmetric acceleration-command pulse,0.1,4,"[37,38,39,40]",0.0,jerk,0.1,3.078257215171215e-16,20,idm,[],60.0,0.2,rear,0.0,24.0,0.0,1.5350796098647517e-16,jerk,0.1,3.078257215171215e-16,20,1.5391286075856077e-15,acceleration_upper,0.9999999999999999,0.0,2,0.0,0.0,0.7,1.0,e4ba3f25f6d98a9c,1.0,47,layout_comparison,1.0,24.0,20.0,1.5391286075856078e-16,0.0,0.0,0.0,41
20,2,"[1,20]",0.35,1.8,1.0,even_idm_leader_N20,0.2,predictive,8.0,1.5,0,5.0,closed symmetric acceleration-command pulse,0.1,2,"[1,20]",1.0,jerk_saturation,5.0,-18.0,0,idm,[],60.0,0.2,even,5.886293053849022,19.848370192974244,0.004905244211540852,1.8,gap_lower,8.200000000000001,0.2075814903512878,1,5.0,gap_lower,0.7253314111035014,6.800000000000001,1,0.2463736177318778,0.0648148148148164,0.7,1.0,e4f01fbf52a5871e,1.0,113,chain_length_scope,1.0,24.0,20.0,0.019696768599596483,1.4486901854857024,0.17500000000000426,117.72586107698045,21
40,4,"[19,20,21,22]",0.35,2.1,0.0,middle_idm_leader_d02,0.2,margin,8.0,1.5,0,5.0,closed symmetric acceleration-command pulse,0.1,4,"[19,20,21,22]",92.0,jerk_saturation,5.0,-21.0,0,idm,[],60.0,0.2,middle,146.9462264473164,-98.28625025763895,0.12245518870609702,4.5,gap_lower,51.1,6.1143125128819475,19,5.000000000000004,gap_lower,-5.263109520091601,49.300000000000004,19,6.349206349206349,0.0006574342137558427,0.7,0.0,e53d90c640342376,0.0,191,layout_comparison;prediction_scope,0.0,24.0,20.0,4.5,112.94966309401946,20.0,5877.849057892657,41
40,0,[],0.35,1.5,1.0,even_idm_leader_d02,0.2,human,8.0,1.5,0,5.0,closed symmetric acceleration-command pulse,0.1,0,[],1.0,jerk_saturation,5.0,-15.0,0,idm,[],60.0,0.2,even,6.475596088196696,21.00013474099879,0.005396330073497246,1.7626037614282686,jerk,7.9,0.5834528048057639,1,5.0,acceleration_upper,0.5746710540209137,9.200000000000001,1,0.9875781390118021,0.0003123444391961685,0.7,1.0,e55283bb39cc9b71,1.0,191,controller_comparison,1.0,24.0,20.0,0.21513626325523455,1.5286023568438054,0.8317610649350122,259.0238435278678,41
40,4,"[19,20,21,22]",0.35,1.9,0.0,middle_idm_leader_d02,0.2,margin,8.0,1.5,0,5.0,closed symmetric acceleration-command pulse,0.1,4,"[19,20,21,22]",79.0,jerk_saturation,5.0,-18.999999999999996,0,idm,[],60.0,0.2,middle,131.89567050409553,-98.11770335350542,0.10991305875341294,4.5,gap_lower,50.800000000000004,6.105885167675271,19,5.000000000000004,gap_lower,-5.251392311581125,48.900000000000006,19,7.017543859649123,0.0012142857771442353,0.7,0.0,e556dd12a760754b,0.0,79,layout_comparison,0.0,24.0,20.0,4.5,112.05985124564967,20.0,5275.826820163821,41
40,4,"[1,14,27,40]",0.35,1.5,1.0,even_idm_leader_d02,0.2,wave,8.0,1.5,0,5.0,closed symmetric acceleration-command pulse,0.1,4,"[1,14,27,40]",1.0,jerk_saturation,5.0,-15.0,0,idm,[],60.0,0.2,even,3.915265819309736,21.546420964520223,0.0032627215160914466,1.5,acceleration_upper,9.0,0.6910652464529088,1,5.0,acceleration_upper,0.2408760651583718,8.4,1,0.7855481259587296,0.0005474263529789722,0.7,1.0,e56855da23825fd3,1.0,131,controller_comparison,1.0,24.0,20.0,0.075267062695466,0.6557533102896116,0.3426689308460027,156.61063277238944,41
40,4,"[1,2,3,4]",0.35,2.5,1.0,front_idm_leader_d02,0.2,margin,8.0,1.5,0,5.0,closed symmetric acceleration-command pulse,0.1,4,"[1,2,3,4]",1.0,jerk_saturation,5.0,-25.0,0,idm,[],60.0,0.2,front,8.23904056980537,17.940824239627887,0.006865867141504475,2.5,gap_lower,8.6,0.30295878801860565,1,5.0,gap_lower,0.6284722142964542,7.1000000000000005,1,0.3329445331574059,2.5991170398735145e-06,0.7,1.0,e59187f15ff5f770,1.0,47,layout_comparison,1.0,24.0,20.0,0.20351639197953236,2.983819241997253,0.5308967692400444,329.5616227922148,41
40,0,[],0.35,1.5,0.0,even_idm_leader_d02,0.2,human,8.0,1.5,0,5.0,closed symmetric acceleration-command pulse,0.1,0,[],52.0,jerk_saturation,5.0,-15.0,0,idm,[],60.0,0.2,even,46.08975209985155,-2.49863177128168,0.038408126749876294,4.5,gap_lower,54.0,1.324931588564084,32,5.000000000000004,gap_lower,-0.5004315885640842,53.5,32,8.88888888888889,0.5014663452530341,0.7,0.0,e5f1ffb8380c2cec,0.0,47,controller_comparison,0.0,24.0,20.0,4.5,55.94771589547557,20.0,1843.590083994062,41
40,4,"[19,20,21,22]",0.35,1.8,0.0,middle_idm_leader_d02,0.2,margin,8.0,1.5,0,5.0,closed symmetric acceleration-command pulse,0.1,4,"[19,20,21,22]",82.0,jerk_saturation,5.0,-18.0,0,idm,[],60.0,0.2,middle,112.61255739528738,-90.27135218732468,0.09384379782940615,4.5,gap_lower,46.400000000000006,5.713567609366234,19,5.000000000000004,gap_lower,-4.779652678315481,43.6,19,7.4074074074074066,0.0007265865502766906,0.7,0.0,e676cb115c4fb80c,0.0,167,layout_comparison;prediction_scope,0.0,24.0,20.0,4.5,114.84517642227809,20.0,4504.502295811495,41
80,8,"[1,12,24,35,46,57,69,80]",0.35,2.2,1.0,even_idm_leader_N80,0.2,margin,8.0,1.5,0,5.0,closed symmetric acceleration-command pulse,0.1,8,"[1,12,24,35,46,57,69,80]",1.0,jerk_saturation,5.0,-22.0,0,idm,[],60.0,0.2,even,3.16415423855575,18.90519299544539,0.0026367951987964584,2.2,gap_lower,8.4,0.2547403502277305,1,5.0,gap_lower,0.672686427431288,6.9,1,0.327238897440966,0.0,0.7,1.0,e6a03b6a92ca3c1f,1.0,191,chain_length_scope,1.0,24.0,20.0,0.09793539966789869,2.136500000000069,0.42499999999999005,253.13233908446,81
40,4,"[1,2,3,4]",0.35,0.25,1.0,front_idm_leader_d02,0.2,margin,8.0,1.5,0,5.0,closed symmetric acceleration-command pulse,0.1,4,"[1,2,3,4]",0.0,gap_lower,12.9,0.028125,1,idm,[],60.0,0.2,front,0.0,23.4375,0.0,0.25,gap_lower,12.9,0.028125,1,5.0,gap_lower,0.9535000000000021,6.7,1,0.0,0.0,0.7,1.0,e6a2c9ca5fe33fd9,1.0,113,layout_comparison;prediction_scope,1.0,24.0,20.0,2.8348563714917324e-16,0.5625,0.0,0.0,41
40,4,"[1,14,27,40]",0.35,0.0,1.0,even_idm_leader_cmd04,0.4,margin,8.0,1.5,0,5.0,closed symmetric acceleration-command pulse,0.1,4,"[1,14,27,40]",0.0,jerk,0.1,5.669712742983465e-16,30,idm,[],60.0,0.2,even,0.0,24.0,0.0,1.519317481612589e-16,jerk,0.1,5.669712742983465e-16,30,2.8348563714917324e-15,command_upper,0.9999999999999998,0.0,30,0.0,0.0,0.7,1.0,e6a5ff451e5f38a9,1.0,113,prediction_scope,1.0,24.0,20.0,2.8348563714917324e-16,0.0,0.0,0.0,41
40,4,"[1,14,27,40]",0.35,0.25,1.0,even_idm_leader_d02,0.2,wave,8.0,1.5,0,5.0,closed symmetric acceleration-command pulse,0.1,4,"[1,14,27,40]",0.0,acceleration_upper,8.700000000000001,0.12363052410794312,1,idm,[],60.0,0.2,even,0.3711311055982972,23.63545048406307,0.0003092759213319144,0.25,acceleration_upper,8.700000000000001,0.12363052410794312,1,5.0,acceleration_upper,0.8602823717271342,8.200000000000001,1,0.7078878072353424,0.00034969738842960396,0.7,1.0,e6a966209268d230,1.0,113,controller_comparison,1.0,24.0,20.0,0.003911688409215206,0.04861780282652717,0.021347587179739946,14.84524422393189,41
40,4,"[1,14,27,40]",0.35,2.0,1.0,even_idm_leader_cmd0,0.0,margin,8.0,1.5,0,5.0,closed symmetric acceleration-command pulse,0.1,4,"[1,14,27,40]",1.0,jerk_saturation,5.0,-20.0,0,idm,[],60.0,0.2,even,5.7330108889682245,19.702188065488627,0.004777509074140187,2.0,jerk,5.800000000000001,0.2157434402332361,1,5.0,gap_lower,0.71213316245092,6.800000000000001,1,0.3118788956830123,0.0,0.7,1.0,e705422388bfae81,1.0,149,prediction_scope,1.0,24.0,20.0,0.15889212831591243,2.35124999999357,0.3560385623689264,229.32043555872897,41
40,4,"[1,14,27,40]",0.35,1.0,1.0,even_idm_leader_d02,0.2,predictive,8.0,1.5,0,5.0,closed symmetric acceleration-command pulse,0.1,4,"[1,14,27,40]",1.0,jerk_saturation,5.0,-10.0,0,idm,[],60.0,0.2,even,1.6863773067318744,21.882056486128107,0.001405314422276562,1.0,jerk,11.200000000000001,0.14285753923608713,1,5.0,gap_lower,0.836886763385144,6.7,1,0.2333332177228229,0.0,0.7,1.0,e76f78c792fe1c3f,1.0,191,controller_comparison,1.0,24.0,20.0,0.20351639197953236,1.1585969387929254,0.12500000000001066,67.45509226927497,41
80,8,"[1,12,24,35,46,57,69,80]",0.35,1.5,1.0,even_idm_leader_N80,0.2,wave,8.0,1.5,0,5.0,closed symmetric acceleration-command pulse,0.1,8,"[1,12,24,35,46,57,69,80]",1.0,jerk_saturation,5.0,-15.0,0,idm,[],60.0,0.2,even,2.4200850465959856,21.347467055390936,0.0020167375388299882,1.5,acceleration_upper,9.0,0.6910652464529088,1,5.0,acceleration_upper,0.2408760651583718,8.4,1,0.8076044354028922,0.0,0.7,1.0,e77082a29626b22d,1.0,113,chain_length_scope,1.0,24.0,20.0,0.12488535222075177,0.9635868031143957,0.5486556328097087,193.60680372767885,81
40,4,"[1,14,27,40]",0.35,0.0,1.0,even_idm_leader_d02,0.2,margin,8.0,1.5,0,5.0,closed symmetric acceleration-command pulse,0.1,4,"[1,14,27,40]",0.0,jerk,0.1,8.431356589244537e-16,34,idm,[],60.0,0.2,even,0.0,24.0,0.0,1.4937857699229206e-16,jerk,0.1,8.431356589244537e-16,34,4.215678294622268e-15,acceleration_upper,0.9999999999999998,0.0,34,0.0,0.0,0.7,1.0,e77e835835fe5c72,1.0,11,controller_comparison;layout_comparison,1.0,24.0,20.0,4.215678294622269e-16,0.0,0.0,0.0,41
40,0,[],0.35,1.7,0.0,even_idm_leader_d02,0.2,human,8.0,1.5,0,5.0,closed symmetric acceleration-command pulse,0.1,0,[],115.0,jerk_saturation,5.0,-17.0,0,idm,[],60.0,0.2,even,194.67156448606593,-2.31498822514191,0.16222630373838828,4.5,gap_lower,50.2,1.3157494112570955,31,5.000000000000004,gap_lower,-0.4912494112570955,49.7,31,7.843137254901961,4.768206709534223,0.7,0.0,e7fb09103737be63,0.0,79,controller_comparison,0.0,24.0,20.0,4.5,82.42340811497195,20.0,7786.862579442637,41
40,4,"[1,14,27,40]",0.35,1.5,1.0,even_idm_leader_d02,0.2,margin,8.0,1.5,0,5.0,closed symmetric acceleration-command pulse,0.1,4,"[1,14,27,40]",1.0,jerk_saturation,5.0,-15.0,0,idm,[],60.0,0.2,even,4.603100530936258,20.903158065760977,0.003835917109113549,1.5,jerk,6.2,0.18004402927351704,1,5.0,gap_lower,0.7739406906150658,6.7,1,0.34133460735243504,0.0,0.7,1.0,e87124afeefa047c,1.0,131,controller_comparison;layout_comparison;prediction_scope,1.0,24.0,20.0,0.123881322599881,2.145387345840163,0.40357730717681406,184.12402123745034,41
40,4,"[1,14,27,40]",0.35,2.1,1.0,even_idm_leader_cmd04,0.4,margin,8.0,1.5,0,5.0,closed symmetric acceleration-command pulse,0.1,4,"[1,14,27,40]",1.0,jerk_saturation,5.0,-21.0,0,idm,[],60.0,0.2,even,5.934895009889847,19.164326437784013,0.004945745841574873,2.1,gap_lower,8.1,0.24178367811079937,1,5.0,gap_lower,0.6828209984038016,7.0,1,0.38530211528211,0.0,0.7,1.0,e89204d55a10a84c,1.0,149,prediction_scope,1.0,24.0,20.0,0.2330599096135322,2.0054392201508335,0.4227974832225563,237.39580039559388,41
40,4,"[1,2,3,4]",0.35,1.7,1.0,front_idm_leader_d02,0.2,margin,8.0,1.5,0,5.0,closed symmetric acceleration-command pulse,0.1,4,"[1,2,3,4]",1.0,jerk_saturation,5.0,-17.0,0,idm,[],60.0,0.2,front,6.224562848494076,20.398261426893157,0.005187135707078396,1.7,jerk,6.1000000000000005,0.1949187838400666,1,5.0,gap_lower,0.7461541031193801,6.7,1,0.32347790797516185,2.402240588585479e-06,0.7,1.0,e897d0237ceb04cb,1.0,149,layout_comparison;prediction_scope,1.0,24.0,20.0,0.04200874806512258,2.854250000015554,0.3895579571369723,248.982513939763,41
40,4,"[19,20,21,22]",0.35,1.9,0.0,middle_idm_leader_d02,0.2,margin,8.0,1.5,0,5.0,closed symmetric acceleration-command pulse,0.1,4,"[19,20,21,22]",66.0,jerk_saturation,5.0,-18.999999999999996,0,idm,[],60.0,0.2,middle,88.5696078850864,-83.77130332283636,0.07380800657090533,4.5,gap_lower,44.800000000000004,5.388565166141818,19,5.000000000000004,gap_lower,-4.39818327270075,43.6,19,7.017543859649123,0.0004504001240871061,0.7,0.0,e8a3b909814630fc,0.0,131,layout_comparison;prediction_scope,0.0,24.0,20.0,4.5,116.07067421823899,20.0,3542.784315403456,41
40,4,"[37,38,39,40]",0.35,1.0,1.0,rear_idm_leader_d02,0.2,margin,8.0,1.5,0,5.0,closed symmetric acceleration-command pulse,0.1,4,"[37,38,39,40]",1.0,jerk_saturation,5.0,-10.0,0,idm,[],60.0,0.2,rear,2.502483461701353,22.26328729812093,0.0020854028847511275,1.0,acceleration_upper,9.1,0.3052832296359452,1,5.0,acceleration_upper,0.7022036680671431,9.0,1,0.8336387845718107,0.0,0.7,1.0,e8a95184e8ba2cef,1.0,131,layout_comparison;prediction_scope,1.0,24.0,20.0,0.05149289831109202,0.5269822100461852,0.2709601837787403,100.09933846805411,41
20,2,"[1,20]",0.35,2.5,1.0,even_idm_leader_N20,0.2,margin,8.0,1.5,0,5.0,closed symmetric acceleration-command pulse,0.1,2,"[1,20]",1.0,jerk_saturation,5.0,-25.0,0,idm,[],60.0,0.2,even,11.106090707977401,17.940824239627887,0.009255075589981168,2.5,gap_lower,8.6,0.30295878801860565,1,5.0,gap_lower,0.6284722142964542,7.1000000000000005,1,0.3489347921461719,0.14666666666666212,0.7,1.0,e8e79faefffc940c,1.0,191,chain_length_scope,1.0,24.0,20.0,0.020946840517166,1.9137499999919783,0.25001686247298593,222.12181415954802,21
40,4,"[1,14,27,40]",0.35,2.1,0.0,even_idm_leader_d02,0.2,acc,8.0,1.5,0,5.0,closed symmetric acceleration-command pulse,0.1,4,"[1,14,27,40]",120.0,jerk_saturation,5.0,-21.0,0,idm,[],60.0,0.2,even,216.02217814236678,-2.4728533701966136,0.18001848178530566,4.5,gap_lower,57.300000000000004,1.3236426685098306,37,5.000000000000004,gap_lower,-0.49914266850983086,56.800000000000004,37,6.349206349206349,4.703653281301082,0.7,0.0,e8eb2e9d59cd27b8,0.0,113,controller_comparison,0.0,24.0,20.0,4.5,94.86827367729683,20.0,8640.887125694671,41
40,4,"[1,14,27,40]",0.35,2.5,1.0,even_idm_leader_cmd0,0.0,margin,8.0,1.5,0,5.0,closed symmetric acceleration-command pulse,0.1,4,"[1,14,27,40]",1.0,jerk_saturation,5.0,-25.0,0,idm,[],60.0,0.2,even,6.710887223855751,17.943901265816777,0.0055924060198797925,2.5,gap_lower,8.700000000000001,0.30280493670916114,1,5.0,gap_lower,0.6349762171695131,7.0,1,0.29333014016283887,0.0,0.7,1.0,e9128e0dc41790db,1.0,191,prediction_scope,1.0,24.0,20.0,0.15889235525694317,2.8599991957310067,0.39956269559405655,268.43548895423004,41
20,2,"[1,20]",0.35,2.2,1.0,even_idm_leader_N20,0.2,predictive,8.0,1.5,0,5.0,closed symmetric acceleration-command pulse,0.1,2,"[1,20]",1.0,jerk_saturation,5.0,-22.0,0,idm,[],60.0,0.2,even,7.7115425463701115,18.552015762797367,0.006426285455308426,2.2,gap_lower,8.6,0.2723992118601316,1,5.0,gap_lower,0.6637930717799548,6.9,1,0.2686411237099568,0.06060606060606361,0.7,1.0,e9134cf3086cf87d,1.0,191,chain_length_scope,1.0,24.0,20.0,0.0204072874140972,2.3445170808470266,0.20000000000000995,154.23085092740223,21
40,4,"[1,14,27,40]",0.35,1.5,1.0,even_idm_leader_d02,0.2,predictive,8.0,1.5,0,5.0,closed symmetric acceleration-command pulse,0.1,4,"[1,14,27,40]",1.0,jerk_saturation,5.0,-15.0,0,idm,[],60.0,0.2,even,2.6507996634781383,20.59906245446058,0.0022089997195651155,1.5,gap_lower,8.1,0.17004687727697104,1,5.0,gap_lower,0.7612126343801773,6.7,1,0.2222220090665543,0.0,0.7,1.0,e936f3559eeacb7c,1.0,131,controller_comparison,1.0,24.0,20.0,0.21679742284252312,1.2074649569361782,0.17500000000000426,106.03198653912554,41
40,4,"[1,2,3,4]",0.35,1.5,1.0,front_idm_leader_d02,0.2,margin,8.0,1.5,0,5.0,closed symmetric acceleration-command pulse,0.1,4,"[1,2,3,4]",1.0,jerk_saturation,5.0,-15.0,0,idm,[],60.0,0.2,front,6.120399844725708,20.903158065760977,0.00510033320393809,1.5,jerk,6.2,0.18004402927351704,1,5.0,gap_lower,0.7739406906150658,6.7,1,0.34133460735243504,3.2034967713596215e-06,0.7,1.0,e9bad9d2f5ee1a8b,1.0,29,layout_comparison,1.0,24.0,20.0,0.06551787032602763,2.44602564126194,0.3845924912534713,244.8159937890283,41
40,4,"[1,14,27,40]",0.35,1.7,1.0,even_idm_leader_d02,0.2,margin,8.0,1.5,0,5.0,closed symmetric acceleration-command pulse,0.1,4,"[1,14,27,40]",1.0,jerk_saturation,5.0,-17.0,0,idm,[],60.0,0.2,even,4.726041840041739,20.398261426893157,0.003938368200034782,1.7,jerk,6.1000000000000005,0.1949187838400666,1,5.0,gap_lower,0.7461541031193801,6.7,1,0.32347790797516185,0.0,0.7,1.0,e9e25fe5f7ed63cd,1.0,191,controller_comparison;layout_comparison;prediction_scope,1.0,24.0,20.0,0.1133206220989769,2.854250000015554,0.39999999999931646,189.04167360166954,41
40,4,"[1,2,3,4]",0.35,0.0,1.0,front_idm_leader_d02,0.2,margin,8.0,1.5,0,5.0,closed symmetric acceleration-command pulse,0.1,4,"[1,2,3,4]",0.0,jerk,0.1,3.0840736763882177e-16,24,idm,[],60.0,0.2,front,0.0,24.0,0.0,1.4927216045054946e-16,jerk,0.1,3.0840736763882177e-16,24,1.5420368381941087e-15,acceleration_upper,0.9999999999999999,0.0,12,0.0,0.0,0.7,1.0,e9f15b8371f9e324,1.0,79,layout_comparison,1.0,24.0,20.0,1.5420368381941088e-16,0.0,0.0,0.0,41
40,4,"[19,20,21,22]",0.35,2.1,0.0,middle_idm_leader_d02,0.2,margin,8.0,1.5,0,5.0,closed symmetric acceleration-command pulse,0.1,4,"[19,20,21,22]",98.0,jerk_saturation,5.0,-21.0,0,idm,[],60.0,0.2,middle,164.50748036397812,-100.17159782210435,0.13708956696998176,4.5,gap_lower,52.800000000000004,6.2085798911052175,19,5.000000000000004,gap_lower,-5.3629117215339965,51.2,19,6.349206349206349,0.0014600801893422271,0.7,0.0,ea176138ce0e1247,0.0,11,layout_comparison,0.0,24.0,20.0,4.5,129.1935043160836,20.0,6580.299214559124,41
40,0,[],0.35,0.0,1.0,even_idm_leader_d02,0.2,human,8.0,1.5,0,5.0,closed symmetric acceleration-command pulse,0.1,0,[],0.0,jerk,0.1,8.431356589244537e-16,34,idm,[],60.0,0.2,even,0.0,24.0,0.0,1.4937857699229206e-16,jerk,0.1,8.431356589244537e-16,34,4.215678294622268e-15,acceleration_upper,0.9999999999999998,0.0,34,0.0,0.0,0.7,1.0,ea1f3863bc0996d2,1.0,11,controller_comparison,1.0,24.0,20.0,4.215678294622269e-16,0.0,0.0,0.0,41
40,4,"[19,20,21,22]",0.35,2.1,0.0,middle_idm_leader_d02,0.2,margin,8.0,1.5,0,5.0,closed symmetric acceleration-command pulse,0.1,4,"[19,20,21,22]",88.0,jerk_saturation,5.0,-21.0,0,idm,[],60.0,0.2,middle,140.69443147289084,-98.08242012767012,0.11724535956074238,4.5,gap_lower,50.400000000000006,6.104121006383506,19,5.000000000000004,gap_lower,-5.255197765123805,48.7,19,6.349206349206349,0.0012857105372729746,0.7,0.0,ea47c6ff84cdbf65,0.0,113,layout_comparison;prediction_scope,0.0,24.0,20.0,4.5,134.09459819555263,20.0,5627.777258915634,41
40,4,"[1,14,27,40]",0.35,2.0,0.0,even_idm_leader_d02,0.2,wave,8.0,1.5,0,5.0,closed symmetric acceleration-command pulse,0.1,4,"[1,14,27,40]",49.0,jerk_saturation,5.0,-20.0,0,idm,[],60.0,0.2,even,46.813805892275624,-1.890108314406163,0.03901150491022969,4.5,gap_lower,54.400000000000006,1.2945054157203082,33,5.000000000000004,gap_lower,-0.4700054157203077,53.900000000000006,33,6.666666666666667,1.4729781021431851,0.7,0.0,ea4903e383204523,0.0,97,controller_comparison,0.0,24.0,20.0,4.5,54.04167100168564,20.0,1872.552235691025,41
40,4,"[1,14,27,40]",0.35,0.0,1.0,even_idm_leader_d02,0.2,margin,8.0,1.5,0,5.0,closed symmetric acceleration-command pulse,0.1,4,"[1,14,27,40]",0.0,jerk,0.1,5.669712742983465e-16,30,idm,[],60.0,0.2,even,0.0,24.0,0.0,1.519317481612589e-16,jerk,0.1,5.669712742983465e-16,30,2.8348563714917324e-15,command_upper,0.9999999999999998,0.0,30,0.0,0.0,0.7,1.0,ea6208917fb36014,1.0,113,controller_comparison;layout_comparison;prediction_scope,1.0,24.0,20.0,2.8348563714917324e-16,0.0,0.0,0.0,41
40,4,"[1,14,27,40]",0.35,1.0,1.0,even_idm_leader_d02,0.2,margin,8.0,1.5,0,5.0,closed symmetric acceleration-command pulse,0.1,4,"[1,14,27,40]",1.0,jerk_saturation,5.0,-10.0,0,idm,[],60.0,0.2,even,3.8516015781651154,22.041091224490145,0.003209667981804263,1.0,jerk,7.7,0.15796767347454377,1,5.0,gap_lower,0.8475557889641916,6.7,1,0.38330523773824393,0.0,0.7,1.0,ea6d609d8e87848d,1.0,113,controller_comparison;layout_comparison;prediction_scope,1.0,24.0,20.0,0.1849229487713453,2.289850325853081,0.37499999999995737,154.06406312660462,41
40,0,[],0.35,2.5,0.0,even_idm_leader_d02,0.2,human,8.0,1.5,0,5.0,closed symmetric acceleration-command pulse,0.1,0,[],145.0,jerk_saturation,5.0,-25.0,0,idm,[],60.0,0.2,even,291.7204112054364,-2.4102931517962674,0.243100342671197,4.5,gap_lower,53.2,1.3205146575898135,34,5.000000000000004,gap_lower,-0.4960146575898133,52.7,34,5.333333333333333,4.205415315983044,0.7,0.0,ea74e425bce4d198,0.0,61,controller_comparison,0.0,24.0,20.0,4.5,117.46775632312449,20.0,11668.816448217456,41
40,4,"[1,14,27,40]",0.35,1.9,0.0,even_idm_leader_d02,0.2,acc,8.0,1.5,0,5.0,closed symmetric acceleration-command pulse,0.1,4,"[1,14,27,40]",111.0,jerk_saturation,5.0,-18.999999999999996,0,idm,[],60.0,0.2,even,183.78852969765617,-2.179388901384044,0.15315710808138014,4.5,gap_lower,36.2,1.3089694450692022,20,5.000000000000004,gap_lower,-0.48446944506920175,35.7,20,7.017543859649123,4.819317213394027,0.7,0.0,eb0f7b0c3b4a8df7,0.0,3,controller_comparison,0.0,24.0,20.0,4.5,139.84464515519062,20.0,7351.541187906247,41
40,4,"[19,20,21,22]",0.35,2.1,0.0,middle_idm_leader_d02,0.2,margin,8.0,1.5,0,5.0,closed symmetric acceleration-command pulse,0.1,4,"[19,20,21,22]",99.0,jerk_saturation,5.0,-21.0,0,idm,[],60.0,0.2,middle,168.99103862315138,-100.98158683239993,0.14082586551929283,4.5,gap_lower,54.300000000000004,6.249079341619996,19,5.000000000000004,gap_lower,-5.408545744889494,52.900000000000006,19,6.349206349206349,0.0014185399544182637,0.7,0.0,eb13794afca1ff1d,0.0,79,layout_comparison,0.0,24.0,20.0,4.5,121.35704270158439,20.0,6759.641544926056,41
20,2,"[1,20]",0.35,0.0,1.0,even_idm_leader_N20,0.2,wave,8.0,1.5,0,5.0,closed symmetric acceleration-command pulse,0.1,2,"[1,20]",0.0,jerk,0.1,6.155158669185302e-16,16,idm,[],60.0,0.2,even,0.0,24.0,0.0,3.077579334592651e-16,jerk,0.1,6.155158669185302e-16,16,3.0775793345926507e-15,acceleration_upper,0.9999999999999999,0.0,7,0.0,0.0,0.7,1.0,eb2dc65c5ea329e1,1.0,149,chain_length_scope,1.0,24.0,20.0,3.077579334592651e-16,0.0,0.0,0.0,21
40,4,"[1,14,27,40]",0.35,0.0,1.0,even_idm_leader_cmd0,0.0,margin,8.0,1.5,0,5.0,closed symmetric acceleration-command pulse,0.1,4,"[1,14,27,40]",0.0,jerk,0.1,3.092860462114067e-16,6,idm,[],60.0,0.2,even,0.0,24.0,0.0,1.5331773592430868e-16,jerk,0.1,3.092860462114067e-16,6,1.5464302310570335e-15,acceleration_upper,0.9999999999999999,0.0,3,0.0,0.0,0.7,1.0,eb2ee8bffbd842e7,1.0,97,prediction_scope,1.0,24.0,20.0,1.5464302310570336e-16,0.0,0.0,0.0,41
40,4,"[1,14,27,40]",0.35,1.5,1.0,even_idm_leader_d02,0.2,margin,8.0,1.5,0,5.0,closed symmetric acceleration-command pulse,0.1,4,"[1,14,27,40]",1.0,jerk_saturation,5.0,-15.0,0,idm,[],60.0,0.2,even,4.661948101230678,20.903158065760977,0.003884956751025565,1.5,jerk,6.2,0.18004402927351704,1,5.0,gap_lower,0.7739406906150658,6.7,1,0.34133460735243504,0.0,0.7,1.0,eb809ac6f770faa6,1.0,97,controller_comparison;layout_comparison;prediction_scope,1.0,24.0,20.0,0.1520358119955873,2.1412111068298145,0.4192662599668431,186.4779240492271,41
80,8,"[1,12,24,35,46,57,69,80]",0.35,1.5,1.0,even_idm_leader_N80,0.2,margin,8.0,1.5,0,5.0,closed symmetric acceleration-command pulse,0.1,8,"[1,12,24,35,46,57,69,80]",1.0,jerk_saturation,5.0,-15.0,0,idm,[],60.0,0.2,even,2.44792743646009,20.903158065760977,0.002039939530383408,1.5,jerk,6.2,0.18004402927351704,1,5.0,gap_lower,0.7739406906150658,6.7,1,0.3522109166314809,0.0,0.7,1.0,eb812484d14f480c,1.0,167,chain_length_scope,1.0,24.0,20.0,0.21679742284252312,2.2371051736039362,0.42499999999999005,195.83419491680718,81
80,8,"[1,12,24,35,46,57,69,80]",0.35,2.2,0.0,even_idm_leader_N80,0.2,wave,8.0,1.5,0,5.0,closed symmetric acceleration-command pulse,0.1,8,"[1,12,24,35,46,57,69,80]",95.0,jerk_saturation,5.0,-22.0,0,idm,[],60.0,0.2,even,73.60256365998998,-30.223575427840217,0.06133546971665832,4.5,gap_lower,52.300000000000004,2.711178771392011,24,5.000000000000004,gap_lower,-1.868396697920814,50.800000000000004,24,6.0606060606060606,0.0,0.7,0.0,eba34544e0087e5c,0.0,97,chain_length_scope,0.0,24.0,20.0,4.5,95.71166654634959,20.0,5888.205092799199,81
40,4,"[1,14,27,40]",0.35,0.25,1.0,even_idm_internal8_d02,0.2,margin,8.0,1.5,8,5.0,closed symmetric acceleration-command pulse,0.1,4,"[1,14,27,40]",1.0,jerk_saturation,6.5,5.168106075952366,8,idm,[],60.0,0.2,even,0.04375641621677393,23.655775209400915,3.646368018064494e-05,0.24999999999999986,jerk,6.6000000000000005,1.0,8,5.0,acceleration_upper,0.77335859718921,7.2,8,0.8726614632938284,0.0,0.7,1.0,ebac31308f038f06,1.0,191,prediction_scope,1.0,24.0,20.0,1.2739362063762104e-05,0.0011431846215828045,0.00012053296368819133,1.7502566486709572,41
40,4,"[1,2,3,4]",0.35,1.5,1.0,front_idm_leader_d02,0.2,margin,8.0,1.5,0,5.0,closed symmetric acceleration-command pulse,0.1,4,"[1,2,3,4]",1.0,jerk_saturation,5.0,-15.0,0,idm,[],60.0,0.2,front,5.932141868833252,20.903158065760977,0.004943451557361043,1.5,jerk,6.2,0.18004402927351704,1,5.0,gap_lower,0.7739406906150658,6.7,1,0.34133460735243504,2.0604253023748242e-06,0.7,1.0,ebace22add29bfcf,1.0,149,layout_comparison;prediction_scope,1.0,24.0,20.0,0.0634659211074694,2.44602564126194,0.3744350037839759,237.28567475333008,41
20,2,"[1,20]",0.35,1.8,1.0,even_idm_leader_N20,0.2,predictive,8.0,1.5,0,5.0,closed symmetric acceleration-command pulse,0.1,2,"[1,20]",1.0,jerk_saturation,5.0,-18.0,0,idm,[],60.0,0.2,even,5.862128841086145,19.848370192974244,0.004885107367571788,1.8,gap_lower,8.200000000000001,0.2075814903512878,1,5.0,gap_lower,0.7253314111035014,6.800000000000001,1,0.2511013235704543,0.0648148148148164,0.7,1.0,ebd9d372caa623a0,1.0,191,chain_length_scope,1.0,24.0,20.0,0.019039391048390267,1.5237625495398106,0.17500000000000426,117.2425768217229,21
40,4,"[1,14,27,40]",0.35,0.0,1.0,even_idm_leader_d02,0.2,margin,8.0,1.5,0,5.0,closed symmetric acceleration-command pulse,0.1,4,"[1,14,27,40]",0.0,jerk,0.1,3.078257215171215e-16,20,idm,[],60.0,0.2,even,0.0,24.0,0.0,1.5350796098647517e-16,jerk,0.1,3.078257215171215e-16,20,1.5391286075856077e-15,acceleration_upper,0.9999999999999999,0.0,2,0.0,0.0,0.7,1.0,ebf90c4058e45e13,1.0,47,controller_comparison;layout_comparison,1.0,24.0,20.0,1.5391286075856078e-16,0.0,0.0,0.0,41
40,4,"[1,2,3,4]",0.35,0.25,1.0,front_idm_leader_d02,0.2,margin,8.0,1.5,0,5.0,closed symmetric acceleration-command pulse,0.1,4,"[1,2,3,4]",0.0,gap_lower,12.9,0.028125,1,idm,[],60.0,0.2,front,0.0,23.4375,0.0,0.25,gap_lower,12.9,0.028125,1,5.0,gap_lower,0.9535000000000021,6.7,1,0.0,0.0,0.7,1.0,ec11798ce228d5f9,1.0,11,layout_comparison,1.0,24.0,20.0,4.215678294622269e-16,0.5625,0.0,0.0,41
40,4,"[1,2,3,4]",0.35,2.0,1.0,front_idm_leader_d02,0.2,margin,8.0,1.5,0,5.0,closed symmetric acceleration-command pulse,0.1,4,"[1,2,3,4]",1.0,jerk_saturation,5.0,-20.0,0,idm,[],60.0,0.2,front,6.548289140918006,19.56003271057392,0.005456907617431671,2.0,gap_lower,8.1,0.22199836447130394,1,5.0,gap_lower,0.7028209984038035,6.800000000000001,1,0.3165806789364443,1.3492690449368183e-06,0.7,1.0,ece0a9a9a28ff52c,1.0,191,layout_comparison;prediction_scope,1.0,24.0,20.0,0.04220526300340675,2.402499999994461,0.4124369923385096,261.9315656367202,41
80,8,"[1,12,24,35,46,57,69,80]",0.35,0.25,1.0,even_idm_leader_N80,0.2,margin,8.0,1.5,0,5.0,closed symmetric acceleration-command pulse,0.1,8,"[1,12,24,35,46,57,69,80]",0.0,gap_lower,12.9,0.028125,1,idm,[],60.0,0.2,even,0.0,23.4375,0.0,0.25,gap_lower,12.9,0.028125,1,5.0,gap_lower,0.9535000000000021,6.7,1,0.0,0.0,0.7,1.0,ecf6f640f97b476c,1.0,131,chain_length_scope,1.0,24.0,20.0,1.5499690485077145e-16,0.5625,0.0,0.0,81
40,4,"[1,2,3,4]",0.35,1.0,1.0,front_idm_leader_d02,0.2,margin,8.0,1.5,0,5.0,closed symmetric acceleration-command pulse,0.1,4,"[1,2,3,4]",1.0,jerk_saturation,5.0,-10.0,0,idm,[],60.0,0.2,front,5.419728243150785,22.041091224490145,0.004516440202625654,1.0,jerk,7.7,0.15796767347454377,1,5.0,gap_lower,0.8475557889641916,6.7,1,0.38330523773824393,1.298857865113708e-06,0.7,1.0,ecfa6961530a5eda,1.0,149,layout_comparison;prediction_scope,1.0,24.0,20.0,0.032881574852371406,2.802500000000009,0.3382254772979536,216.7891297260314,41
20,2,"[1,20]",0.35,1.5,1.0,even_idm_leader_N20,0.2,wave,8.0,1.5,0,5.0,closed symmetric acceleration-command pulse,0.1,2,"[1,20]",1.0,jerk_saturation,5.0,-15.0,0,idm,[],60.0,0.2,even,7.34497945344768,21.069900472654155,0.0061208162112064,1.5,acceleration_upper,9.0,0.6910652464529088,1,5.0,acceleration_upper,0.2408760651583718,8.4,1,0.8894552674505781,0.5974973775033763,0.7,1.0,ecfea5ef381daeae,1.0,167,chain_length_scope,1.0,24.0,20.0,0.005609668542366931,0.25278117334232775,0.1076848125704366,146.8995890689536,21
40,4,"[1,14,27,40]",0.35,1.7,1.0,even_idm_leader_d02,0.2,margin,8.0,1.5,0,5.0,closed symmetric acceleration-command pulse,0.1,4,"[1,14,27,40]",1.0,jerk_saturation,5.0,-17.0,0,idm,[],60.0,0.2,even,5.0953684279961715,20.398261426893157,0.004246140356663476,1.7,jerk,6.1000000000000005,0.1949187838400666,1,5.0,gap_lower,0.7461541031193801,6.7,1,0.3443770333138377,0.0,0.7,1.0,ed1bccbf1b574419,1.0,149,controller_comparison;layout_comparison;prediction_scope,1.0,24.0,20.0,0.09384816270251486,2.854250000015554,0.3999999999999915,203.81473711984685,41
40,0,[],0.35,2.0,0.0,even_idm_leader_d02,0.2,human,8.0,1.5,0,5.0,closed symmetric acceleration-command pulse,0.1,0,[],131.0,jerk_saturation,5.0,-20.0,0,idm,[],60.0,0.2,even,246.34306442132174,-2.4285718656006523,0.20528588701776812,4.5,gap_lower,53.5,1.3214285932800327,34,5.000000000000004,gap_lower,-0.4969285932800325,53.0,34,6.666666666666667,4.83705147422612,0.7,0.0,ed3486c5958a9cbf,0.0,61,controller_comparison,0.0,24.0,20.0,4.5,89.5078057083914,20.0,9853.72257685287,41
40,4,"[19,20,21,22]",0.35,1.5,1.0,middle_idm_leader_d02,0.2,margin,8.0,1.5,0,5.0,closed symmetric acceleration-command pulse,0.1,4,"[19,20,21,22]",1.0,jerk_saturation,5.0,-15.0,0,idm,[],60.0,0.2,middle,7.6700893708859414,16.586189066592425,0.006391741142404951,1.7890390855372378,jerk,7.9,0.6142649791746997,1,5.0,acceleration_upper,0.5312626085874466,9.1,1,1.2619686621702486,7.3017473059482854e-06,0.7,1.0,ed3e57282dcee9a0,1.0,97,layout_comparison;prediction_scope,1.0,24.0,20.0,0.23790028021552273,4.103965039515742,0.7499999974873113,306.80357483543764,41
40,4,"[1,14,27,40]",0.35,2.0,1.0,even_idm_leader_d02,0.2,margin,8.0,1.5,0,5.0,closed symmetric acceleration-command pulse,0.1,4,"[1,14,27,40]",1.0,jerk_saturation,5.0,-20.0,0,idm,[],60.0,0.2,even,5.715688890981859,19.56003271057392,0.004763074075818216,2.0,gap_lower,8.1,0.22199836447130394,1,5.0,gap_lower,0.7028209984038035,6.800000000000001,1,0.3330666465439478,0.0,0.7,1.0,ed54085e20370215,1.0,3,controller_comparison;layout_comparison,1.0,24.0,20.0,0.13627773289660783,2.3075000000003456,0.42499999999999005,228.62755563927436,41
40,4,"[1,14,27,40]",0.35,1.0,1.0,even_idm_leader_cmd0,0.0,margin,8.0,1.5,0,5.0,closed symmetric acceleration-command pulse,0.1,4,"[1,14,27,40]",1.0,jerk_saturation,5.0,-10.0,0,idm,[],60.0,0.2,even,3.4772599554936194,22.034208599529606,0.002897716629578016,1.0,jerk,11.8,0.14285724680060036,1,5.0,gap_lower,0.8432233102715522,6.7,1,0.33242051742001405,0.0,0.7,1.0,ed5915df848168dd,1.0,149,prediction_scope,1.0,24.0,20.0,0.056845690937837645,2.6349999999997635,0.2600344619927988,139.09039821974477,41
40,4,"[1,14,27,40]",0.35,2.1,1.0,even_idm_leader_d02,0.2,margin,8.0,1.5,0,5.0,closed symmetric acceleration-command pulse,0.1,4,"[1,14,27,40]",1.0,jerk_saturation,5.0,-21.0,0,idm,[],60.0,0.2,even,5.965101595274708,19.221536821795013,0.004970917996062257,2.1,gap_lower,8.200000000000001,0.23892315891024934,1,5.0,gap_lower,0.688120998403801,6.800000000000001,1,0.3340490399603116,0.0,0.7,1.0,ed754a5a65ed9da4,1.0,3,controller_comparison;layout_comparison,1.0,24.0,20.0,0.13627773289660722,2.148000000000593,0.42499999999999005,238.60406381098832,41
80,8,"[1,12,24,35,46,57,69,80]",0.35,0.0,1.0,even_idm_leader_N80,0.2,predictive,8.0,1.5,0,5.0,closed symmetric acceleration-command pulse,0.1,8,"[1,12,24,35,46,57,69,80]",0.0,jerk,0.1,3.1044160633324413e-16,76,idm,[],60.0,0.2,even,0.0,24.0,0.0,1.5522080316662207e-16,jerk,0.1,3.1044160633324413e-16,76,1.5522080316662206e-15,acceleration_upper,0.9999999999999999,0.0,2,0.0,0.0,0.7,1.0,ed9abff43f94ba1a,1.0,149,chain_length_scope,1.0,24.0,20.0,1.5522080316662207e-16,0.0,0.0,0.0,81
40,4,"[1,14,27,40]",0.35,2.1,1.0,even_idm_internal8_d02,0.2,margin,8.0,1.5,8,5.0,closed symmetric acceleration-command pulse,0.1,4,"[1,14,27,40]",2.0,jerk_saturation,5.0,-21.0,8,idm,[],60.0,0.2,even,8.924019341044405,14.33258262920181,0.007436682784203671,2.83910527722779,jerk,5.300000000000001,1.0000000000000002,8,5.000000000000001,acceleration_upper,0.0,6.5,8,1.326693207518427,0.15079365009491139,0.7,1.0,eda7d953ee1fb933,1.0,97,prediction_scope,1.0,24.0,20.0,0.2483930173556133,3.4698109099484213,0.6592369510149183,356.9607736417762,41
20,2,"[1,20]",0.35,0.0,1.0,even_idm_leader_N20,0.2,wave,8.0,1.5,0,5.0,closed symmetric acceleration-command pulse,0.1,2,"[1,20]",0.0,jerk,0.1,3.078502823138461e-16,7,idm,[],60.0,0.2,even,0.0,24.0,0.0,1.2990403960446745e-16,jerk,0.1,3.078502823138461e-16,7,1.5392514115692306e-15,acceleration_upper,0.9999999999999999,0.0,4,0.0,0.0,0.7,1.0,edb1236202fa2c6d,1.0,191,chain_length_scope,1.0,24.0,20.0,1.5392514115692307e-16,0.0,0.0,0.0,21
40,0,[],0.35,2.1,0.0,even_idm_leader_d02,0.2,human,8.0,1.5,0,5.0,closed symmetric acceleration-command pulse,0.1,0,[],136.0,jerk_saturation,5.0,-21.0,0,idm,[],60.0,0.2,even,262.76613064860226,-2.3859458343591484,0.21897177554050187,4.5,gap_lower,28.0,1.3192972917179575,14,5.000000000000004,gap_lower,-0.49479729171795767,27.5,14,6.349206349206349,4.7116296350406826,0.7,0.0,ede05a903837d1ec,0.0,79,controller_comparison,0.0,24.0,20.0,4.5,92.89275375111686,20.0,10510.64522594409,41
80,8,"[1,12,24,35,46,57,69,80]",0.35,2.0,1.0,even_idm_leader_N80,0.2,margin,8.0,1.5,0,5.0,closed symmetric acceleration-command pulse,0.1,8,"[1,12,24,35,46,57,69,80]",1.0,jerk_saturation,5.0,-20.0,0,idm,[],60.0,0.2,even,2.725090893532834,19.56003271057392,0.0022709090779440286,2.0,gap_lower,8.1,0.22199836447130394,1,5.0,gap_lower,0.7028209984038035,6.800000000000001,1,0.3165806789364443,0.0,0.7,1.0,ede2582852c81a53,1.0,131,chain_length_scope,1.0,24.0,20.0,0.08699421987991855,2.3075000000003456,0.3999999999999915,218.00727148262675,81
80,8,"[1,12,24,35,46,57,69,80]",0.35,2.0,1.0,even_idm_leader_N80,0.2,predictive,8.0,1.5,0,5.0,closed symmetric acceleration-command pulse,0.1,8,"[1,12,24,35,46,57,69,80]",1.0,jerk_saturation,5.0,-20.0,0,idm,[],60.0,0.2,even,1.679830008327577,19.272922396420682,0.0013998583402729807,2.0,gap_lower,8.3,0.23635388017896589,1,5.0,gap_lower,0.6939790965800888,6.800000000000001,1,0.249984159893175,0.0,0.7,1.0,ee06d8a681042427,1.0,149,chain_length_scope,1.0,24.0,20.0,0.21679742284252312,1.3610862498372853,0.19970677228715417,134.38640066620616,81
40,4,"[37,38,39,40]",0.35,2.0,0.0,rear_idm_leader_d02,0.2,margin,8.0,1.5,0,5.0,closed symmetric acceleration-command pulse,0.1,4,"[37,38,39,40]",123.0,jerk_saturation,5.0,-20.0,0,idm,[],60.0,0.2,rear,243.32872310219136,-55.23718729426144,0.2027739359184928,4.5,gap_lower,60.0,3.961859364713072,37,5.000000000000004,gap_lower,-3.4490980181640074,59.900000000000006,37,6.666666666666667,0.18750462975352158,0.7,0.0,ee094067548bf1d8,0.0,11,layout_comparison,0.0,24.0,20.0,4.5,135.14620317294435,20.0,9733.148924087654,41
40,4,"[37,38,39,40]",0.35,1.7,0.0,rear_idm_leader_d02,0.2,margin,8.0,1.5,0,5.0,closed symmetric acceleration-command pulse,0.1,4,"[37,38,39,40]",106.0,jerk_saturation,5.0,-17.0,0,idm,[],60.0,0.2,rear,186.32311600990994,-50.785569530555826,0.1552692633415916,4.5,gap_lower,60.0,3.739278476527791,37,5.000000000000004,gap_lower,-3.2607225943238674,59.900000000000006,37,7.843137254901961,0.16180571752448045,0.7,0.0,ee1553b1b7d5ae34,0.0,61,layout_comparison,0.0,24.0,20.0,4.5,96.68982080470772,20.0,7452.924640396397,41
40,4,"[19,20,21,22]",0.35,1.8,0.0,middle_idm_leader_d02,0.2,margin,8.0,1.5,0,5.0,closed symmetric acceleration-command pulse,0.1,4,"[19,20,21,22]",62.0,jerk_saturation,5.0,-18.0,0,idm,[],60.0,0.2,middle,69.37110330192915,-63.67939198172388,0.05780925275160763,4.5,gap_lower,41.900000000000006,4.383969599086194,19,5.000000000000004,gap_lower,-3.3932913470431245,41.1,19,7.4074074074074066,0.000267923720833536,0.7,0.0,ee477ea9cae7e1a3,0.0,131,layout_comparison;prediction_scope,0.0,24.0,20.0,4.5,138.47684833395294,20.0,2774.8441320771663,41
40,4,"[1,14,27,40]",0.35,0.25,1.0,even_idm_leader_d02,0.2,predictive,8.0,1.5,0,5.0,closed symmetric acceleration-command pulse,0.1,4,"[1,14,27,40]",0.0,gap_lower,12.9,0.028125,1,idm,[],60.0,0.2,even,0.0,23.4375,0.0,0.25,gap_lower,12.9,0.028125,1,5.0,gap_lower,0.9535000000000021,6.7,1,0.0,0.0,0.7,1.0,ee7e7d354a5a9aa7,1.0,61,controller_comparison,1.0,24.0,20.0,1.5288806931485106e-16,0.5625,0.0,0.0,41
40,4,"[1,2,3,4]",0.35,1.9,1.0,front_idm_leader_d02,0.2,margin,8.0,1.5,0,5.0,closed symmetric acceleration-command pulse,0.1,4,"[1,2,3,4]",1.0,jerk_saturation,5.0,-18.999999999999996,0,idm,[],60.0,0.2,front,7.126359247705404,19.858526954864345,0.005938632706421169,1.9,jerk,6.0,0.2157434402332361,1,5.0,gap_lower,0.7185493977653218,6.7,1,0.3157433198713496,3.861228127252697e-06,0.7,1.0,ee98e6727739f182,1.0,11,layout_comparison,1.0,24.0,20.0,0.20351639197953236,2.9747802255089937,0.42448465711692407,285.05436990821613,41
40,4,"[37,38,39,40]",0.35,2.1,0.0,rear_idm_leader_d02,0.2,margin,8.0,1.5,0,5.0,closed symmetric acceleration-command pulse,0.1,4,"[37,38,39,40]",128.0,jerk_saturation,5.0,-21.0,0,idm,[],60.0,0.2,rear,267.12432155336535,-55.95305400262227,0.22260360129447115,4.5,gap_lower,60.0,3.9976527001311135,37,5.000000000000004,gap_lower,-3.4794652150695837,59.900000000000006,37,6.349206349206349,0.18651108600012758,0.7,0.0,eea6b4c62f42b359,0.0,149,layout_comparison;prediction_scope,0.0,24.0,20.0,4.5,129.75049040698514,20.0,10684.972862134615,41
20,2,"[1,20]",0.35,2.5,0.0,even_idm_leader_N20,0.2,wave,8.0,1.5,0,5.0,closed symmetric acceleration-command pulse,0.1,2,"[1,20]",41.0,jerk_saturation,5.0,-25.0,0,idm,[],60.0,0.2,even,172.98433285493078,-32.48900238411437,0.14415361071244231,4.5,gap_lower,50.1,2.8244501192057188,20,5.000000000000004,gap_lower,-1.9879122882089426,48.900000000000006,20,5.333333333333333,5.199343365846571,0.7,0.0,eea804cbb00fbb64,0.0,97,chain_length_scope,0.0,24.0,20.0,1.1814294632476567,110.66670051948245,13.742397079792497,3459.686657098616,21
20,2,"[1,20]",0.35,2.2,0.0,even_idm_leader_N20,0.2,wave,8.0,1.5,0,5.0,closed symmetric acceleration-command pulse,0.1,2,"[1,20]",35.0,jerk_saturation,5.0,-22.0,0,idm,[],60.0,0.2,even,133.9817597875655,-30.07141683982738,0.1116514664896379,4.5,gap_lower,46.900000000000006,2.703570841991369,20,5.000000000000004,gap_lower,-1.858931076957134,45.300000000000004,20,6.0606060606060606,5.794405632106475,0.7,0.0,ef52392707c24e27,0.0,191,chain_length_scope,0.0,24.0,20.0,1.0871585822266863,138.0231482188159,10.503165032384496,2679.6351957513098,21
40,4,"[1,2,3,4]",0.35,0.0,1.0,front_idm_leader_d02,0.2,margin,8.0,1.5,0,5.0,closed symmetric acceleration-command pulse,0.1,4,"[1,2,3,4]",0.0,jerk,0.1,3.057761386297021e-16,6,idm,[],60.0,0.2,front,0.0,24.0,0.0,1.4435554130338614e-16,jerk,0.1,3.057761386297021e-16,6,1.5288806931485105e-15,acceleration_upper,0.9999999999999999,0.0,5,0.0,0.0,0.7,1.0,ef5f12eb47aaf088,1.0,61,layout_comparison,1.0,24.0,20.0,1.5288806931485106e-16,0.0,0.0,0.0,41
40,4,"[1,14,27,40]",0.35,1.5,1.0,even_idm_leader_d02,0.2,predictive,8.0,1.5,0,5.0,closed symmetric acceleration-command pulse,0.1,4,"[1,14,27,40]",1.0,jerk_saturation,5.0,-15.0,0,idm,[],60.0,0.2,even,2.7039824493387528,20.59906245446058,0.002253318707782294,1.5,gap_lower,8.1,0.17004687727697104,1,5.0,gap_lower,0.7612126343801773,6.7,1,0.2222220090665543,0.0,0.7,1.0,ef5f75c0ca5fba2e,1.0,113,controller_comparison,1.0,24.0,20.0,0.20351639197953236,1.3112482430545924,0.17421738818918797,108.15929797355011,41
40,4,"[1,14,27,40]",0.35,1.0,1.0,even_idm_leader_d02,0.2,acc,8.0,1.5,0,5.0,closed symmetric acceleration-command pulse,0.1,4,"[1,14,27,40]",1.0,jerk_saturation,5.0,-10.0,0,idm,[],60.0,0.2,even,2.743958470658526,22.2345752699148,0.002286632058882105,1.0,acceleration_upper,9.1,0.4260524990731095,1,5.0,acceleration_upper,0.5444537387124273,8.5,1,0.8778495915594012,0.0006734963531206025,0.7,1.0,efa161f869cd907c,1.0,47,controller_comparison,1.0,24.0,20.0,0.08627874833706595,0.7230487032540225,0.3663275925281333,109.75833882634105,41
40,4,"[1,14,27,40]",0.35,1.9,1.0,even_idm_leader_d02,0.2,predictive,8.0,1.5,0,5.0,closed symmetric acceleration-command pulse,0.1,4,"[1,14,27,40]",1.0,jerk_saturation,5.0,-18.999999999999996,0,idm,[],60.0,0.2,even,3.2246196094913415,19.577656259410332,0.0026871830079094514,1.9,gap_lower,8.3,0.22111718702948338,1,5.0,gap_lower,0.7099290965800863,6.800000000000001,1,0.26103640387143895,0.0,0.7,1.0,efbbf9934addd325,1.0,149,controller_comparison,1.0,24.0,20.0,0.20351639197953236,1.3123717026431336,0.17500000000000426,128.98478437965366,41
40,4,"[1,14,27,40]",0.35,1.9,1.0,even_idm_leader_d02,0.2,predictive,8.0,1.5,0,5.0,closed symmetric acceleration-command pulse,0.1,4,"[1,14,27,40]",1.0,jerk_saturation,5.0,-18.999999999999996,0,idm,[],60.0,0.2,even,3.200097395573226,19.577656259410332,0.002666747829644355,1.9,gap_lower,8.3,0.22111718702948338,1,5.0,gap_lower,0.7099290965800863,6.800000000000001,1,0.25866870754655896,0.0,0.7,1.0,efc952d5d566ea1d,1.0,3,controller_comparison,1.0,24.0,20.0,0.20351639197953236,1.3126643746387572,0.17500000000000426,128.00389582292905,41
40,4,"[1,14,27,40]",0.35,1.7,1.0,even_idm_leader_cmd0,0.0,margin,8.0,1.5,0,5.0,closed symmetric acceleration-command pulse,0.1,4,"[1,14,27,40]",1.0,jerk_saturation,5.0,-17.0,0,idm,[],60.0,0.2,even,5.017330276812488,20.532852342178046,0.004181108564010406,1.7,jerk,5.9,0.1949187838400666,1,5.0,gap_lower,0.7545714811833555,6.7,1,0.3039147381425787,0.0,0.7,1.0,f01baf7e88de0863,1.0,167,prediction_scope,1.0,24.0,20.0,0.15889212831897484,2.6554999999909796,0.3249525231739625,200.6932110724995,41
20,2,"[1,20]",0.35,2.5,1.0,even_idm_leader_N20,0.2,predictive,8.0,1.5,0,5.0,closed symmetric acceleration-command pulse,0.1,2,"[1,20]",1.0,jerk_saturation,5.0,-25.0,0,idm,[],60.0,0.2,even,9.292630406135501,17.44987155700528,0.007743858671779584,2.5,gap_lower,8.8,0.32750642214973597,1,5.0,gap_lower,0.616796615564511,7.0,1,0.27237977114457784,0.09333333333333466,0.7,1.0,f026b852206b7be2,1.0,113,chain_length_scope,1.0,24.0,20.0,0.21679742284252312,1.3727018992476587,0.350000000000005,185.85260812271002,21
40,4,"[1,14,27,40]",0.35,2.0,0.0,even_idm_leader_d02,0.2,acc,8.0,1.5,0,5.0,closed symmetric acceleration-command pulse,0.1,4,"[1,14,27,40]",116.0,jerk_saturation,5.0,-20.0,0,idm,[],60.0,0.2,even,203.52499528065755,-2.461607915568564,0.1696041627338813,4.5,gap_lower,30.900000000000002,1.3230803957784283,16,5.000000000000004,gap_lower,-0.4985803957784283,30.400000000000002,16,6.666666666666667,4.894603106902744,0.7,0.0,f0731342ce6d04d6,0.0,3,controller_comparison,0.0,24.0,20.0,4.5,117.04018554996958,20.0,8140.999811226302,41
40,4,"[19,20,21,22]",0.35,2.5,0.0,middle_idm_leader_d02,0.2,margin,8.0,1.5,0,5.0,closed symmetric acceleration-command pulse,0.1,4,"[19,20,21,22]",109.0,jerk_saturation,5.0,-25.0,0,idm,[],60.0,0.2,middle,197.4086131446476,-102.43931434780669,0.16450717762053965,4.5,gap_lower,57.1,6.321965717390334,19,5.000000000000004,gap_lower,-5.487813086156604,56.0,19,5.333333333333333,0.0011346780302858405,0.7,0.0,f0aaa640a548d414,0.0,61,layout_comparison,0.0,24.0,20.0,4.5,126.43931434780669,20.0,7896.344525785904,41
40,4,"[1,14,27,40]",0.35,1.9,1.0,even_idm_leader_d02,0.2,predictive,8.0,1.5,0,5.0,closed symmetric acceleration-command pulse,0.1,4,"[1,14,27,40]",1.0,jerk_saturation,5.0,-18.999999999999996,0,idm,[],60.0,0.2,even,3.4008313141759983,19.577656259410332,0.002834026095146665,1.9,gap_lower,8.3,0.22111718702948338,1,5.0,gap_lower,0.7099290965800863,6.800000000000001,1,0.24560556476260004,0.0,0.7,1.0,f0b45941caa4b9c1,1.0,47,controller_comparison,1.0,24.0,20.0,0.21679742284252312,1.3390265470529243,0.20000000000000995,136.03325256703994,41
40,0,[],0.35,0.25,1.0,even_idm_leader_d02,0.2,human,8.0,1.5,0,5.0,closed symmetric acceleration-command pulse,0.1,0,[],0.0,acceleration_upper,8.9,0.09397737299805918,1,idm,[],60.0,0.2,even,0.38317127887381686,23.599836934462346,0.0003193093990615141,0.25,acceleration_upper,8.9,0.09397737299805918,1,5.0,acceleration_upper,0.9088685643351863,8.8,1,0.742593958562035,0.00011674116484527985,0.7,1.0,f0c05bc81f8c57ea,1.0,97,controller_comparison,1.0,24.0,20.0,0.007122843209368089,0.06772021757802804,0.03585635566514256,15.326851154952674,41
40,4,"[1,14,27,40]",0.35,1.7,0.0,even_idm_leader_d02,0.2,acc,8.0,1.5,0,5.0,closed symmetric acceleration-command pulse,0.1,4,"[1,14,27,40]",84.0,jerk_saturation,5.0,-17.0,0,idm,[],60.0,0.2,even,112.74783488893459,-2.4874713276292795,0.09395652907411216,4.5,gap_lower,52.300000000000004,1.324373566381464,32,5.000000000000004,gap_lower,-0.4998735663814635,51.800000000000004,32,7.843137254901961,3.3423166327208578,0.7,0.0,f0d30211e9b99cfa,0.0,47,controller_comparison,0.0,24.0,20.0,4.5,104.86904344260194,20.0,4509.913395557383,41
80,8,"[1,12,24,35,46,57,69,80]",0.35,2.2,1.0,even_idm_leader_N80,0.2,predictive,8.0,1.5,0,5.0,closed symmetric acceleration-command pulse,0.1,8,"[1,12,24,35,46,57,69,80]",1.0,jerk_saturation,5.0,-22.0,0,idm,[],60.0,0.2,even,2.16742885597611,18.552015762797367,0.001806190713313425,2.2,gap_lower,8.6,0.2723992118601316,1,5.0,gap_lower,0.6637930717799548,6.9,1,0.2575566637404807,0.0,0.7,1.0,f10e3ddc0d942e55,1.0,97,chain_length_scope,1.0,24.0,20.0,0.21679742284274883,2.306166712364245,0.3074971175337389,173.39430847808882,81
80,8,"[1,12,24,35,46,57,69,80]",0.35,0.25,1.0,even_idm_leader_N80,0.2,wave,8.0,1.5,0,5.0,closed symmetric acceleration-command pulse,0.1,8,"[1,12,24,35,46,57,69,80]",0.0,acceleration_upper,8.700000000000001,0.12363052410794312,1,idm,[],60.0,0.2,even,0.17264865699317244,23.63545048406307,0.00014387388082764372,0.25,acceleration_upper,8.700000000000001,0.12363052410794312,1,5.0,acceleration_upper,0.8602823717271342,8.200000000000001,1,0.7078878072353424,0.0,0.7,1.0,f1657a9d0453ecb4,1.0,149,chain_length_scope,1.0,24.0,20.0,0.0025988416314642105,0.04175899218370205,0.015119505555517776,13.811892559453796,81
40,4,"[1,14,27,40]",0.35,1.5,1.0,even_ovm_leader_d02,0.2,margin,8.0,1.5,0,5.0,closed symmetric acceleration-command pulse,0.1,4,"[1,14,27,40]",2.0,jerk_saturation,5.0,-15.0,0,ovm,[],60.0,0.2,even,8.162271752447712,15.319914874657684,0.0068018931270397605,1.5,gap_lower,56.1,0.4340042562671158,27,5.0,gap_lower,0.5597334068812694,55.0,27,1.2109470540693428,0.0,0.7,0.0,f1a585242e80d3ab,1.0,131,prediction_scope,0.0,24.0,20.0,0.7016052427602852,8.296849989897282,1.8915572668703682,326.4908700979085,41
40,4,"[1,14,27,40]",0.35,1.8,1.0,even_idm_leader_d02,0.2,predictive,8.0,1.5,0,5.0,closed symmetric acceleration-command pulse,0.1,4,"[1,14,27,40]",1.0,jerk_saturation,5.0,-18.0,0,idm,[],60.0,0.2,even,3.282015914474455,19.848370192974244,0.002735013262062046,1.8,gap_lower,8.200000000000001,0.2075814903512878,1,5.0,gap_lower,0.7253314111035014,6.800000000000001,1,0.2407364782618002,0.0,0.7,1.0,f1d875025ec1b1e6,1.0,131,controller_comparison,1.0,24.0,20.0,0.21679742284252312,1.3043978181690932,0.20000000000000995,131.2806365789782,41
40,4,"[1,14,27,40]",0.35,1.8,1.0,even_ovm_leader_d02,0.2,margin,8.0,1.5,0,5.0,closed symmetric acceleration-command pulse,0.1,4,"[1,14,27,40]",2.0,jerk_saturation,5.0,-18.0,0,ovm,[],60.0,0.2,even,7.896783214249427,17.282335831096248,0.00658065267854119,1.8,gap_lower,55.1,0.3358832084451876,27,5.0,gap_lower,0.6596120612557888,54.1,27,0.7833875718182933,0.0,0.7,0.0,f1d906ee0212e87d,1.0,97,prediction_scope,0.0,24.0,20.0,0.40037270364162775,5.726785490167572,1.5574277670681553,315.8713285699771,41
20,2,"[1,20]",0.35,0.25,1.0,even_idm_leader_N20,0.2,wave,8.0,1.5,0,5.0,closed symmetric acceleration-command pulse,0.1,2,"[1,20]",0.0,acceleration_upper,8.700000000000001,0.12363052410794312,1,idm,[],60.0,0.2,even,0.5420621338314467,23.63545048406307,0.00045171844485953895,0.25,acceleration_upper,8.700000000000001,0.12363052410794312,1,5.0,acceleration_upper,0.8602823717271342,8.200000000000001,1,0.7078878072353424,0.11044343665919125,0.7,1.0,f1f36fccd605f46e,1.0,191,chain_length_scope,1.0,24.0,20.0,0.0005310563961364284,0.030492946771801144,0.008689376079708211,10.841242676628935,21
40,4,"[1,14,27,40]",0.35,1.5,1.0,even_idm_leader_d02,0.2,wave,8.0,1.5,0,5.0,closed symmetric acceleration-command pulse,0.1,4,"[1,14,27,40]",1.0,jerk_saturation,5.0,-15.0,0,idm,[],60.0,0.2,even,5.642032587431166,21.382448714801427,0.004701693822859306,1.5,acceleration_upper,9.0,0.6910652464529088,1,5.0,acceleration_upper,0.2408760651583718,8.4,1,0.7976969520496371,0.002458360541399745,0.7,1.0,f20266001f1a9995,1.0,11,controller_comparison,1.0,24.0,20.0,0.18689200593312819,1.3115991116252133,0.7448670189823474,225.68130349724666,41
40,4,"[1,14,27,40]",0.35,2.1,0.0,even_idm_leader_d02,0.2,wave,8.0,1.5,0,5.0,closed symmetric acceleration-command pulse,0.1,4,"[1,14,27,40]",95.0,jerk_saturation,5.0,-21.0,0,idm,[],60.0,0.2,even,150.2159581421672,-32.9282737512703,0.12517996511847268,4.5,gap_lower,60.0,2.8464136875635146,27,5.000000000000004,gap_lower,-2.0280451508989517,59.900000000000006,27,6.349206349206349,3.4349063657540575,0.7,0.0,f232a89c1d4ca9bf,0.0,79,controller_comparison,0.0,24.0,20.0,4.5,78.57927556519451,20.0,6008.638325686688,41
40,4,"[1,14,27,40]",0.35,1.0,1.0,even_idm_leader_d02,0.2,acc,8.0,1.5,0,5.0,closed symmetric acceleration-command pulse,0.1,4,"[1,14,27,40]",1.0,jerk_saturation,5.0,-10.0,0,idm,[],60.0,0.2,even,3.507770611283248,22.24225452949139,0.002923142176069373,1.0,acceleration_upper,9.1,0.4260524990731095,1,5.0,acceleration_upper,0.5444537387124273,8.5,1,0.8778495915594012,0.0015396076472337465,0.7,1.0,f26d1c7c01ad2f9e,1.0,11,controller_comparison,1.0,24.0,20.0,0.12246360161919655,0.9609116644721212,0.5352260846858492,140.31082445132992,41
40,4,"[1,14,27,40]",0.35,1.8,1.0,even_idm_leader_cmd04,0.4,margin,8.0,1.5,0,5.0,closed symmetric acceleration-command pulse,0.1,4,"[1,14,27,40]",1.0,jerk_saturation,5.0,-18.0,0,idm,[],60.0,0.2,even,5.396314151822833,19.97482180146011,0.004496928459852361,1.8,gap_lower,8.0,0.20125890992699452,1,5.0,gap_lower,0.7249757443671356,6.800000000000001,1,0.3597731786581764,0.0,0.7,1.0,f29d952c683176c9,1.0,97,prediction_scope,1.0,24.0,20.0,0.2378999352207257,2.0407499999898846,0.5230481344499402,215.8525660729133,41
40,4,"[1,14,27,40]",0.35,1.5,1.0,even_idm_leader_d02,0.2,wave,8.0,1.5,0,5.0,closed symmetric acceleration-command pulse,0.1,4,"[1,14,27,40]",1.0,jerk_saturation,5.0,-15.0,0,idm,[],60.0,0.2,even,3.6426703963438323,21.546420964520223,0.0030355586636198603,1.5,acceleration_upper,9.0,0.6910652464529088,1,5.0,acceleration_upper,0.2408760651583718,8.4,1,0.7855481259587296,0.0008870832242880371,0.7,1.0,f29e4fc9e037750e,1.0,29,controller_comparison,1.0,24.0,20.0,0.06964463229795127,0.658234553357488,0.319332005563858,145.70681585375328,41
40,4,"[1,14,27,40]",0.35,2.0,1.0,even_ovm_leader_d02,0.2,margin,8.0,1.5,0,5.0,closed symmetric acceleration-command pulse,0.1,4,"[1,14,27,40]",2.0,jerk_saturation,5.0,-20.0,0,ovm,[],60.0,0.2,even,8.66647751617497,16.26972364836672,0.007222064596812476,2.0,gap_lower,55.0,0.3865138175816639,27,5.0,gap_lower,0.6030247521721357,53.800000000000004,27,0.810153355076905,0.0,0.7,0.0,f2aa80262a6e1fc6,1.0,97,prediction_scope,0.0,24.0,20.0,0.45868293288087053,6.478335681548685,1.78239326899104,346.6591006469988,41
40,4,"[1,14,27,40]",0.35,1.9,1.0,even_idm_leader_cmd0,0.0,margin,8.0,1.5,0,5.0,closed symmetric acceleration-command pulse,0.1,4,"[1,14,27,40]",1.0,jerk_saturation,5.0,-18.999999999999996,0,idm,[],60.0,0.2,even,5.7884963040652675,20.008608001059713,0.00482374692005439,1.9,jerk,5.800000000000001,0.2157434402332361,1,5.0,gap_lower,0.7272864274312851,6.7,1,0.29823703934855367,0.0,0.7,1.0,f2e8089e9d3cb3f0,1.0,113,prediction_scope,1.0,24.0,20.0,0.1588921283505002,2.329749999994192,0.35762901569531635,231.5398521626107,41
40,4,"[19,20,21,22]",0.35,0.25,1.0,middle_idm_leader_d02,0.2,margin,8.0,1.5,0,5.0,closed symmetric acceleration-command pulse,0.1,4,"[19,20,21,22]",0.0,acceleration_upper,8.9,0.08613353983278021,1,idm,[],60.0,0.2,middle,0.24479175018735316,23.531964784221827,0.00020399312515612762,0.25,acceleration_upper,8.9,0.08613353983278021,1,5.0,acceleration_upper,0.9162451199127694,8.9,1,0.7371275189912486,0.0,0.7,1.0,f2e9fc51d0d99a69,1.0,191,layout_comparison;prediction_scope,1.0,24.0,20.0,0.0004313865765324956,0.46803521577817264,0.007377753960398081,9.791670007494126,41
40,4,"[1,14,27,40]",0.35,2.0,1.0,even_idm_leader_cmd04,0.4,margin,8.0,1.5,0,5.0,closed symmetric acceleration-command pulse,0.1,4,"[1,14,27,40]",1.0,jerk_saturation,5.0,-20.0,0,idm,[],60.0,0.2,even,5.736236428127481,19.462153868621158,0.004780197023439567,2.0,gap_lower,8.0,0.2268923065689421,1,5.0,gap_lower,0.6958493977653253,6.9,1,0.3616510071143395,0.0,0.7,1.0,f2ee3722b4726b8e,1.0,131,prediction_scope,1.0,24.0,20.0,0.2330599096134839,1.7038568417741544,0.4749999999998131,229.44945712509923,41
40,4,"[1,14,27,40]",0.35,2.5,0.0,even_idm_internal8_d02,0.2,margin,8.0,1.5,8,5.0,closed symmetric acceleration-command pulse,0.1,4,"[1,14,27,40]",57.0,jerk_saturation,5.0,-25.0,8,idm,[],60.0,0.2,even,116.30341486538501,-79.81496828933702,0.09691951238782083,4.5,gap_lower,60.0,5.190748414466851,40,5.000000000000004,gap_lower,-4.517374410735399,59.900000000000006,40,5.333333333333333,4.30819635786926,0.7,0.0,f38eacf1b64d9565,0.0,97,prediction_scope,0.0,24.0,20.0,4.5,107.28831737038004,20.0,4652.1365946154,41
40,4,"[1,14,27,40]",0.35,1.8,1.0,even_idm_leader_d02,0.2,wave,8.0,1.5,0,5.0,closed symmetric acceleration-command pulse,0.1,4,"[1,14,27,40]",1.0,jerk_saturation,5.0,-18.0,0,idm,[],60.0,0.2,even,6.610265794779775,21.01273272579344,0.005508554828983146,1.8,acceleration_upper,9.0,0.8108967007441591,1,5.0,acceleration_upper,0.1154448318353769,8.5,1,0.7942805054877989,0.001332833084650215,0.7,1.0,f39c0875f4774148,1.0,131,controller_comparison,1.0,24.0,20.0,0.2197143149188169,1.228989116060717,0.7465242328282606,264.410631791191,41
40,0,[],0.35,2.5,0.0,even_idm_leader_d02,0.2,human,8.0,1.5,0,5.0,closed symmetric acceleration-command pulse,0.1,0,[],142.0,jerk_saturation,5.0,-25.0,0,idm,[],60.0,0.2,even,288.04819041299095,-2.5107202958356254,0.24004015867749248,4.5,gap_lower,50.800000000000004,1.3255360147917812,32,5.000000000000004,gap_lower,-0.5010360147917812,50.300000000000004,32,5.333333333333333,4.078258954213847,0.7,0.0,f3b267daf17f5689,0.0,47,controller_comparison,0.0,24.0,20.0,4.5,147.07801689593907,20.0,11521.927616519639,41
80,8,"[1,12,24,35,46,57,69,80]",0.35,1.0,1.0,even_idm_leader_N80,0.2,margin,8.0,1.5,0,5.0,closed symmetric acceleration-command pulse,0.1,8,"[1,12,24,35,46,57,69,80]",1.0,jerk_saturation,5.0,-10.0,0,idm,[],60.0,0.2,even,1.9574974564702508,22.041091224490145,0.0016312478803918757,1.0,jerk,7.7,0.15796767347454377,1,5.0,gap_lower,0.8475557889641916,6.7,1,0.3868082905939592,0.0,0.7,1.0,f3c32c9aa19b00ab,1.0,113,chain_length_scope,1.0,24.0,20.0,0.21679742284252312,2.3215981572730016,0.38401075940525686,156.59979651762006,81
20,2,"[1,20]",0.35,1.5,1.0,even_idm_leader_N20,0.2,predictive,8.0,1.5,0,5.0,closed symmetric acceleration-command pulse,0.1,2,"[1,20]",1.0,jerk_saturation,5.0,-15.0,0,idm,[],60.0,0.2,even,4.676202583192594,20.59906245446058,0.0038968354859938285,1.5,gap_lower,8.1,0.17004687727697104,1,5.0,gap_lower,0.7612126343801773,6.7,1,0.22998634819930747,0.06666666666666604,0.7,1.0,f423fc9cf322bf26,1.0,191,chain_length_scope,1.0,24.0,20.0,0.010867582428908519,1.2974577216946273,0.14999999999999858,93.52405166385188,21
40,4,"[1,14,27,40]",0.35,2.5,1.0,even_idm_leader_d02,0.2,predictive,8.0,1.5,0,5.0,closed symmetric acceleration-command pulse,0.1,4,"[1,14,27,40]",1.0,jerk_saturation,5.0,-25.0,0,idm,[],60.0,0.2,even,5.321922007274727,17.44987155700528,0.004434935006062273,2.5,gap_lower,8.8,0.32750642214973597,1,5.0,gap_lower,0.616796615564511,7.0,1,0.2666430711583966,0.0,0.7,1.0,f492f25d9f4742ca,1.0,61,controller_comparison,1.0,24.0,20.0,0.0746465696245882,1.8999179029873972,0.3326389702719439,212.8768802909891,41
40,4,"[1,14,27,40]",0.35,1.0,1.0,even_idm_leader_d02,0.2,wave,8.0,1.5,0,5.0,closed symmetric acceleration-command pulse,0.1,4,"[1,14,27,40]",1.0,jerk_saturation,5.0,-10.0,0,idm,[],60.0,0.2,even,1.8867220662421835,22.41719531546063,0.001572268388535153,1.0,acceleration_upper,8.9,0.47616499802648427,1,5.0,acceleration_upper,0.4712842528868433,8.3,1,0.7636366299609705,0.0004812743242913105,0.7,1.0,f4ae105494246a55,1.0,29,controller_comparison,1.0,24.0,20.0,0.023147090989893124,0.28070689485190314,0.12914650504441383,75.46888264968734,41
40,4,"[1,14,27,40]",0.35,0.25,1.0,even_ovm_leader_d02,0.2,margin,8.0,1.5,0,5.0,closed symmetric acceleration-command pulse,0.1,4,"[1,14,27,40]",0.0,gap_lower,12.9,0.028125,1,ovm,[],60.0,0.2,even,0.0,23.4375,0.0,0.25,gap_lower,12.9,0.028125,1,5.0,gap_lower,0.9535000000000021,6.7,1,0.0,0.0,0.7,1.0,f4cd359a2d94846a,1.0,131,prediction_scope,1.0,24.0,20.0,3.5108065875142923e-16,0.5625,0.0,0.0,41
40,4,"[1,14,27,40]",0.35,2.5,1.0,even_idm_leader_cmd04,0.4,margin,8.0,1.5,0,5.0,closed symmetric acceleration-command pulse,0.1,4,"[1,14,27,40]",1.0,jerk_saturation,5.0,-25.0,0,idm,[],60.0,0.2,even,6.966564530905414,17.768573398377953,0.005805470442421179,2.5,gap_lower,8.5,0.3115713300811024,1,5.0,gap_lower,0.6226531178538599,7.2,1,0.35790496768155816,0.0,0.7,1.0,f50410978738a310,1.0,167,prediction_scope,1.0,24.0,20.0,0.2330599096135322,1.7049999999999272,0.49999999999984723,278.66258123621657,41
40,4,"[1,14,27,40]",0.35,2.5,0.0,even_idm_leader_d02,0.2,wave,8.0,1.5,0,5.0,closed symmetric acceleration-command pulse,0.1,4,"[1,14,27,40]",116.0,jerk_saturation,5.0,-25.0,0,idm,[],60.0,0.2,even,207.58975684951952,-33.25889917057562,0.17299146404126625,4.5,gap_lower,60.0,2.862944958528781,27,5.000000000000004,gap_lower,-2.0423839476606687,59.900000000000006,27,5.333333333333333,3.468329565503104,0.7,0.0,f553a741ae80fef4,0.0,61,controller_comparison,0.0,24.0,20.0,4.5,92.00916642509833,20.0,8303.59027398078,41
40,4,"[1,14,27,40]",0.35,1.7,1.0,even_idm_leader_cmd04,0.4,margin,8.0,1.5,0,5.0,closed symmetric acceleration-command pulse,0.1,4,"[1,14,27,40]",1.0,jerk_saturation,5.0,-17.0,0,idm,[],60.0,0.2,even,4.750198091347311,20.251777019784384,0.003958498409456093,1.7,jerk,6.300000000000001,0.1949187838400666,1,5.0,gap_lower,0.7390560421139881,6.7,1,0.36167911867200553,0.0,0.7,1.0,f5797fb480e03bad,1.0,167,prediction_scope,1.0,24.0,20.0,0.23789993426896766,2.4867500000168548,0.4841547049966479,190.00792365389245,41
40,4,"[1,14,27,40]",0.35,1.0,1.0,even_idm_leader_cmd04,0.4,margin,8.0,1.5,0,5.0,closed symmetric acceleration-command pulse,0.1,4,"[1,14,27,40]",1.0,jerk_saturation,5.0,-10.0,0,idm,[],60.0,0.2,even,3.4731447005531715,21.96675522775942,0.002894287250460976,1.0,jerk,6.7,0.1618300440899868,1,5.0,gap_lower,0.8437995695711498,6.7,1,0.4289121016803463,0.0,0.7,1.0,f635049ad1cbbd5b,1.0,97,prediction_scope,1.0,24.0,20.0,0.23789991818228395,2.28137952774955,0.4913897371346252,138.92578802212685,41
40,0,[],0.35,0.0,1.0,even_idm_leader_d02,0.2,human,8.0,1.5,0,5.0,closed symmetric acceleration-command pulse,0.1,0,[],0.0,jerk,0.1,3.0946089165499e-16,17,idm,[],60.0,0.2,even,0.0,24.0,0.0,1.54730445827495e-16,jerk,0.1,3.0946089165499e-16,17,1.5473044582749498e-15,acceleration_upper,0.9999999999999999,0.0,8,0.0,0.0,0.7,1.0,f660c082675b154c,1.0,191,controller_comparison,1.0,24.0,20.0,1.54730445827495e-16,0.0,0.0,0.0,41
40,4,"[1,14,27,40]",0.35,2.0,0.0,even_idm_leader_d02,0.2,acc,8.0,1.5,0,5.0,closed symmetric acceleration-command pulse,0.1,4,"[1,14,27,40]",108.0,jerk_saturation,5.0,-20.0,0,idm,[],60.0,0.2,even,178.2177041977234,-2.6406681929959035,0.14851475349810284,4.5,gap_lower,43.800000000000004,1.3320334096497952,26,5.000000000000004,gap_lower,-0.5075334096497954,43.300000000000004,26,6.666666666666667,4.367049677316569,0.7,0.0,f67c04b9fab64212,0.0,97,controller_comparison,0.0,24.0,20.0,4.5,97.5941545529846,20.0,7128.708167908936,41
80,8,"[1,12,24,35,46,57,69,80]",0.35,0.0,1.0,even_idm_leader_N80,0.2,predictive,8.0,1.5,0,5.0,closed symmetric acceleration-command pulse,0.1,8,"[1,12,24,35,46,57,69,80]",0.0,jerk,0.1,6.122860407706024e-16,7,idm,[],60.0,0.2,even,0.0,24.0,0.0,1.5373620709854844e-16,jerk,0.1,6.122860407706024e-16,7,3.0614302038530117e-15,command_upper,0.9999999999999998,0.0,7,0.0,0.0,0.7,1.0,f68986f973f95927,1.0,97,chain_length_scope,1.0,24.0,20.0,3.061430203853012e-16,0.0,0.0,0.0,81
20,2,"[1,20]",0.35,1.8,1.0,even_idm_leader_N20,0.2,predictive,8.0,1.5,0,5.0,closed symmetric acceleration-command pulse,0.1,2,"[1,20]",1.0,jerk_saturation,5.0,-18.0,0,idm,[],60.0,0.2,even,5.893419446634955,19.848370192974244,0.004911182872195796,1.8,gap_lower,8.200000000000001,0.2075814903512878,1,5.0,gap_lower,0.7253314111035014,6.800000000000001,1,0.2407364782618002,0.0648148148148164,0.7,1.0,f6cf211369cc0f6f,1.0,131,chain_length_scope,1.0,24.0,20.0,0.017251842951024214,1.5921984586614144,0.17500000000000426,117.8683889326991,21
40,4,"[37,38,39,40]",0.35,1.8,0.0,rear_idm_leader_d02,0.2,margin,8.0,1.5,0,5.0,closed symmetric acceleration-command pulse,0.1,4,"[37,38,39,40]",112.0,jerk_saturation,5.0,-18.0,0,idm,[],60.0,0.2,rear,208.4897591917383,-52.72415636726643,0.17374146599311527,4.5,gap_lower,60.0,3.8362078183633215,37,5.000000000000004,gap_lower,-3.341958499402858,59.900000000000006,37,7.4074074074074066,0.1805696711596251,0.7,0.0,f71a74e3de857bb3,0.0,61,layout_comparison,0.0,24.0,20.0,4.5,89.93242984435267,20.0,8339.590367669532,41
40,4,"[1,14,27,40]",0.35,1.8,1.0,even_idm_leader_d02,0.2,predictive,8.0,1.5,0,5.0,closed symmetric acceleration-command pulse,0.1,4,"[1,14,27,40]",1.0,jerk_saturation,5.0,-18.0,0,idm,[],60.0,0.2,even,3.1719290987406765,19.848370192974244,0.002643274248950564,1.8,gap_lower,8.200000000000001,0.2075814903512878,1,5.0,gap_lower,0.7253314111035014,6.800000000000001,1,0.2407364782618002,0.0,0.7,1.0,f7deb8a7fa14cbb0,1.0,79,controller_comparison,1.0,24.0,20.0,0.21679742284252312,1.3046241824208664,0.17500000000000426,126.87716394962706,41
40,4,"[1,14,27,40]",0.35,1.0,1.0,even_idm_internal8_d02,0.2,margin,8.0,1.5,8,5.0,closed symmetric acceleration-command pulse,0.1,4,"[1,14,27,40]",1.0,jerk_saturation,5.0,-10.0,8,idm,[],60.0,0.2,even,2.2972787352279505,22.370991967303354,0.001914398946023292,0.9999999999999999,jerk,5.1000000000000005,1.0,8,5.0,acceleration_upper,0.1783566479280987,7.4,8,0.8686019205071768,0.0,0.7,1.0,f807db7fffc705cd,1.0,131,prediction_scope,1.0,24.0,20.0,0.05307079171733666,2.2799542039221024,0.25795852973942957,91.89114940911801,41
40,4,"[19,20,21,22]",0.35,1.9,0.0,middle_idm_leader_d02,0.2,margin,8.0,1.5,0,5.0,closed symmetric acceleration-command pulse,0.1,4,"[19,20,21,22]",79.0,jerk_saturation,5.0,-18.999999999999996,0,idm,[],60.0,0.2,middle,127.0834476522593,-96.86043627321438,0.10590287304354941,4.5,gap_lower,49.7,6.043021813660719,19,5.000000000000004,gap_lower,-5.175612230132311,47.5,19,7.017543859649123,0.0012577140601789832,0.7,0.0,f85a2893cf1baf24,0.0,11,layout_comparison,0.0,24.0,20.0,4.5,146.44490417836852,20.0,5083.337906090372,41
80,8,"[1,12,24,35,46,57,69,80]",0.35,2.5,0.0,even_idm_leader_N80,0.2,wave,8.0,1.5,0,5.0,closed symmetric acceleration-command pulse,0.1,8,"[1,12,24,35,46,57,69,80]",115.0,jerk_saturation,5.0,-25.0,0,idm,[],60.0,0.2,even,97.98416543502321,-34.23901927283855,0.08165347119585267,4.5,gap_lower,59.400000000000006,2.911950963641927,24,5.000000000000004,gap_lower,-2.076403858094298,58.5,24,5.333333333333333,0.0,0.7,0.0,f89955c9e2a17223,0.0,149,chain_length_scope,0.0,24.0,20.0,4.5,99.58119268860463,20.0,7838.733234801857,81
20,2,"[1,20]",0.35,2.5,1.0,even_idm_leader_N20,0.2,predictive,8.0,1.5,0,5.0,closed symmetric acceleration-command pulse,0.1,2,"[1,20]",1.0,jerk_saturation,5.0,-25.0,0,idm,[],60.0,0.2,even,9.257172786818106,17.44987155700528,0.007714310655681756,2.5,gap_lower,8.8,0.32750642214973597,1,5.0,gap_lower,0.616796615564511,7.0,1,0.27754435669097577,0.09333333333333371,0.7,1.0,f9a8f7fd25c77bd5,1.0,191,chain_length_scope,1.0,24.0,20.0,0.21679742284252312,1.4444606788190413,0.3500000000000014,185.14345573636214,21
40,4,"[1,14,27,40]",0.35,2.0,1.0,even_idm_internal8_d02,0.2,margin,8.0,1.5,8,5.0,closed symmetric acceleration-command pulse,0.1,4,"[1,14,27,40]",2.0,jerk_saturation,5.0,-20.0,8,idm,[],60.0,0.2,even,6.8920984402760865,15.729288235691342,0.005743415366896739,2.347446678725078,jerk,5.1000000000000005,1.0,8,5.0,acceleration_upper,0.0,6.5,8,1.1935266805254419,0.14166605380423883,0.7,1.0,f9e4a9f85c4a0c44,1.0,167,prediction_scope,1.0,24.0,20.0,0.24559159725943208,2.927510163268721,0.499932597970389,275.68393761104346,41
40,4,"[37,38,39,40]",0.35,1.0,1.0,rear_idm_leader_d02,0.2,margin,8.0,1.5,0,5.0,closed symmetric acceleration-command pulse,0.1,4,"[37,38,39,40]",1.0,jerk_saturation,5.0,-10.0,0,idm,[],60.0,0.2,rear,2.930290066704385,22.251934240983516,0.002441908388920321,1.0812300766255738,jerk,7.9,0.32878400889116144,1,5.0,acceleration_upper,0.680352922083674,9.0,1,0.900670938153174,0.0,0.7,1.0,fa043b97aeed1576,1.0,79,layout_comparison,1.0,24.0,20.0,0.08295349444674173,0.6741360890652288,0.3735421524107707,117.2116026681754,41
40,0,[],0.35,1.7,0.0,even_idm_leader_d02,0.2,human,8.0,1.5,0,5.0,closed symmetric acceleration-command pulse,0.1,0,[],93.0,jerk_saturation,5.0,-17.0,0,idm,[],60.0,0.2,even,125.19081183331598,-2.4532403084889722,0.10432567652776331,4.5,gap_lower,54.900000000000006,1.3226620154244486,34,5.000000000000004,gap_lower,-0.49816201542444977,54.400000000000006,34,7.843137254901961,3.328398009449138,0.7,0.0,fa2d58ca5e6fe901,0.0,29,controller_comparison,0.0,24.0,20.0,4.5,126.02434028203862,20.0,5007.632473332639,41
20,2,"[1,20]",0.35,2.5,1.0,even_idm_leader_N20,0.2,margin,8.0,1.5,0,5.0,closed symmetric acceleration-command pulse,0.1,2,"[1,20]",1.0,jerk_saturation,5.0,-25.0,0,idm,[],60.0,0.2,even,11.143476289612394,17.940824239627887,0.009286230241343662,2.5,gap_lower,8.6,0.30295878801860565,1,5.0,gap_lower,0.6284722142964542,7.1000000000000005,1,0.3329445331574059,0.14666666666666212,0.7,1.0,fa432d7a5a81dc5f,1.0,131,chain_length_scope,1.0,24.0,20.0,0.019381173709033486,1.9137499999919783,0.25017775323663827,222.86952579224788,21
80,8,"[1,12,24,35,46,57,69,80]",0.35,1.0,1.0,even_idm_leader_N80,0.2,wave,8.0,1.5,0,5.0,closed symmetric acceleration-command pulse,0.1,8,"[1,12,24,35,46,57,69,80]",1.0,jerk_saturation,5.0,-10.0,0,idm,[],60.0,0.2,even,0.8928646459480938,22.41719531546063,0.0007440538716234114,1.0,acceleration_upper,8.9,0.47616499802648427,1,5.0,acceleration_upper,0.4712842528868433,8.3,1,0.7636366299609705,0.0,0.7,1.0,fa4dbd9bea15f746,1.0,131,chain_length_scope,1.0,24.0,20.0,0.018351846732738097,0.2198549990941956,0.09884206478000124,71.4291716758475,81
80,8,"[1,12,24,35,46,57,69,80]",0.35,1.5,1.0,even_idm_leader_N80,0.2,predictive,8.0,1.5,0,5.0,closed symmetric acceleration-command pulse,0.1,8,"[1,12,24,35,46,57,69,80]",1.0,jerk_saturation,5.0,-15.0,0,idm,[],60.0,0.2,even,1.2824506219549945,20.59906245446058,0.0010687088516291622,1.5,gap_lower,8.1,0.17004687727697104,1,5.0,gap_lower,0.7612126343801773,6.7,1,0.2222220090665543,0.0,0.7,1.0,fa70d2cf70eb1f0a,1.0,113,chain_length_scope,1.0,24.0,20.0,0.06207384366923446,1.2821965431874105,0.17098044339745044,102.59604975639957,81
40,4,"[1,14,27,40]",0.35,2.0,1.0,even_idm_leader_cmd0,0.0,margin,8.0,1.5,0,5.0,closed symmetric acceleration-command pulse,0.1,4,"[1,14,27,40]",1.0,jerk_saturation,5.0,-20.0,0,idm,[],60.0,0.2,even,5.992003360052663,19.702188065488627,0.004993336133377219,2.0,jerk,5.800000000000001,0.2157434402332361,1,5.0,gap_lower,0.71213316245092,6.800000000000001,1,0.2916611877818802,0.0,0.7,1.0,fa7c2c637c75f058,1.0,113,prediction_scope,1.0,24.0,20.0,0.08310270134504513,2.35124999999357,0.372590612610896,239.68013440210652,41
40,4,"[1,14,27,40]",0.35,2.5,0.0,even_idm_leader_d02,0.2,wave,8.0,1.5,0,5.0,closed symmetric acceleration-command pulse,0.1,4,"[1,14,27,40]",112.0,jerk_saturation,5.0,-25.0,0,idm,[],60.0,0.2,even,192.17178210277456,-33.16263985826674,0.16014315175231214,4.5,gap_lower,60.0,2.858131992913337,27,5.000000000000004,gap_lower,-2.0382094244451046,59.900000000000006,27,5.333333333333333,3.3567156626519696,0.7,0.0,fa9f92c5cfdf8b93,0.0,97,controller_comparison,0.0,24.0,20.0,4.5,75.7620710555392,20.0,7686.871284110983,41
20,2,"[1,20]",0.35,0.0,1.0,even_idm_leader_N20,0.2,wave,8.0,1.5,0,5.0,closed symmetric acceleration-command pulse,0.1,2,"[1,20]",0.0,jerk,0.1,3.0486472582862366e-16,13,idm,[],60.0,0.2,even,0.0,24.0,0.0,1.5243236291431183e-16,jerk,0.1,3.0486472582862366e-16,13,1.5243236291431182e-15,acceleration_upper,0.9999999999999999,0.0,5,0.0,0.0,0.7,1.0,fb07093df16a7071,1.0,97,chain_length_scope,1.0,24.0,20.0,1.5243236291431183e-16,0.0,0.0,0.0,21
40,4,"[37,38,39,40]",0.35,0.25,1.0,rear_idm_leader_d02,0.2,margin,8.0,1.5,0,5.0,closed symmetric acceleration-command pulse,0.1,4,"[37,38,39,40]",0.0,acceleration_upper,9.0,0.069426994094039,1,idm,[],60.0,0.2,rear,0.39528781891748493,23.58503713715345,0.0003294065157645708,0.25,acceleration_upper,9.0,0.069426994094039,1,5.0,acceleration_upper,0.9325130779829068,8.9,1,0.6519956895881288,0.0,0.7,1.0,fb4d1ed6492bad06,1.0,113,layout_comparison;prediction_scope,1.0,24.0,20.0,0.007701308208861573,0.061165950604276986,0.034893509594997596,15.811512756699397,41
40,4,"[19,20,21,22]",0.35,1.9,0.0,middle_idm_leader_d02,0.2,margin,8.0,1.5,0,5.0,closed symmetric acceleration-command pulse,0.1,4,"[19,20,21,22]",77.0,jerk_saturation,5.0,-18.999999999999996,0,idm,[],60.0,0.2,middle,104.6716027275435,-86.76659206284337,0.08722633560628625,4.5,gap_lower,45.6,5.538329603142168,19,5.000000000000004,gap_lower,-4.542222569490511,44.6,19,7.017543859649123,0.0004252835826098303,0.7,0.0,fb4e0d6e33103b3a,0.0,191,layout_comparison;prediction_scope,0.0,24.0,20.0,4.5,113.49208193999408,20.0,4186.86410910174,41
40,0,[],0.35,1.7,0.0,even_idm_leader_d02,0.2,human,8.0,1.5,0,5.0,closed symmetric acceleration-command pulse,0.1,0,[],103.0,jerk_saturation,5.0,-17.0,0,idm,[],60.0,0.2,even,157.4529757927625,-2.4848756891836814,0.1312108131606354,4.5,gap_lower,51.900000000000006,1.3242437844591841,32,5.000000000000004,gap_lower,-0.49974378445918344,51.400000000000006,32,7.843137254901961,3.940897068590531,0.7,0.0,fb5ce3bc29d8d21f,0.0,47,controller_comparison,0.0,24.0,20.0,4.5,137.5621542584306,20.0,6298.119031710499,41
40,4,"[1,14,27,40]",0.35,2.1,1.0,even_idm_leader_cmd0,0.0,margin,8.0,1.5,0,5.0,closed symmetric acceleration-command pulse,0.1,4,"[1,14,27,40]",1.0,jerk_saturation,5.0,-21.0,0,idm,[],60.0,0.2,even,5.872819231197363,19.3695272593217,0.004894016025997802,2.1,gap_lower,8.3,0.23152363703391501,1,5.0,gap_lower,0.6974331624509172,6.800000000000001,1,0.29364557248179435,0.0,0.7,1.0,fb8eb5665914800d,1.0,167,prediction_scope,1.0,24.0,20.0,0.15889213032250857,2.6330000000007203,0.35863419919142103,234.91276924789452,41
40,4,"[1,14,27,40]",0.35,1.9,1.0,even_idm_leader_d02,0.2,predictive,8.0,1.5,0,5.0,closed symmetric acceleration-command pulse,0.1,4,"[1,14,27,40]",1.0,jerk_saturation,5.0,-18.999999999999996,0,idm,[],60.0,0.2,even,3.078212632800818,19.577656259410332,0.002565177194000682,1.9,gap_lower,8.3,0.22111718702948338,1,5.0,gap_lower,0.7099290965800863,6.800000000000001,1,0.24560556476260004,0.0,0.7,1.0,fbbd2854011d73ca,1.0,191,controller_comparison,1.0,24.0,20.0,0.1588921282798834,1.279059753990225,0.17500000000000426,123.12850531203273,41
40,4,"[1,2,3,4]",0.35,2.0,1.0,front_idm_leader_d02,0.2,margin,8.0,1.5,0,5.0,closed symmetric acceleration-command pulse,0.1,4,"[1,2,3,4]",1.0,jerk_saturation,5.0,-20.0,0,idm,[],60.0,0.2,front,7.206344328038111,19.56003271057392,0.006005286940031759,2.0,gap_lower,8.1,0.22199836447130394,1,5.0,gap_lower,0.7028209984038035,6.800000000000001,1,0.3165806789364443,3.6681667208900612e-06,0.7,1.0,fbf747336f2c459f,1.0,11,layout_comparison,1.0,24.0,20.0,0.05316143545806195,2.402499999994461,0.4288992365810316,288.25377312152443,41
40,4,"[1,14,27,40]",0.35,1.8,1.0,even_ovm_leader_d02,0.2,margin,8.0,1.5,0,5.0,closed symmetric acceleration-command pulse,0.1,4,"[1,14,27,40]",2.0,jerk_saturation,5.0,-18.0,0,ovm,[],60.0,0.2,even,7.49763042746155,18.10594348662994,0.006248025356217959,1.8,gap_lower,56.2,0.29470282566850303,27,5.0,gap_lower,0.7027036001707725,55.1,27,0.6574669130763081,0.0,0.7,0.0,fc212d05b11339ef,1.0,167,prediction_scope,0.0,24.0,20.0,0.3583661051999055,5.737680949424828,1.3107665686875052,299.905217098462,41
40,4,"[1,14,27,40]",0.35,1.8,1.0,even_idm_leader_d02,0.2,margin,8.0,1.5,0,5.0,closed symmetric acceleration-command pulse,0.1,4,"[1,14,27,40]",1.0,jerk_saturation,5.0,-18.0,0,idm,[],60.0,0.2,even,5.26538906491689,20.118271619165995,0.004387824220764076,1.8,jerk,6.1000000000000005,0.1949187838400666,1,5.0,gap_lower,0.7314541031193812,6.7,1,0.34420616543696153,0.0,0.7,1.0,fc2dcf56913d5b93,1.0,149,controller_comparison;layout_comparison;prediction_scope,1.0,24.0,20.0,0.21679742284252312,1.9864181471563143,0.3999999999999915,210.61556259667563,41
40,4,"[1,2,3,4]",0.35,2.1,1.0,front_idm_leader_d02,0.2,margin,8.0,1.5,0,5.0,closed symmetric acceleration-command pulse,0.1,4,"[1,2,3,4]",1.0,jerk_saturation,5.0,-21.0,0,idm,[],60.0,0.2,front,7.439829360831823,19.221536821795013,0.006199857800693186,2.1,gap_lower,8.200000000000001,0.23892315891024934,1,5.0,gap_lower,0.688120998403801,6.800000000000001,1,0.3173783908256328,4.219428612643804e-06,0.7,1.0,fc40c80f53281a2e,1.0,113,layout_comparison;prediction_scope,1.0,24.0,20.0,0.06930326495430132,2.3587499999998727,0.43977313614853486,297.5931744332729,41
40,4,"[1,14,27,40]",0.35,0.25,1.0,even_idm_leader_cmd0,0.0,margin,8.0,1.5,0,5.0,closed symmetric acceleration-command pulse,0.1,4,"[1,14,27,40]",0.0,gap_lower,12.9,0.028125,1,idm,[],60.0,0.2,even,0.0,23.4375,0.0,0.25,gap_lower,12.9,0.028125,1,5.0,gap_lower,0.9535000000000021,6.7,1,0.0,0.0,0.7,1.0,fc40cf0dbe6d2c21,1.0,131,prediction_scope,1.0,24.0,20.0,1.5165216210851655e-16,0.5625,0.0,0.0,41
40,0,[],0.35,1.5,1.0,even_idm_leader_d02,0.2,human,8.0,1.5,0,5.0,closed symmetric acceleration-command pulse,0.1,0,[],2.0,jerk_saturation,5.0,-15.0,0,idm,[],60.0,0.2,even,9.23744246722651,20.439141784993012,0.007697868722688758,1.6525850922689307,jerk,7.9,0.5465681636313844,1,5.0,acceleration_upper,0.57756118019626,9.1,1,1.084608000444081,0.0009382098330203487,0.7,0.0,fc4de663972e36f6,1.0,131,controller_comparison,0.0,24.0,20.0,1.2263028559831768,3.4752318987051183,2.4403680009991824,369.49769868906037,41
40,4,"[1,14,27,40]",0.35,2.0,0.0,even_idm_leader_d02,0.2,acc,8.0,1.5,0,5.0,closed symmetric acceleration-command pulse,0.1,4,"[1,14,27,40]",117.0,jerk_saturation,5.0,-20.0,0,idm,[],60.0,0.2,even,210.57226959336694,-2.4201711629321707,0.17547689132780578,4.5,gap_lower,53.5,1.3210085581466084,34,5.000000000000004,gap_lower,-0.49650855814660844,53.0,34,6.666666666666667,4.739558235130779,0.7,0.0,fc52a452af3c7a96,0.0,61,controller_comparison,0.0,24.0,20.0,4.5,99.09512625542743,20.0,8422.890783734678,41
40,0,[],0.35,2.0,0.0,even_idm_leader_d02,0.2,human,8.0,1.5,0,5.0,closed symmetric acceleration-command pulse,0.1,0,[],128.0,jerk_saturation,5.0,-20.0,0,idm,[],60.0,0.2,even,235.3314155606832,-2.479342825699298,0.19610951296723603,4.5,gap_lower,51.1,1.323967141284965,32,5.000000000000004,gap_lower,-0.499467141284965,50.6,32,6.666666666666667,4.555758734511428,0.7,0.0,fc6cb8146f768e68,0.0,47,controller_comparison,0.0,24.0,20.0,4.5,91.82090182261311,20.0,9413.256622427329,41
40,4,"[1,14,27,40]",0.35,1.5,1.0,even_idm_leader_d02,0.2,wave,8.0,1.5,0,5.0,closed symmetric acceleration-command pulse,0.1,4,"[1,14,27,40]",1.0,jerk_saturation,5.0,-15.0,0,idm,[],60.0,0.2,even,4.239843572502317,21.546420964520223,0.0035332029770852643,1.5,acceleration_upper,9.0,0.6910652464529088,1,5.0,acceleration_upper,0.2408760651583718,8.4,1,0.7855481259587296,0.0008115019413044896,0.7,1.0,fca8fb9560d4c922,1.0,47,controller_comparison,1.0,24.0,20.0,0.09642551149365951,0.8107429741093597,0.4302912779530317,169.59374290009268,41
40,4,"[1,14,27,40]",0.35,1.0,1.0,even_idm_leader_d02,0.2,acc,8.0,1.5,0,5.0,closed symmetric acceleration-command pulse,0.1,4,"[1,14,27,40]",1.0,jerk_saturation,5.0,-10.0,0,idm,[],60.0,0.2,even,2.8463886679376995,22.264209666550556,0.0023719905566147496,1.0,acceleration_upper,9.1,0.4260524990731095,1,5.0,acceleration_upper,0.5444537387124273,8.5,1,0.8778495915594012,0.000801270136089253,0.7,1.0,fd0ea3343b430dcb,1.0,61,controller_comparison,1.0,24.0,20.0,0.07793575553952048,0.6757770814311357,0.36648956603671934,113.85554671750798,41
40,4,"[1,2,3,4]",0.35,1.0,1.0,front_idm_leader_d02,0.2,margin,8.0,1.5,0,5.0,closed symmetric acceleration-command pulse,0.1,4,"[1,2,3,4]",1.0,jerk_saturation,5.0,-10.0,0,idm,[],60.0,0.2,front,5.574510128160325,22.041091224490145,0.004645425106800271,1.0,jerk,7.7,0.15796767347454377,1,5.0,gap_lower,0.8475557889641916,6.7,1,0.38330523773824393,1.6945878632175966e-06,0.7,1.0,fdb2fddd016b751b,1.0,79,layout_comparison,1.0,24.0,20.0,0.03514853428374909,2.802500000000009,0.3606820740121961,222.980405126413,41
20,2,"[1,20]",0.35,1.8,1.0,even_idm_leader_N20,0.2,margin,8.0,1.5,0,5.0,closed symmetric acceleration-command pulse,0.1,2,"[1,20]",1.0,jerk_saturation,5.0,-18.0,0,idm,[],60.0,0.2,even,7.733829904514499,20.118271619165995,0.006444858253762083,1.8,jerk,6.1000000000000005,0.1949187838400666,1,5.0,gap_lower,0.7314541031193812,6.7,1,0.3386641791066764,0.1666666666666585,0.7,1.0,fdc72c9404ce7687,1.0,191,chain_length_scope,1.0,24.0,20.0,0.02028963895128958,1.599499999999125,0.1526232628132007,154.67659809028999,21
40,4,"[1,14,27,40]",0.35,0.0,1.0,even_idm_internal8_d02,0.2,margin,8.0,1.5,8,5.0,closed symmetric acceleration-command pulse,0.1,4,"[1,14,27,40]",0.0,jerk,0.1,5.669712742983465e-16,30,idm,[],60.0,0.2,even,0.0,24.0,0.0,1.519317481612589e-16,jerk,0.1,5.669712742983465e-16,30,2.8348563714917324e-15,command_upper,0.9999999999999998,0.0,30,0.0,0.0,0.7,1.0,fdead6a7bea57098,1.0,113,prediction_scope,1.0,24.0,20.0,2.8348563714917324e-16,0.0,0.0,0.0,41
20,2,"[1,20]",0.35,0.25,1.0,even_idm_leader_N20,0.2,predictive,8.0,1.5,0,5.0,closed symmetric acceleration-command pulse,0.1,2,"[1,20]",0.0,gap_lower,12.9,0.028125,1,idm,[],60.0,0.2,even,0.0,23.4375,0.0,0.25,gap_lower,12.9,0.028125,1,5.0,gap_lower,0.9535000000000021,6.7,1,0.0,0.0,0.7,1.0,fe5567bb7b7c1a05,1.0,97,chain_length_scope,1.0,24.0,20.0,1.5243236291431183e-16,0.5625,0.0,0.0,21
40,4,"[19,20,21,22]",0.35,1.0,1.0,middle_idm_leader_d02,0.2,margin,8.0,1.5,0,5.0,closed symmetric acceleration-command pulse,0.1,4,"[19,20,21,22]",1.0,jerk_saturation,5.0,-10.0,0,idm,[],60.0,0.2,middle,3.3712131074965592,22.225190269138125,0.0028093442562471325,1.0295339203163438,jerk,8.0,0.2973892250822806,1,5.0,acceleration_upper,0.7124676040516986,9.1,1,0.8679859312997161,3.811202020642668e-09,0.7,1.0,fe79233f7f8b6122,1.0,61,layout_comparison,1.0,24.0,20.0,0.07365105540173092,2.4773588745929374,0.449999999999978,134.84852429986236,41
40,0,[],0.35,2.0,0.0,even_idm_leader_d02,0.2,human,8.0,1.5,0,5.0,closed symmetric acceleration-command pulse,0.1,0,[],119.0,jerk_saturation,5.0,-20.0,0,idm,[],60.0,0.2,even,211.7078466364297,-2.521657901304593,0.1764232055303581,4.5,gap_lower,42.5,1.3260828950652297,25,5.000000000000004,gap_lower,-0.5015828950652297,42.0,25,6.666666666666667,4.067623164238501,0.7,0.0,fe7f97e42b1d415c,0.0,131,controller_comparison,0.0,24.0,20.0,4.5,109.89521381304382,20.0,8468.313865457189,41
80,8,"[1,12,24,35,46,57,69,80]",0.35,1.0,1.0,even_idm_leader_N80,0.2,margin,8.0,1.5,0,5.0,closed symmetric acceleration-command pulse,0.1,8,"[1,12,24,35,46,57,69,80]",1.0,jerk_saturation,5.0,-10.0,0,idm,[],60.0,0.2,even,1.7597106904340958,22.041091224490145,0.0014664255753617465,1.0,jerk,7.7,0.15796767347454377,1,5.0,gap_lower,0.8475557889641916,6.7,1,0.38330523773824393,0.0,0.7,1.0,fe88e541aefeb552,1.0,131,chain_length_scope,1.0,24.0,20.0,0.20351639197953236,2.3153511537419718,0.3500000000000192,140.77685523472766,81
40,4,"[1,14,27,40]",0.35,1.0,1.0,even_idm_internal8_d02,0.2,margin,8.0,1.5,8,5.0,closed symmetric acceleration-command pulse,0.1,4,"[1,14,27,40]",1.0,jerk_saturation,5.0,-10.0,8,idm,[],60.0,0.2,even,2.186249978217132,22.525218003444607,0.00182187498184761,0.9999999999999999,jerk,5.1000000000000005,1.0,8,5.0,acceleration_upper,0.163791123673807,7.4,8,0.8655371751080049,0.0,0.7,1.0,fea0d8281190e26d,1.0,167,prediction_scope,1.0,24.0,20.0,0.21679742285166348,2.188783276076549,0.253058819981387,87.44999912868528,41
40,4,"[1,14,27,40]",0.35,2.1,1.0,even_idm_leader_d02,0.2,margin,8.0,1.5,0,5.0,closed symmetric acceleration-command pulse,0.1,4,"[1,14,27,40]",1.0,jerk_saturation,5.0,-21.0,0,idm,[],60.0,0.2,even,6.321355109668223,19.221536821795013,0.005267795924723519,2.1,gap_lower,8.200000000000001,0.23892315891024934,1,5.0,gap_lower,0.688120998403801,6.800000000000001,1,0.3232728845907477,0.0,0.7,1.0,feaf76245c9f6f81,1.0,11,controller_comparison;layout_comparison,1.0,24.0,20.0,0.11906423774503216,2.148000000000593,0.4275404750148084,252.8542043867289,41
40,4,"[1,2,3,4]",0.35,1.7,1.0,front_idm_leader_d02,0.2,margin,8.0,1.5,0,5.0,closed symmetric acceleration-command pulse,0.1,4,"[1,2,3,4]",1.0,jerk_saturation,5.0,-17.0,0,idm,[],60.0,0.2,front,6.160663681722629,20.398261426893157,0.005133886401435524,1.7,jerk,6.1000000000000005,0.1949187838400666,1,5.0,gap_lower,0.7461541031193801,6.7,1,0.32347790797516185,1.382086744135503e-06,0.7,1.0,fee1c80f9e66fab8,1.0,191,layout_comparison;prediction_scope,1.0,24.0,20.0,0.044355116682513185,2.854250000015554,0.38400683305358996,246.42654726890515,41
80,8,"[1,12,24,35,46,57,69,80]",0.35,1.0,1.0,even_idm_leader_N80,0.2,wave,8.0,1.5,0,5.0,closed symmetric acceleration-command pulse,0.1,8,"[1,12,24,35,46,57,69,80]",1.0,jerk_saturation,5.0,-10.0,0,idm,[],60.0,0.2,even,0.9622040495698521,22.41719531546063,0.0008018367079748767,1.0,acceleration_upper,8.9,0.47616499802648427,1,5.0,acceleration_upper,0.4712842528868433,8.3,1,0.7636366299609705,0.0,0.7,1.0,feec52aeb620a5a8,1.0,191,chain_length_scope,1.0,24.0,20.0,0.02757637945759289,0.2760916626193364,0.14787970523443406,76.97632396558816,81
40,4,"[1,14,27,40]",0.35,1.7,1.0,even_idm_leader_d02,0.2,acc,8.0,1.5,0,5.0,closed symmetric acceleration-command pulse,0.1,4,"[1,14,27,40]",2.0,jerk_saturation,5.0,-17.0,0,idm,[],60.0,0.2,even,8.376848294086049,20.72941897320507,0.006980706911738374,1.7,acceleration_upper,9.3,0.6964625083472095,1,5.0,acceleration_upper,0.26039480284719185,8.700000000000001,1,0.918075321098001,0.0020159620042787254,0.7,0.0,ff1b43aa510de6c7,1.0,191,controller_comparison,0.0,24.0,20.0,0.6348321533760481,2.7444994142666417,1.6159384998007802,335.0739317634419,41
40,4,"[1,14,27,40]",0.35,2.0,1.0,even_idm_leader_d02,0.2,predictive,8.0,1.5,0,5.0,closed symmetric acceleration-command pulse,0.1,4,"[1,14,27,40]",1.0,jerk_saturation,5.0,-20.0,0,idm,[],60.0,0.2,even,3.4775478371679256,19.272922396420682,0.002897956530973271,2.0,gap_lower,8.3,0.23635388017896589,1,5.0,gap_lower,0.6939790965800888,6.800000000000001,1,0.26309422331965376,0.0,0.7,1.0,ff23b86a9e747eaf,1.0,3,controller_comparison,1.0,24.0,20.0,0.21679742284252312,1.319565328352951,0.20000000000000995,139.10191348671702,41
40,4,"[1,14,27,40]",0.35,2.0,0.0,even_idm_leader_d02,0.2,wave,8.0,1.5,0,5.0,closed symmetric acceleration-command pulse,0.1,4,"[1,14,27,40]",72.0,jerk_saturation,5.0,-20.0,0,idm,[],60.0,0.2,even,92.93357783546158,-24.94158383367271,0.07744464819621798,4.5,gap_lower,53.2,2.4470791916836356,27,5.000000000000004,gap_lower,-1.5674570985947596,50.900000000000006,27,6.666666666666667,2.5357148651540324,0.7,0.0,ff6339f01baab03d,0.0,167,controller_comparison,0.0,24.0,20.0,4.5,90.67508528612245,20.0,3717.343113418463,41
20,2,"[1,20]",0.35,2.2,0.0,even_idm_leader_N20,0.2,wave,8.0,1.5,0,5.0,closed symmetric acceleration-command pulse,0.1,2,"[1,20]",29.0,jerk_saturation,5.0,-22.0,0,idm,[],60.0,0.2,even,101.8432945949742,-25.745464837797584,0.08486941216247851,4.5,gap_lower,43.900000000000006,2.4872732418898793,20,5.000000000000004,gap_lower,-1.6119595008615577,41.7,20,6.0606060606060606,5.578742326204703,0.7,0.0,ff68e539083c2282,0.0,131,chain_length_scope,0.0,24.0,20.0,1.0661877771158965,103.84769757279838,6.355106819216466,2036.865891899484,21
40,4,"[1,14,27,40]",0.35,3.5,1.0,even_idm_leader_d02,0.2,predictive,8.0,1.5,0,5.0,closed symmetric acceleration-command pulse,0.1,4,"[1,14,27,40]",1.0,jerk_saturation,5.0,-35.0,0,idm,[],60.0,0.2,even,8.728437080675057,13.674353219536897,0.007273697567229214,3.5,gap_lower,9.200000000000001,0.5162823390231551,1,5.0,gap_lower,0.4486265400618124,7.5,1,0.32670130100757905,0.0,0.7,1.0,0104ff331646ffc3,1.0,149,controller_boundary_extension,1.0,24.0,20.0,0.061695277574698275,3.1580400287371617,0.46401223622261156,349.1374832270023,41
40,4,"[1,14,27,40]",0.35,3.0,1.0,even_ovm_leader_d02,0.2,margin,8.0,1.5,0,5.0,closed symmetric acceleration-command pulse,0.1,4,"[1,14,27,40]",2.0,jerk_saturation,5.0,-30.0,0,ovm,[],60.0,0.2,even,15.2903351171005,5.1978890640881446,0.012741945930917084,3.0,acceleration_upper,55.5,1.0,26,5.0,acceleration_upper,0.0,55.400000000000006,26,1.3780842556102044,0.0,0.7,0.0,030db9282203a960,1.0,167,prediction_boundary_extension,0.0,24.0,20.0,1.5424653842229228,15.70864060731816,5.567870891056611,611.61340468402,41
40,4,"[37,38,39,40]",0.35,3.0,0.0,rear_idm_leader_d02,0.2,margin,8.0,1.5,0,5.0,closed symmetric acceleration-command pulse,0.1,4,"[37,38,39,40]",139.0,jerk_saturation,5.0,-30.0,0,idm,[],60.0,0.2,rear,306.78517389941,-54.88828464557302,0.25565431158284163,4.5,gap_lower,60.0,3.944414232278651,37,5.000000000000004,gap_lower,-3.4348120015526797,59.900000000000006,37,4.444444444444445,0.11944876554773111,0.7,0.0,04097b75b8a2353f,0.0,191,layout_boundary_extension,0.0,24.0,20.0,4.5,120.34240117973866,20.0,12271.4069559764,41
40,4,"[1,14,27,40]",0.35,4.0,1.0,even_idm_leader_cmd04,0.4,margin,8.0,1.5,0,5.0,closed symmetric acceleration-command pulse,0.1,4,"[1,14,27,40]",1.0,jerk_saturation,5.0,-40.0,0,idm,[],60.0,0.2,even,14.139643285339321,11.91771903438439,0.011783036071116101,4.0,gap_lower,9.3,0.6041140482807805,1,5.0,gap_lower,0.3622518128927802,7.6000000000000005,1,0.6739928857307271,0.0,0.7,1.0,0413ccaef4c2cea1,1.0,113,prediction_boundary_extension,1.0,24.0,20.0,0.2330599096135322,2.730352748802659,0.8678415253484815,565.5857314135728,41
40,4,"[1,14,27,40]",0.35,3.0,1.0,even_idm_leader_d02,0.2,predictive,8.0,1.5,0,5.0,closed symmetric acceleration-command pulse,0.1,4,"[1,14,27,40]",1.0,jerk_saturation,5.0,-30.0,0,idm,[],60.0,0.2,even,6.858039167958796,15.70082118003802,0.005715032639965664,3.0,gap_lower,9.0,0.41495894099809905,1,5.0,gap_lower,0.5337119637701708,7.2,1,0.3083729742440219,0.0,0.7,1.0,04ae356c0e4f204a,1.0,149,controller_boundary_extension,1.0,24.0,20.0,0.21679742284500653,2.539659198440688,0.40287536501743304,274.32156671835185,41
40,4,"[1,14,27,40]",0.35,4.0,1.0,even_idm_leader_d02,0.2,margin,8.0,1.5,0,5.0,closed symmetric acceleration-command pulse,0.1,4,"[1,14,27,40]",1.0,jerk_saturation,5.0,-40.0,0,idm,[],60.0,0.2,even,11.905012448645213,12.096727966740218,0.009920843707204344,4.0,gap_lower,9.4,0.5951636016629891,1,5.0,gap_lower,0.37964831986635705,7.5,1,0.34526586556937505,0.0,0.7,1.0,04d9b1550b5ff419,1.0,191,controller_boundary_extension,1.0,24.0,20.0,0.20351639197953875,2.6409689036173063,0.6359542333518178,476.2004979458085,41
80,8,"[1,12,24,35,46,57,69,80]",0.35,4.0,1.0,even_idm_leader_N80,0.2,predictive,8.0,1.5,0,5.0,closed symmetric acceleration-command pulse,0.1,8,"[1,12,24,35,46,57,69,80]",1.0,jerk_saturation,5.0,-40.0,0,idm,[],60.0,0.2,even,5.48791124228214,11.555740756002223,0.00457325936856845,4.0,gap_lower,9.5,0.6222129621998889,1,5.0,gap_lower,0.36117558889014545,7.7,1,0.38172461014943454,0.0,0.7,1.0,0614402b15ceac16,1.0,167,chain_length_boundary_extension,1.0,24.0,20.0,0.059682644880098605,4.089575714651346,0.5749999999999673,439.03289938257114,81
20,2,"[1,20]",0.35,3.0,1.0,even_idm_leader_N20,0.2,margin,8.0,1.5,0,5.0,closed symmetric acceleration-command pulse,0.1,2,"[1,20]",1.0,jerk_saturation,5.0,-30.0,0,idm,[],60.0,0.2,even,13.306505100538047,16.115330595552763,0.011088754250448373,3.0,gap_lower,8.8,0.3942334702223619,1,5.0,gap_lower,0.5486383391061478,7.300000000000001,1,0.32756199473345443,0.12222222222221843,0.7,1.0,0681dddea93750bc,1.0,97,chain_length_boundary_extension,1.0,24.0,20.0,0.21679742284373704,2.1399999999996453,0.4000000013656191,266.13010201076094,21
80,8,"[1,12,24,35,46,57,69,80]",0.35,3.5,1.0,even_idm_leader_N80,0.2,predictive,8.0,1.5,0,5.0,closed symmetric acceleration-command pulse,0.1,8,"[1,12,24,35,46,57,69,80]",1.0,jerk_saturation,5.0,-35.0,0,idm,[],60.0,0.2,even,4.197078087640338,13.674353219536897,0.003497565073033615,3.5,gap_lower,9.200000000000001,0.5162823390231551,1,5.0,gap_lower,0.4486265400618124,7.5,1,0.3067634336066875,0.0,0.7,1.0,0691053b74dd2145,1.0,191,chain_length_boundary_extension,1.0,24.0,20.0,0.20351639197957616,3.6302298832401902,0.4748331359436371,335.76624701122705,81
80,8,"[1,12,24,35,46,57,69,80]",0.35,4.5,1.0,even_idm_leader_N80,0.2,predictive,8.0,1.5,0,5.0,closed symmetric acceleration-command pulse,0.1,8,"[1,12,24,35,46,57,69,80]",1.0,jerk_saturation,5.0,-45.0,0,idm,[],60.0,0.2,even,5.979146793919709,9.234120354019865,0.004982622328266424,4.5,gap_lower,9.8,0.7382939822990068,1,5.0,gap_lower,0.25002510505065756,8.6,1,0.35258047215704535,0.0,0.7,1.0,06c1048e3c6bb7e6,1.0,131,chain_length_boundary_extension,1.0,24.0,20.0,0.0546837435060104,4.358171140798504,0.6003228969596357,478.3317435135767,81
40,4,"[1,14,27,40]",0.35,4.0,0.0,even_ovm_leader_d02,0.2,margin,8.0,1.5,0,5.0,closed symmetric acceleration-command pulse,0.1,4,"[1,14,27,40]",22.0,jerk_saturation,5.0,-40.0,0,ovm,[],60.0,0.2,even,44.66709883532313,-42.66312376378795,0.03722258236276927,4.0,gap_lower,58.2,3.3331561881893976,27,5.000000000000001,gap_lower,-2.3513599039739987,57.1,27,2.628284787131488,0.0,0.7,0.0,07da18bfde107a36,0.0,131,prediction_boundary_extension,0.0,24.0,20.0,3.2248798350504755,66.66312376378795,12.551899733146136,1786.6839534129251,41
40,4,"[1,14,27,40]",0.35,4.5,1.0,even_idm_leader_d02,0.2,margin,8.0,1.5,0,5.0,closed symmetric acceleration-command pulse,0.1,4,"[1,14,27,40]",1.0,jerk_saturation,5.0,-45.0,0,idm,[],60.0,0.2,even,15.850869148666778,9.80848356489821,0.01320905762388898,4.5,gap_lower,9.700000000000001,0.7095758217550895,1,5.0,gap_lower,0.2761419578585306,8.5,1,0.5359466941599617,0.0,0.7,1.0,084ed0947a2e9523,1.0,3,controller_boundary_extension,1.0,24.0,20.0,0.19602312912146766,3.870218220136792,0.8499999999999375,634.0347659466711,41
80,8,"[1,12,24,35,46,57,69,80]",0.35,3.5,1.0,even_idm_leader_N80,0.2,predictive,8.0,1.5,0,5.0,closed symmetric acceleration-command pulse,0.1,8,"[1,12,24,35,46,57,69,80]",1.0,jerk_saturation,5.0,-35.0,0,idm,[],60.0,0.2,even,4.006098985230748,13.674353219536897,0.0033384158210256237,3.5,gap_lower,9.200000000000001,0.5162823390231551,1,5.0,gap_lower,0.4486265400618124,7.5,1,0.29976503313069713,0.0,0.7,1.0,0a00578d6d287da3,1.0,131,chain_length_boundary_extension,1.0,24.0,20.0,0.05165015086764208,3.3312190067799747,0.44727411502032766,320.4879188184599,81
40,4,"[1,14,27,40]",0.35,4.0,1.0,even_idm_leader_d02,0.2,predictive,8.0,1.5,0,5.0,closed symmetric acceleration-command pulse,0.1,4,"[1,14,27,40]",1.0,jerk_saturation,5.0,-40.0,0,idm,[],60.0,0.2,even,11.468457395209267,11.555740756002223,0.009557047829341055,4.0,gap_lower,9.5,0.6222129621998889,1,5.0,gap_lower,0.36117558889014545,7.7,1,0.40578990059342307,0.0,0.7,1.0,0a2c8b947e43c2a8,1.0,11,controller_boundary_extension,1.0,24.0,20.0,0.2035163919893585,4.29906730837979,0.5854365516106981,458.73829580837065,41
20,2,"[1,20]",0.35,3.5,1.0,even_idm_leader_N20,0.2,margin,8.0,1.5,0,5.0,closed symmetric acceleration-command pulse,0.1,2,"[1,20]",1.0,jerk_saturation,5.0,-35.0,0,idm,[],60.0,0.2,even,16.77263168022957,14.20792036867158,0.013977193066857973,3.5,gap_lower,9.1,0.489603981566421,1,5.0,gap_lower,0.4666363141647808,7.5,1,0.3660464237442606,0.18095237227593197,0.7,1.0,0a45b393036fca3e,1.0,149,chain_length_boundary_extension,1.0,24.0,20.0,0.21679742286043824,1.9075000000002547,0.4000000003554902,335.45263360459137,21
80,8,"[1,12,24,35,46,57,69,80]",0.35,4.5,1.0,even_idm_leader_N80,0.2,predictive,8.0,1.5,0,5.0,closed symmetric acceleration-command pulse,0.1,8,"[1,12,24,35,46,57,69,80]",1.0,jerk_saturation,5.0,-45.0,0,idm,[],60.0,0.2,even,6.277056700792681,9.234120354019865,0.0052308805839939,4.5,gap_lower,9.8,0.7382939822990068,1,5.0,gap_lower,0.25002510505065756,8.6,1,0.3582739600245459,0.0,0.7,1.0,0aad2f660b977ab2,1.0,191,chain_length_boundary_extension,1.0,24.0,20.0,0.06274876989762239,4.67144757135776,0.5999999999999659,502.16453606341446,81
40,4,"[1,14,27,40]",0.35,4.5,1.0,even_idm_leader_d02,0.2,predictive,8.0,1.5,0,5.0,closed symmetric acceleration-command pulse,0.1,4,"[1,14,27,40]",1.0,jerk_saturation,5.0,-45.0,0,idm,[],60.0,0.2,even,12.803179306911971,9.234120354019865,0.010669316089093309,4.5,gap_lower,9.8,0.7382939822990068,1,5.0,gap_lower,0.25002510505065756,8.6,1,0.39868633011452387,0.0,0.7,1.0,0b100ac1d771e6e0,1.0,167,controller_boundary_extension,1.0,24.0,20.0,0.08356083409070315,4.237659518257146,0.6210662090335184,512.1271722764789,41
40,4,"[1,14,27,40]",0.35,3.5,1.0,even_idm_leader_d02,0.2,predictive,8.0,1.5,0,5.0,closed symmetric acceleration-command pulse,0.1,4,"[1,14,27,40]",1.0,jerk_saturation,5.0,-35.0,0,idm,[],60.0,0.2,even,9.104329862964388,13.674353219536897,0.007586941552470323,3.5,gap_lower,9.200000000000001,0.5162823390231551,1,5.0,gap_lower,0.4486265400618124,7.5,1,0.31540306838547105,0.0,0.7,1.0,0b8387b3551e968b,1.0,113,controller_boundary_extension,1.0,24.0,20.0,0.0655235991384671,3.3881526025762696,0.5021666456935563,364.1731945185755,41
20,2,"[1,20]",0.35,3.0,1.0,even_idm_leader_N20,0.2,margin,8.0,1.5,0,5.0,closed symmetric acceleration-command pulse,0.1,2,"[1,20]",1.0,jerk_saturation,5.0,-30.0,0,idm,[],60.0,0.2,even,13.6067287525838,16.115330595552763,0.011338940627153167,3.0,gap_lower,8.8,0.3942334702223619,1,5.0,gap_lower,0.5486383391061478,7.300000000000001,1,0.3365452449984766,0.16111111108739984,0.7,1.0,0ba55a7f66ad39c8,1.0,113,chain_length_boundary_extension,1.0,24.0,20.0,0.025816316694237118,2.1399999999996453,0.25514159511412515,272.134575051676,21
40,4,"[1,14,27,40]",0.35,4.0,1.0,even_idm_leader_d02,0.2,predictive,8.0,1.5,0,5.0,closed symmetric acceleration-command pulse,0.1,4,"[1,14,27,40]",1.0,jerk_saturation,5.0,-40.0,0,idm,[],60.0,0.2,even,10.817376039440008,11.555740756002223,0.009014480032866673,4.0,gap_lower,9.5,0.6222129621998889,1,5.0,gap_lower,0.36117558889014545,7.7,1,0.3615197162911876,0.0,0.7,1.0,0c7b9628d77798ef,1.0,149,controller_boundary_extension,1.0,24.0,20.0,0.21679742285587958,3.799648876029323,0.5279889587184137,432.6950415776003,41
40,4,"[1,2,3,4]",0.35,4.0,1.0,front_idm_leader_d02,0.2,margin,8.0,1.5,0,5.0,closed symmetric acceleration-command pulse,0.1,4,"[1,2,3,4]",1.0,jerk_saturation,5.0,-40.0,0,idm,[],60.0,0.2,front,11.539837781541861,12.096727966740218,0.009616531484618218,4.0,gap_lower,9.4,0.5951636016629891,1,5.0,gap_lower,0.37964831986635705,7.5,1,0.34526586556937505,3.4901539075112473e-06,0.7,1.0,0db00f079aac4e7b,1.0,149,layout_boundary_extension,1.0,24.0,20.0,0.052632712539586686,2.7262500000013006,0.734693449453232,461.59351126167445,41
20,2,"[1,20]",0.35,4.5,1.0,even_idm_leader_N20,0.2,margin,8.0,1.5,0,5.0,closed symmetric acceleration-command pulse,0.1,2,"[1,20]",12.0,jerk_saturation,5.0,-45.0,0,idm,[],60.0,0.2,even,32.07610537458404,-14.500399413135511,0.026730087812153365,4.5,gap_lower,39.7,1.9250199706567757,20,5.0,gap_lower,-0.9334038796785287,39.0,20,1.7955649589644738,0.8953233141945595,0.7,0.0,0e019b7d36030b56,0.0,149,chain_length_boundary_extension,0.0,24.0,20.0,0.18809883773708547,15.670771110532769,2.4280897064071105,641.5221074916808,21
40,4,"[1,14,27,40]",0.35,4.0,1.0,even_idm_leader_d02,0.2,predictive,8.0,1.5,0,5.0,closed symmetric acceleration-command pulse,0.1,4,"[1,14,27,40]",1.0,jerk_saturation,5.0,-40.0,0,idm,[],60.0,0.2,even,10.832870372836236,11.555740756002223,0.00902739197736353,4.0,gap_lower,9.5,0.6222129621998889,1,5.0,gap_lower,0.36117558889014545,7.7,1,0.31221111491224046,0.0,0.7,1.0,0e83010c06502e93,1.0,131,controller_boundary_extension,1.0,24.0,20.0,0.2167974231184814,3.808557554931326,0.6154518501914126,433.3148149134494,41
20,2,"[1,20]",0.35,3.5,1.0,even_idm_leader_N20,0.2,predictive,8.0,1.5,0,5.0,closed symmetric acceleration-command pulse,0.1,2,"[1,20]",1.0,jerk_saturation,5.0,-35.0,0,idm,[],60.0,0.2,even,14.960710885112325,13.674353219536897,0.012467259070926938,3.5,gap_lower,9.200000000000001,0.5162823390231551,1,5.0,gap_lower,0.4486265400618124,7.5,1,0.30181473008947063,0.10952380952381142,0.7,1.0,0eb7b2bd772a0ae2,1.0,149,chain_length_boundary_extension,1.0,24.0,20.0,0.05643414797111988,1.5224126753853398,0.2891085369927744,299.2142177022465,21
40,4,"[1,14,27,40]",0.35,3.5,1.0,even_idm_leader_d02,0.2,predictive,8.0,1.5,0,5.0,closed symmetric acceleration-command pulse,0.1,4,"[1,14,27,40]",1.0,jerk_saturation,5.0,-35.0,0,idm,[],60.0,0.2,even,8.82090973395171,13.674353219536897,0.007350758111626425,3.5,gap_lower,9.200000000000001,0.5162823390231551,1,5.0,gap_lower,0.4486265400618124,7.5,1,0.29976503313069713,0.0,0.7,1.0,0f8c7d0d9c900e10,1.0,47,controller_boundary_extension,1.0,24.0,20.0,0.06440695030622916,3.357917816549161,0.5046922099120508,352.8363893580684,41
40,4,"[1,14,27,40]",0.35,4.0,0.0,even_idm_internal8_d02,0.2,margin,8.0,1.5,8,5.0,closed symmetric acceleration-command pulse,0.1,4,"[1,14,27,40]",79.0,jerk_saturation,5.0,-40.0,8,idm,[],60.0,0.2,even,173.2422965767206,-86.87753645059426,0.1443685804806005,4.5,gap_lower,45.5,5.543876822529713,27,5.000000000000004,gap_lower,-4.566439796214477,59.900000000000006,40,3.3333333333333335,2.720537626201448,0.7,0.0,103803085935a0b8,0.0,167,prediction_boundary_extension,0.0,24.0,20.0,4.5,104.96461068260693,20.0,6929.691863068824,41
40,4,"[1,2,3,4]",0.35,3.0,1.0,front_idm_leader_d02,0.2,margin,8.0,1.5,0,5.0,closed symmetric acceleration-command pulse,0.1,4,"[1,2,3,4]",1.0,jerk_saturation,5.0,-30.0,0,idm,[],60.0,0.2,front,9.331842117115873,16.115330595552763,0.0077765350975965595,3.0,gap_lower,8.8,0.3942334702223619,1,5.0,gap_lower,0.5486383391061478,7.300000000000001,1,0.32756199473345443,1.9675636914308193e-06,0.7,1.0,10390d5161eaae76,1.0,131,layout_boundary_extension,1.0,24.0,20.0,0.20351639197969357,2.302500000000464,0.5985919758413765,373.2736846846349,41
40,4,"[1,14,27,40]",0.35,3.5,0.0,even_ovm_leader_d02,0.2,margin,8.0,1.5,0,5.0,closed symmetric acceleration-command pulse,0.1,4,"[1,14,27,40]",19.0,jerk_saturation,5.0,-35.0,0,ovm,[],60.0,0.2,even,36.136720025681036,-37.163553190507685,0.030113933354734196,4.179416482389942,gap_lower,57.7,3.0581776595253842,27,5.0,gap_lower,-2.0751014529285596,56.5,27,2.9558008411322305,0.0,0.7,0.0,108123b4db247b5d,0.0,191,prediction_boundary_extension,0.0,24.0,20.0,3.035265445487952,61.163553190507685,11.481176785600603,1445.4688010272414,41
40,4,"[1,14,27,40]",0.35,4.0,0.0,even_idm_internal8_d02,0.2,margin,8.0,1.5,8,5.0,closed symmetric acceleration-command pulse,0.1,4,"[1,14,27,40]",77.0,jerk_saturation,5.0,-40.0,8,idm,[],60.0,0.2,even,178.0257605251607,-87.49544988845962,0.1483548004376339,4.5,gap_lower,45.6,5.574772494422981,27,5.000000000000004,gap_lower,-4.585462599159724,42.400000000000006,27,3.3333333333333335,2.73034394331744,0.7,0.0,1128c6217e8a85a3,0.0,131,prediction_boundary_extension,0.0,24.0,20.0,4.5,105.32779185193712,20.0,7121.030421006428,41
40,4,"[19,20,21,22]",0.35,3.5,0.0,middle_idm_leader_d02,0.2,margin,8.0,1.5,0,5.0,closed symmetric acceleration-command pulse,0.1,4,"[19,20,21,22]",104.0,jerk_saturation,5.0,-35.0,0,idm,[],60.0,0.2,middle,220.5890877115481,-103.36941405939022,0.18382423975962342,4.5,gap_lower,60.0,6.368470702969511,19,5.000000000000004,gap_lower,-5.543848913834089,59.900000000000006,19,3.8095238095238093,0.0008951637835963311,0.7,0.0,117181cb383f3521,0.0,131,layout_boundary_extension,0.0,24.0,20.0,4.5,127.36941405939022,20.0,8823.563508461924,41
40,4,"[1,14,27,40]",0.35,3.0,1.0,even_idm_leader_d02,0.2,predictive,8.0,1.5,0,5.0,closed symmetric acceleration-command pulse,0.1,4,"[1,14,27,40]",1.0,jerk_saturation,5.0,-30.0,0,idm,[],60.0,0.2,even,6.965691210220416,15.70082118003802,0.00580474267518368,3.0,gap_lower,9.0,0.41495894099809905,1,5.0,gap_lower,0.5337119637701708,7.2,1,0.2832591331061486,0.0,0.7,1.0,119bf322bb6d3cd6,1.0,97,controller_boundary_extension,1.0,24.0,20.0,0.21679742286122214,2.5964630684970302,0.42955138814895477,278.62764840881664,41
40,4,"[1,14,27,40]",0.35,4.0,1.0,even_idm_leader_d02,0.2,predictive,8.0,1.5,0,5.0,closed symmetric acceleration-command pulse,0.1,4,"[1,14,27,40]",1.0,jerk_saturation,5.0,-40.0,0,idm,[],60.0,0.2,even,10.660988733814397,11.555740756002223,0.008884157278178664,4.0,gap_lower,9.5,0.6222129621998889,1,5.0,gap_lower,0.36117558889014545,7.7,1,0.33365253812338364,0.0,0.7,1.0,14b50ceaf289fa62,1.0,3,controller_boundary_extension,1.0,24.0,20.0,0.2167974230396362,3.818418233115267,0.598670585932723,426.4395493525759,41
40,4,"[37,38,39,40]",0.35,3.0,0.0,rear_idm_leader_d02,0.2,margin,8.0,1.5,0,5.0,closed symmetric acceleration-command pulse,0.1,4,"[37,38,39,40]",139.0,jerk_saturation,5.0,-30.0,0,idm,[],60.0,0.2,rear,311.77736177573365,-57.57502106611213,0.2598144681464447,4.5,gap_lower,60.0,4.078751053305607,37,5.000000000000004,gap_lower,-3.5556635135243555,59.900000000000006,37,4.444444444444445,0.1416677914853063,0.7,0.0,1514b9aaf4cf439c,0.0,149,layout_boundary_extension,0.0,24.0,20.0,4.5,162.69563439017213,20.0,12471.094471029346,41
40,4,"[1,14,27,40]",0.35,4.5,1.0,even_idm_leader_d02,0.2,margin,8.0,1.5,0,5.0,closed symmetric acceleration-command pulse,0.1,4,"[1,14,27,40]",1.0,jerk_saturation,5.0,-45.0,0,idm,[],60.0,0.2,even,15.419678301961005,9.80848356489821,0.012849731918300838,4.5,gap_lower,9.700000000000001,0.7095758217550895,1,5.0,gap_lower,0.2761419578585306,8.5,1,0.41611414412892966,0.0,0.7,1.0,17ef5ec3c8839769,1.0,29,controller_boundary_extension,1.0,24.0,20.0,0.21679742287763676,3.7438879273943257,0.7999999999983665,616.7871320784402,41
40,4,"[1,14,27,40]",0.35,3.5,1.0,even_idm_leader_d02,0.2,margin,8.0,1.5,0,5.0,closed symmetric acceleration-command pulse,0.1,4,"[1,14,27,40]",1.0,jerk_saturation,5.0,-35.0,0,idm,[],60.0,0.2,even,10.906312842944278,14.20792036867158,0.009088594035786898,3.5,gap_lower,9.1,0.489603981566421,1,5.0,gap_lower,0.4666363141647808,7.5,1,0.3376129673180792,0.0,0.7,1.0,189c5cb4b89350ac,1.0,131,controller_boundary_extension,1.0,24.0,20.0,0.20351639197984836,2.626880297908883,0.5982410275126142,436.2525137177711,41
40,4,"[1,14,27,40]",0.35,4.0,1.0,even_idm_leader_d02,0.2,predictive,8.0,1.5,0,5.0,closed symmetric acceleration-command pulse,0.1,4,"[1,14,27,40]",1.0,jerk_saturation,5.0,-40.0,0,idm,[],60.0,0.2,even,10.832515167589985,11.555740756002223,0.009027095972991655,4.0,gap_lower,9.5,0.6222129621998889,1,5.0,gap_lower,0.36117558889014545,7.7,1,0.31221111491224046,0.0,0.7,1.0,18c48ed1e7b65c84,1.0,97,controller_boundary_extension,1.0,24.0,20.0,0.21679742311848146,3.882798549725578,0.6159260338910038,433.30060670359944,41
40,4,"[1,14,27,40]",0.35,4.0,1.0,even_idm_leader_cmd0,0.0,margin,8.0,1.5,0,5.0,closed symmetric acceleration-command pulse,0.1,4,"[1,14,27,40]",1.0,jerk_saturation,5.0,-40.0,0,idm,[],60.0,0.2,even,13.376857833292835,12.173968247974898,0.011147381527744029,4.0,gap_lower,9.4,0.5913015876012551,1,5.0,gap_lower,0.39184599186182983,7.7,1,0.4121710687236077,0.0,0.7,1.0,194758add63235a4,1.0,113,prediction_boundary_extension,1.0,24.0,20.0,0.15889235525645068,3.3505649872304843,0.6668193511378071,535.0743133317134,41
40,4,"[1,14,27,40]",0.35,3.5,1.0,even_ovm_leader_d02,0.2,margin,8.0,1.5,0,5.0,closed symmetric acceleration-command pulse,0.1,4,"[1,14,27,40]",8.0,jerk_saturation,5.0,-35.0,0,ovm,[],60.0,0.2,even,21.421632720104952,-7.689092866286217,0.01785136060008746,3.5,gap_lower,55.900000000000006,1.5844546433143107,27,5.000000000000002,gap_lower,-0.5936368095237003,55.2,27,1.848782097529917,0.0,0.7,0.0,1a4b16567dc477a7,0.0,149,prediction_boundary_extension,0.0,24.0,20.0,2.0,30.340468191017067,7.098893272482075,856.8653088041981,41
80,8,"[1,12,24,35,46,57,69,80]",0.35,3.5,1.0,even_idm_leader_N80,0.2,margin,8.0,1.5,0,5.0,closed symmetric acceleration-command pulse,0.1,8,"[1,12,24,35,46,57,69,80]",1.0,jerk_saturation,5.0,-35.0,0,idm,[],60.0,0.2,even,4.993108234625173,14.20792036867158,0.004160923528854311,3.5,gap_lower,9.1,0.489603981566421,1,5.0,gap_lower,0.4666363141647808,7.5,1,0.3402364641950753,0.0,0.7,1.0,1b75396fbc63af1a,1.0,131,chain_length_boundary_extension,1.0,24.0,20.0,0.09644936465279823,2.4637310759288766,0.513008603641758,399.4486587700138,81
80,8,"[1,12,24,35,46,57,69,80]",0.35,4.5,1.0,even_idm_leader_N80,0.2,margin,8.0,1.5,0,5.0,closed symmetric acceleration-command pulse,0.1,8,"[1,12,24,35,46,57,69,80]",1.0,jerk_saturation,5.0,-45.0,0,idm,[],60.0,0.2,even,7.885696798478991,9.80848356489821,0.006571413998732492,4.5,gap_lower,9.700000000000001,0.7095758217550895,1,5.0,gap_lower,0.2761419578585306,8.5,1,0.604706201380506,0.0,0.7,1.0,1ce3ce6944a74ce4,1.0,113,chain_length_boundary_extension,1.0,24.0,20.0,0.2495816812502891,3.5079846783160065,0.7999999999999794,630.8557438783192,81
40,4,"[37,38,39,40]",0.35,3.5,0.0,rear_idm_leader_d02,0.2,margin,8.0,1.5,0,5.0,closed symmetric acceleration-command pulse,0.1,4,"[37,38,39,40]",142.0,jerk_saturation,5.0,-35.0,0,idm,[],60.0,0.2,rear,322.5575100053644,-56.70760910247775,0.2687979250044703,4.5,gap_lower,60.0,4.035380455123887,37,5.000000000000004,gap_lower,-3.519694348369678,59.900000000000006,37,3.8095238095238093,0.11666801644903403,0.7,0.0,1cfac07cc3ec193a,0.0,131,layout_boundary_extension,0.0,24.0,20.0,4.5,88.86460709194341,20.0,12902.300400214575,41
40,4,"[1,14,27,40]",0.35,4.5,1.0,even_idm_leader_cmd04,0.4,margin,8.0,1.5,0,5.0,closed symmetric acceleration-command pulse,0.1,4,"[1,14,27,40]",2.0,jerk_saturation,5.0,-45.0,0,idm,[],60.0,0.2,even,17.205705388181844,9.803562163295283,0.01433808782348487,4.5,jerk,25.900000000000002,0.7776112817535039,13,5.0,gap_lower,0.2678155360093465,8.4,1,0.7312401866012813,0.0,0.7,0.0,1d01da6aad7c25b7,1.0,131,prediction_boundary_extension,0.0,24.0,20.0,0.2873505193636271,4.291088447915968,1.0869764476787651,688.2282155272737,41
40,4,"[1,2,3,4]",0.35,4.5,1.0,front_idm_leader_d02,0.2,margin,8.0,1.5,0,5.0,closed symmetric acceleration-command pulse,0.1,4,"[1,2,3,4]",1.0,jerk_saturation,5.0,-45.0,0,idm,[],60.0,0.2,front,14.068503224269785,9.80848356489821,0.011723752686891487,4.5,gap_lower,9.700000000000001,0.7095758217550895,1,5.0,gap_lower,0.2761419578585306,8.5,1,0.3585290750924407,5.684459114579315e-06,0.7,1.0,1d7b9e46b96daee6,1.0,97,layout_boundary_extension,1.0,24.0,20.0,0.2167974229774156,2.6424917373906283,0.8907642448671318,562.7401289707914,41
20,2,"[1,20]",0.35,4.0,1.0,even_idm_leader_N20,0.2,predictive,8.0,1.5,0,5.0,closed symmetric acceleration-command pulse,0.1,2,"[1,20]",1.0,jerk_saturation,5.0,-40.0,0,idm,[],60.0,0.2,even,18.120250559214597,11.555740756002223,0.015100208799345498,4.0,gap_lower,9.5,0.6222129621998889,1,5.0,gap_lower,0.36117558889014545,7.7,1,0.3183068809272675,0.1208333333333312,0.7,1.0,1de82ed567b71beb,1.0,131,chain_length_boundary_extension,1.0,24.0,20.0,0.15889212846873293,1.9394503384140762,0.4000008161480686,362.40501118429194,21
40,4,"[1,14,27,40]",0.35,3.5,0.0,even_idm_internal8_d02,0.2,margin,8.0,1.5,8,5.0,closed symmetric acceleration-command pulse,0.1,4,"[1,14,27,40]",76.0,jerk_saturation,5.0,-35.0,8,idm,[],60.0,0.2,even,156.933275658168,-84.44877613525361,0.13077772971513998,4.5,gap_lower,44.800000000000004,5.42243880676268,27,5.000000000000004,gap_lower,-4.541191654144862,59.800000000000004,40,3.8095238095238093,3.102830022434158,0.7,0.0,1df796b20bde5e1d,0.0,149,prediction_boundary_extension,0.0,24.0,20.0,4.5,104.74945959608766,20.0,6277.331026326719,41
40,4,"[1,14,27,40]",0.35,3.0,1.0,even_idm_leader_cmd0,0.0,margin,8.0,1.5,0,5.0,closed symmetric acceleration-command pulse,0.1,4,"[1,14,27,40]",1.0,jerk_saturation,5.0,-30.0,0,idm,[],60.0,0.2,even,8.613566962670998,16.244003254589472,0.007177972468892499,3.0,gap_lower,8.9,0.38779983727052636,1,5.0,gap_lower,0.5585233928582174,7.1000000000000005,1,0.30553636645261484,0.0,0.7,1.0,1e090a471b94b33f,1.0,167,prediction_boundary_extension,1.0,24.0,20.0,0.08966421842155434,2.637499999999818,0.48930708687437274,344.54267850683993,41
40,4,"[1,14,27,40]",0.35,3.5,1.0,even_idm_leader_d02,0.2,margin,8.0,1.5,0,5.0,closed symmetric acceleration-command pulse,0.1,4,"[1,14,27,40]",1.0,jerk_saturation,5.0,-35.0,0,idm,[],60.0,0.2,even,10.470035210249558,14.20792036867158,0.008725029341874631,3.5,gap_lower,9.1,0.489603981566421,1,5.0,gap_lower,0.4666363141647808,7.5,1,0.33811842652725876,0.0,0.7,1.0,1f7871bf6de1320e,1.0,167,controller_boundary_extension,1.0,24.0,20.0,0.11713322325187965,2.084824420596533,0.538732993144869,418.8014084099823,41
20,2,"[1,20]",0.35,3.5,1.0,even_idm_leader_N20,0.2,predictive,8.0,1.5,0,5.0,closed symmetric acceleration-command pulse,0.1,2,"[1,20]",1.0,jerk_saturation,5.0,-35.0,0,idm,[],60.0,0.2,even,14.943836544958305,13.674353219536897,0.012453197120798587,3.5,gap_lower,9.200000000000001,0.5162823390231551,1,5.0,gap_lower,0.4486265400618124,7.5,1,0.29976503313069713,0.10952380952380397,0.7,1.0,200c2836fe959eba,1.0,131,chain_length_boundary_extension,1.0,24.0,20.0,0.2167974229113458,1.6458706931557572,0.4250000001295149,298.8767308991661,21
40,4,"[1,14,27,40]",0.35,4.0,0.0,even_idm_internal8_d02,0.2,margin,8.0,1.5,8,5.0,closed symmetric acceleration-command pulse,0.1,4,"[1,14,27,40]",79.0,jerk_saturation,5.0,-40.0,8,idm,[],60.0,0.2,even,170.55962302936737,-85.72356357906108,0.14213301919113946,4.5,gap_lower,45.0,5.486178178953054,27,5.000000000000004,gap_lower,-4.596403370875279,59.900000000000006,40,3.3333333333333335,2.7364981154070898,0.7,0.0,212518f66fd3c750,0.0,113,prediction_boundary_extension,0.0,24.0,20.0,4.5,105.65501008602506,20.0,6822.384921174695,41
40,4,"[1,14,27,40]",0.35,4.0,1.0,even_idm_leader_cmd0,0.0,margin,8.0,1.5,0,5.0,closed symmetric acceleration-command pulse,0.1,4,"[1,14,27,40]",1.0,jerk_saturation,5.0,-40.0,0,idm,[],60.0,0.2,even,11.734290555905064,12.173968247974898,0.009778575463254219,4.0,gap_lower,9.4,0.5913015876012551,1,5.0,gap_lower,0.39184599186182983,7.7,1,0.328971595970654,0.0,0.7,1.0,214d35d9e02c1d3d,1.0,191,prediction_boundary_extension,1.0,24.0,20.0,0.15889229040597733,2.9910969387833575,0.6517607554064746,469.37162223620254,41
40,4,"[1,14,27,40]",0.35,3.5,1.0,even_idm_leader_cmd0,0.0,margin,8.0,1.5,0,5.0,closed symmetric acceleration-command pulse,0.1,4,"[1,14,27,40]",1.0,jerk_saturation,5.0,-35.0,0,idm,[],60.0,0.2,even,10.638347709312669,14.229133774006897,0.008865289757760558,3.5,gap_lower,9.200000000000001,0.48854331129965517,1,5.0,gap_lower,0.47291523733791047,7.4,1,0.3386387879185237,0.0,0.7,1.0,226754900f4a4749,1.0,149,prediction_boundary_extension,1.0,24.0,20.0,0.15889215842470658,2.4862499999976535,0.5736018180975826,425.53390837250674,41
40,4,"[1,14,27,40]",0.35,4.0,1.0,even_idm_leader_d02,0.2,margin,8.0,1.5,0,5.0,closed symmetric acceleration-command pulse,0.1,4,"[1,14,27,40]",1.0,jerk_saturation,5.0,-40.0,0,idm,[],60.0,0.2,even,12.740679079956976,12.096727966740218,0.010617232566630814,4.0,gap_lower,9.4,0.5951636016629891,1,5.0,gap_lower,0.37964831986635705,7.5,1,0.3525896944411689,0.0,0.7,1.0,231f1558f3ba1e11,1.0,29,controller_boundary_extension,1.0,24.0,20.0,0.1311266396639943,3.127269800558679,0.6749999735129357,509.62716319827905,41
40,4,"[1,14,27,40]",0.35,4.0,1.0,even_idm_leader_cmd04,0.4,margin,8.0,1.5,0,5.0,closed symmetric acceleration-command pulse,0.1,4,"[1,14,27,40]",1.0,jerk_saturation,5.0,-40.0,0,idm,[],60.0,0.2,even,11.972428608477644,11.91771903438439,0.009977023840398036,4.0,gap_lower,9.3,0.6041140482807805,1,5.0,gap_lower,0.3622518128927802,7.6000000000000005,1,0.37674249715667035,0.0,0.7,1.0,233a593a3356a5e1,1.0,191,prediction_boundary_extension,1.0,24.0,20.0,0.11144595022260852,2.380778227315716,0.6064277174553823,478.89714433910575,41
40,4,"[37,38,39,40]",0.35,3.5,0.0,rear_idm_leader_d02,0.2,margin,8.0,1.5,0,5.0,closed symmetric acceleration-command pulse,0.1,4,"[37,38,39,40]",142.0,jerk_saturation,5.0,-35.0,0,idm,[],60.0,0.2,rear,319.75255047413424,-55.20772256160282,0.2664604587284452,4.5,gap_lower,60.0,3.960386128080141,37,5.000000000000004,gap_lower,-3.447532642086883,59.900000000000006,37,3.8095238095238093,0.10714550271629805,0.7,0.0,23d7d9c728a674f5,0.0,191,layout_boundary_extension,0.0,24.0,20.0,4.5,119.48098154749425,20.0,12790.10201896537,41
40,4,"[19,20,21,22]",0.35,3.0,0.0,middle_idm_leader_d02,0.2,margin,8.0,1.5,0,5.0,closed symmetric acceleration-command pulse,0.1,4,"[19,20,21,22]",113.0,jerk_saturation,5.0,-30.0,0,idm,[],60.0,0.2,middle,217.1053164785199,-103.21911630972878,0.18092109706543325,4.5,gap_lower,59.400000000000006,6.360955815486439,19,5.000000000000004,gap_lower,-5.521635450300741,58.0,19,4.444444444444445,0.0014590156644847714,0.7,0.0,242989c112e7c2cb,0.0,113,layout_boundary_extension,0.0,24.0,20.0,4.5,127.21911630972878,20.0,8684.212659140796,41
40,4,"[1,14,27,40]",0.35,4.0,0.0,even_ovm_leader_d02,0.2,margin,8.0,1.5,0,5.0,closed symmetric acceleration-command pulse,0.1,4,"[1,14,27,40]",19.0,jerk_saturation,5.0,-40.0,0,ovm,[],60.0,0.2,even,39.54244760452889,-38.25703001149793,0.03295203967044074,4.069286480326741,gap_lower,57.300000000000004,3.1128515005748967,27,5.0,gap_lower,-2.1285116951274303,56.1,27,2.6084120930635555,0.0,0.7,0.0,24872f21d5d32d1a,0.0,97,prediction_boundary_extension,0.0,24.0,20.0,3.231567528758537,62.25703001149793,11.976269428383633,1581.6979041811555,41
40,4,"[37,38,39,40]",0.35,4.0,0.0,rear_idm_leader_d02,0.2,margin,8.0,1.5,0,5.0,closed symmetric acceleration-command pulse,0.1,4,"[37,38,39,40]",142.0,jerk_saturation,5.0,-40.0,0,idm,[],60.0,0.2,rear,326.43797238944524,-58.86853972546559,0.272031643657871,4.5,gap_lower,60.0,4.143426986273279,37,5.000000000000004,gap_lower,-3.6103643692322267,59.900000000000006,37,3.3333333333333335,0.11458376374862962,0.7,0.0,24970ce1e2d7cb78,0.0,97,layout_boundary_extension,0.0,24.0,20.0,4.5,157.11423049634084,20.0,13057.518895577809,41
40,4,"[1,14,27,40]",0.35,3.5,0.0,even_ovm_leader_d02,0.2,margin,8.0,1.5,0,5.0,closed symmetric acceleration-command pulse,0.1,4,"[1,14,27,40]",20.0,jerk_saturation,5.0,-35.0,0,ovm,[],60.0,0.2,even,37.79376970376676,-37.89486351873711,0.0314948080864723,3.6778128407960198,gap_lower,58.2,3.0947431759368556,27,5.000000000000001,gap_lower,-2.113929942763127,57.0,27,2.8717181179626783,0.0,0.7,0.0,24bc60e02cc93702,0.0,131,prediction_boundary_extension,0.0,24.0,20.0,3.111227080156408,61.89486351873711,11.766072037559102,1511.7507881506706,41
80,8,"[1,12,24,35,46,57,69,80]",0.35,3.0,1.0,even_idm_leader_N80,0.2,margin,8.0,1.5,0,5.0,closed symmetric acceleration-command pulse,0.1,8,"[1,12,24,35,46,57,69,80]",1.0,jerk_saturation,5.0,-30.0,0,idm,[],60.0,0.2,even,4.127346983838214,16.115330595552763,0.0034394558198651785,3.0,gap_lower,8.8,0.3942334702223619,1,5.0,gap_lower,0.5486383391061478,7.300000000000001,1,0.32756199473345443,0.0,0.7,1.0,25480f957801d16b,1.0,131,chain_length_boundary_extension,1.0,24.0,20.0,0.2035163919795743,2.1399999999996453,0.44389310023704454,330.1877587070571,81
80,8,"[1,12,24,35,46,57,69,80]",0.35,3.5,1.0,even_idm_leader_N80,0.2,predictive,8.0,1.5,0,5.0,closed symmetric acceleration-command pulse,0.1,8,"[1,12,24,35,46,57,69,80]",1.0,jerk_saturation,5.0,-35.0,0,idm,[],60.0,0.2,even,4.292313181036139,13.674353219536897,0.0035769276508634492,3.5,gap_lower,9.200000000000001,0.5162823390231551,1,5.0,gap_lower,0.4486265400618124,7.5,1,0.29976503313069713,0.0,0.7,1.0,25af79b923f5c912,1.0,97,chain_length_boundary_extension,1.0,24.0,20.0,0.06385261785077294,3.6377348101144094,0.4761077107838254,343.3850544828911,81
40,4,"[1,14,27,40]",0.35,4.0,1.0,even_idm_leader_d02,0.2,margin,8.0,1.5,0,5.0,closed symmetric acceleration-command pulse,0.1,4,"[1,14,27,40]",1.0,jerk_saturation,5.0,-40.0,0,idm,[],60.0,0.2,even,13.093619542766788,12.096727966740218,0.010911349618972324,4.0,gap_lower,9.4,0.5951636016629891,1,5.0,gap_lower,0.37964831986635705,7.5,1,0.39641378178875836,0.0,0.7,1.0,291af9e3a7c3fc16,1.0,47,controller_boundary_extension,1.0,24.0,20.0,0.11541872795219857,3.225495559329943,0.699999999532821,523.7447817106715,41
20,2,"[1,20]",0.35,4.5,0.0,even_idm_leader_N20,0.2,margin,8.0,1.5,0,5.0,closed symmetric acceleration-command pulse,0.1,2,"[1,20]",20.0,jerk_saturation,5.0,-45.0,0,idm,[],60.0,0.2,even,65.9339715387309,-61.952581291286236,0.05494497628227576,4.5,gap_lower,43.300000000000004,4.297629064564312,20,5.000000000000004,gap_lower,-3.306462098432373,42.5,20,2.962962962962963,1.9497804696531285,0.7,0.0,2b662c488b255007,0.0,167,chain_length_boundary_extension,0.0,24.0,20.0,1.705298723939143,122.27966460503,5.834190692636586,1318.6794307746181,21
40,4,"[37,38,39,40]",0.35,4.5,0.0,rear_idm_leader_d02,0.2,margin,8.0,1.5,0,5.0,closed symmetric acceleration-command pulse,0.1,4,"[37,38,39,40]",142.0,jerk_saturation,5.0,-45.0,0,idm,[],60.0,0.2,rear,332.9251259162815,-58.920448558455035,0.2774376049302346,4.5,gap_lower,60.0,4.146022427922752,37,5.000000000000004,gap_lower,-3.612959810881699,59.900000000000006,37,2.962962962962963,0.10185223444322633,0.7,0.0,2bc8692849fd69f6,0.0,97,layout_boundary_extension,0.0,24.0,20.0,4.5,153.71284005590053,20.0,13317.00503665126,41
40,4,"[1,14,27,40]",0.35,4.0,0.0,even_ovm_leader_d02,0.2,margin,8.0,1.5,0,5.0,closed symmetric acceleration-command pulse,0.1,4,"[1,14,27,40]",17.0,jerk_saturation,5.0,-40.0,0,ovm,[],60.0,0.2,even,38.16757600532493,-38.52125195727092,0.03180631333777078,4.223222142073621,gap_lower,57.900000000000006,3.126062597863546,27,5.0,gap_lower,-2.142241225567516,56.7,27,2.662418199774832,0.0,0.7,0.0,2d84241766178734,0.0,113,prediction_boundary_extension,0.0,24.0,20.0,2.915265913268084,62.52125195727092,11.338692529254851,1526.7030402129974,41
40,4,"[37,38,39,40]",0.35,4.0,0.0,rear_idm_leader_d02,0.2,margin,8.0,1.5,0,5.0,closed symmetric acceleration-command pulse,0.1,4,"[37,38,39,40]",142.0,jerk_saturation,5.0,-40.0,0,idm,[],60.0,0.2,rear,326.341928442753,-56.780580232993515,0.2719516070356275,4.5,gap_lower,60.0,4.039029011649676,37,5.000000000000004,gap_lower,-3.523512890420149,59.900000000000006,37,3.3333333333333335,0.10208451439290478,0.7,0.0,2e9f5ee7b6b894b6,0.0,131,layout_boundary_extension,0.0,24.0,20.0,4.5,86.71870006067445,20.0,13053.67713771012,41
40,4,"[1,14,27,40]",0.35,3.5,1.0,even_idm_leader_cmd04,0.4,margin,8.0,1.5,0,5.0,closed symmetric acceleration-command pulse,0.1,4,"[1,14,27,40]",1.0,jerk_saturation,5.0,-35.0,0,idm,[],60.0,0.2,even,11.257850214333006,14.05906780402114,0.009381541845277504,3.5,gap_lower,9.0,0.497046609798943,1,5.0,gap_lower,0.4527388364141952,7.300000000000001,1,0.4631097184673433,0.0,0.7,1.0,2f0ac5b3ac654335,1.0,149,prediction_boundary_extension,1.0,24.0,20.0,0.1280813841584412,1.6664960284532526,0.6499999999999808,450.3140085733202,41
40,4,"[1,14,27,40]",0.35,3.5,1.0,even_idm_leader_cmd04,0.4,margin,8.0,1.5,0,5.0,closed symmetric acceleration-command pulse,0.1,4,"[1,14,27,40]",1.0,jerk_saturation,5.0,-35.0,0,idm,[],60.0,0.2,even,10.115559503544635,14.05906780402114,0.008429632919620528,3.5,gap_lower,9.0,0.497046609798943,1,5.0,gap_lower,0.4527388364141952,7.300000000000001,1,0.3686178766741661,0.0,0.7,1.0,2f3f4caa752cd9f5,1.0,191,prediction_boundary_extension,1.0,24.0,20.0,0.1239407949571149,1.5325000000057116,0.549999999999983,404.62238014178536,41
80,8,"[1,12,24,35,46,57,69,80]",0.35,4.0,1.0,even_idm_leader_N80,0.2,margin,8.0,1.5,0,5.0,closed symmetric acceleration-command pulse,0.1,8,"[1,12,24,35,46,57,69,80]",1.0,jerk_saturation,5.0,-40.0,0,idm,[],60.0,0.2,even,6.5052894148080584,12.096727966740218,0.0054210745123400485,4.0,gap_lower,9.4,0.5951636016629891,1,5.0,gap_lower,0.37964831986635705,7.5,1,0.46912611718388203,0.0,0.7,1.0,300d217b50779a12,1.0,113,chain_length_boundary_extension,1.0,24.0,20.0,0.24559035548040717,3.0561598603013067,0.7249999999379568,520.4231531846447,81
40,4,"[1,14,27,40]",0.35,3.0,1.0,even_idm_leader_d02,0.2,margin,8.0,1.5,0,5.0,closed symmetric acceleration-command pulse,0.1,4,"[1,14,27,40]",1.0,jerk_saturation,5.0,-30.0,0,idm,[],60.0,0.2,even,8.1958688579659,16.115330595552763,0.006829890714971583,3.0,gap_lower,8.8,0.3942334702223619,1,5.0,gap_lower,0.5486383391061478,7.300000000000001,1,0.32756199473345443,0.0,0.7,1.0,3025d9b6b39487f1,1.0,191,controller_boundary_extension,1.0,24.0,20.0,0.21679742284314246,2.1399999999996453,0.47342914200256914,327.834754318636,41
40,4,"[1,14,27,40]",0.35,4.5,1.0,even_idm_leader_d02,0.2,margin,8.0,1.5,0,5.0,closed symmetric acceleration-command pulse,0.1,4,"[1,14,27,40]",1.0,jerk_saturation,5.0,-45.0,0,idm,[],60.0,0.2,even,16.352211414556773,9.80848356489821,0.013626842845463978,4.5,gap_lower,9.700000000000001,0.7095758217550895,1,5.0,gap_lower,0.2761419578585306,8.5,1,0.5677251344393505,0.0,0.7,1.0,30f78f3dda712479,1.0,79,controller_boundary_extension,1.0,24.0,20.0,0.21945158567909281,4.396357104940648,0.8249999999999886,654.088456582271,41
80,8,"[1,12,24,35,46,57,69,80]",0.35,3.0,1.0,even_idm_leader_N80,0.2,predictive,8.0,1.5,0,5.0,closed symmetric acceleration-command pulse,0.1,8,"[1,12,24,35,46,57,69,80]",1.0,jerk_saturation,5.0,-30.0,0,idm,[],60.0,0.2,even,3.5124585280156184,15.70082118003802,0.0029270487733463486,3.0,gap_lower,9.0,0.41495894099809905,1,5.0,gap_lower,0.5337119637701708,7.2,1,0.3038749684286167,0.0,0.7,1.0,3119d7da2892c6b9,1.0,167,chain_length_boundary_extension,1.0,24.0,20.0,0.057611288270637946,3.276230054757093,0.38243195388238505,280.99668224124946,81
40,4,"[1,2,3,4]",0.35,3.5,1.0,front_idm_leader_d02,0.2,margin,8.0,1.5,0,5.0,closed symmetric acceleration-command pulse,0.1,4,"[1,2,3,4]",1.0,jerk_saturation,5.0,-35.0,0,idm,[],60.0,0.2,front,10.124462760290672,14.20792036867158,0.008437052300242227,3.5,gap_lower,9.1,0.489603981566421,1,5.0,gap_lower,0.4666363141647808,7.5,1,0.3376129673180792,2.3704504511237074e-06,0.7,1.0,32640cec77827042,1.0,149,layout_boundary_extension,1.0,24.0,20.0,0.21679742284252312,2.9722802255048464,0.646357170266306,404.9785104116269,41
20,2,"[1,20]",0.35,4.5,1.0,even_idm_leader_N20,0.2,predictive,8.0,1.5,0,5.0,closed symmetric acceleration-command pulse,0.1,2,"[1,20]",1.0,jerk_saturation,5.0,-45.0,0,idm,[],60.0,0.2,even,21.244732356522338,9.234120354019865,0.01770394363043528,4.5,gap_lower,9.8,0.7382939822990068,1,5.0,gap_lower,0.25002510505065756,8.6,1,0.35307039287544034,0.15185185139458054,0.7,1.0,332a5a1e7680a1fd,1.0,97,chain_length_boundary_extension,1.0,24.0,20.0,0.21679742286043824,2.0242988567047178,0.45000000267665285,424.89464713044674,21
40,4,"[37,38,39,40]",0.35,4.0,0.0,rear_idm_leader_d02,0.2,margin,8.0,1.5,0,5.0,closed symmetric acceleration-command pulse,0.1,4,"[37,38,39,40]",142.0,jerk_saturation,5.0,-40.0,0,idm,[],60.0,0.2,rear,325.25301591444384,-58.8624661429059,0.2710441799287032,4.5,gap_lower,60.0,4.143123307145295,37,5.000000000000004,gap_lower,-3.610781537911341,59.900000000000006,37,3.3333333333333335,0.11458376374862962,0.7,0.0,33bd3feb248edd61,0.0,113,layout_boundary_extension,0.0,24.0,20.0,4.5,118.10911845179248,20.0,13010.120636577754,41
20,2,"[1,20]",0.35,3.0,1.0,even_idm_leader_N20,0.2,predictive,8.0,1.5,0,5.0,closed symmetric acceleration-command pulse,0.1,2,"[1,20]",1.0,jerk_saturation,5.0,-30.0,0,idm,[],60.0,0.2,even,11.551742848450203,15.70082118003802,0.009626452373708502,3.0,gap_lower,9.0,0.41495894099809905,1,5.0,gap_lower,0.5337119637701708,7.2,1,0.2832591331061486,0.08333333333333333,0.7,1.0,34a712d786c9b1a8,1.0,97,chain_length_boundary_extension,1.0,24.0,20.0,0.018474171810012718,2.0414111794525525,0.375,231.03485696900407,21
40,4,"[1,14,27,40]",0.35,3.5,1.0,even_idm_leader_cmd0,0.0,margin,8.0,1.5,0,5.0,closed symmetric acceleration-command pulse,0.1,4,"[1,14,27,40]",1.0,jerk_saturation,5.0,-35.0,0,idm,[],60.0,0.2,even,11.145554116600636,14.229133774006897,0.009287961763833863,3.5,gap_lower,9.200000000000001,0.48854331129965517,1,5.0,gap_lower,0.47291523733791047,7.4,1,0.33841235821919635,0.0,0.7,1.0,351d627aee965ea1,1.0,113,prediction_boundary_extension,1.0,24.0,20.0,0.09090661842465318,2.7352856569696655,0.5949287842971529,445.8221646640254,41
80,8,"[1,12,24,35,46,57,69,80]",0.35,4.5,1.0,even_idm_leader_N80,0.2,predictive,8.0,1.5,0,5.0,closed symmetric acceleration-command pulse,0.1,8,"[1,12,24,35,46,57,69,80]",1.0,jerk_saturation,5.0,-45.0,0,idm,[],60.0,0.2,even,6.381167548725335,9.234120354019865,0.00531763962393778,4.5,gap_lower,9.8,0.7382939822990068,1,5.0,gap_lower,0.25002510505065756,8.6,1,0.3551834401910559,0.0,0.7,1.0,354f537bf9443545,1.0,97,chain_length_boundary_extension,1.0,24.0,20.0,0.06842872928383194,4.900100660347789,0.625,510.4934038980268,81
40,4,"[1,14,27,40]",0.35,4.5,0.0,even_ovm_leader_d02,0.2,margin,8.0,1.5,0,5.0,closed symmetric acceleration-command pulse,0.1,4,"[1,14,27,40]",21.0,jerk_saturation,5.0,-45.0,0,ovm,[],60.0,0.2,even,47.67217645655547,-43.51163279321935,0.03972681371379622,4.5,gap_lower,57.400000000000006,3.3755816396609672,27,5.0,gap_lower,-2.3939397732537833,56.300000000000004,27,2.425868947178002,0.0,0.7,0.0,3562c2da447955b9,0.0,97,prediction_boundary_extension,0.0,24.0,20.0,3.3031834960000004,67.51163279321935,12.562935085420804,1906.8870582622187,41
20,2,"[1,20]",0.35,4.0,1.0,even_idm_leader_N20,0.2,margin,8.0,1.5,0,5.0,closed symmetric acceleration-command pulse,0.1,2,"[1,20]",1.0,jerk_saturation,5.0,-40.0,0,idm,[],60.0,0.2,even,20.17271652269518,12.096727966740218,0.016810597102245983,4.0,jerk,34.1,0.5964558382566605,19,5.0,gap_lower,0.37964831986635705,7.5,1,0.6614465723245709,0.2833309752485711,0.7,1.0,358fbad0c7e539b8,1.0,113,chain_length_boundary_extension,1.0,24.0,20.0,0.025942221816958558,1.9775000000004184,0.17687375915399883,403.4543304539036,21
20,2,"[1,20]",0.35,4.0,1.0,even_idm_leader_N20,0.2,predictive,8.0,1.5,0,5.0,closed symmetric acceleration-command pulse,0.1,2,"[1,20]",1.0,jerk_saturation,5.0,-40.0,0,idm,[],60.0,0.2,even,17.678756270527167,11.555740756002223,0.014732296892105973,4.0,gap_lower,9.5,0.6222129621998889,1,5.0,gap_lower,0.36117558889014545,7.7,1,0.31221111491224046,0.10833333333333368,0.7,1.0,361c33978e6ad5e5,1.0,97,chain_length_boundary_extension,1.0,24.0,20.0,0.07900780716749425,2.0248831184401297,0.3697519517918657,353.57512541054336,21
40,4,"[1,14,27,40]",0.35,3.0,1.0,even_idm_leader_d02,0.2,predictive,8.0,1.5,0,5.0,closed symmetric acceleration-command pulse,0.1,4,"[1,14,27,40]",1.0,jerk_saturation,5.0,-30.0,0,idm,[],60.0,0.2,even,6.950390778732476,15.70082118003802,0.005791992315610397,3.0,gap_lower,9.0,0.41495894099809905,1,5.0,gap_lower,0.5337119637701708,7.2,1,0.2861086359587246,0.0,0.7,1.0,385fc3c399037794,1.0,79,controller_boundary_extension,1.0,24.0,20.0,0.21679742285587955,2.5558463617903158,0.42758794349202844,278.01563114929905,41
80,8,"[1,12,24,35,46,57,69,80]",0.35,4.0,1.0,even_idm_leader_N80,0.2,margin,8.0,1.5,0,5.0,closed symmetric acceleration-command pulse,0.1,8,"[1,12,24,35,46,57,69,80]",1.0,jerk_saturation,5.0,-40.0,0,idm,[],60.0,0.2,even,5.975477713384862,12.096727966740218,0.004979564761154052,4.0,gap_lower,9.4,0.5951636016629891,1,5.0,gap_lower,0.37964831986635705,7.5,1,0.35567513077473656,0.0,0.7,1.0,39b606792b4a6b91,1.0,131,chain_length_boundary_extension,1.0,24.0,20.0,0.09897523315151957,2.6112265759670663,0.6249999999999218,478.03821707078896,81
40,4,"[1,14,27,40]",0.35,4.5,0.0,even_idm_leader_cmd04,0.4,margin,8.0,1.5,0,5.0,closed symmetric acceleration-command pulse,0.1,4,"[1,14,27,40]",66.0,jerk_saturation,5.0,-45.0,0,idm,[],60.0,0.2,even,90.2015956180937,-84.10303024503119,0.07516799634841141,4.5,gap_lower,56.5,5.405151512251559,27,5.000000000000004,gap_lower,-4.408849323933856,55.5,27,2.962962962962963,0.04835168486645806,0.7,0.0,39c4491d5267739b,0.0,149,prediction_boundary_extension,0.0,24.0,20.0,4.5,107.92620209971817,20.0,3608.063824723748,41
40,4,"[37,38,39,40]",0.35,3.0,0.0,rear_idm_leader_d02,0.2,margin,8.0,1.5,0,5.0,closed symmetric acceleration-command pulse,0.1,4,"[37,38,39,40]",138.0,jerk_saturation,5.0,-30.0,0,idm,[],60.0,0.2,rear,304.3361539932079,-57.04914748156432,0.2536134616610066,4.5,gap_lower,60.0,4.052457374078216,37,5.000000000000004,gap_lower,-3.534820106393064,59.900000000000006,37,4.444444444444445,0.13611268585720637,0.7,0.0,3a6e720df6a2cc91,0.0,167,layout_boundary_extension,0.0,24.0,20.0,4.5,92.92169787332921,20.0,12173.446159728317,41
40,4,"[1,14,27,40]",0.35,4.0,1.0,even_idm_leader_d02,0.2,margin,8.0,1.5,0,5.0,closed symmetric acceleration-command pulse,0.1,4,"[1,14,27,40]",1.0,jerk_saturation,5.0,-40.0,0,idm,[],60.0,0.2,even,13.559738839227748,12.096727966740218,0.011299782366023123,4.0,gap_lower,9.4,0.5951636016629891,1,5.0,gap_lower,0.37964831986635705,7.5,1,0.5013124066233446,0.0,0.7,1.0,3ac1ebc11552805e,1.0,113,controller_boundary_extension,1.0,24.0,20.0,0.1443299518315473,3.3571471018030365,0.625,542.3895535691099,41
40,4,"[1,14,27,40]",0.35,4.0,1.0,even_idm_leader_d02,0.2,margin,8.0,1.5,0,5.0,closed symmetric acceleration-command pulse,0.1,4,"[1,14,27,40]",1.0,jerk_saturation,5.0,-40.0,0,idm,[],60.0,0.2,even,13.302582384535615,12.096727966740218,0.011085485320446346,4.0,gap_lower,9.4,0.5951636016629891,1,5.0,gap_lower,0.37964831986635705,7.5,1,0.4000945324037766,0.0,0.7,1.0,3c020370709fef25,1.0,79,controller_boundary_extension,1.0,24.0,20.0,0.16009713214152832,3.10338236273617,0.7039885804365902,532.1032953814246,41
40,4,"[1,2,3,4]",0.35,4.5,1.0,front_idm_leader_d02,0.2,margin,8.0,1.5,0,5.0,closed symmetric acceleration-command pulse,0.1,4,"[1,2,3,4]",1.0,jerk_saturation,5.0,-45.0,0,idm,[],60.0,0.2,front,13.908848851345477,9.80848356489821,0.01159070737612123,4.5,gap_lower,9.700000000000001,0.7095758217550895,1,5.0,gap_lower,0.2761419578585306,8.5,1,0.3585290750924407,2.9358896914236203e-06,0.7,1.0,3c1ffca450fab8fe,1.0,131,layout_boundary_extension,1.0,24.0,20.0,0.2167974229774156,2.6424917373906283,0.9211387678727689,556.353954053819,41
40,4,"[1,14,27,40]",0.35,3.0,1.0,even_idm_leader_d02,0.2,predictive,8.0,1.5,0,5.0,closed symmetric acceleration-command pulse,0.1,4,"[1,14,27,40]",1.0,jerk_saturation,5.0,-30.0,0,idm,[],60.0,0.2,even,7.013303673458056,15.70082118003802,0.005844419727881713,3.0,gap_lower,9.0,0.41495894099809905,1,5.0,gap_lower,0.5337119637701708,7.2,1,0.2832591331061486,0.0,0.7,1.0,3c58d01aa21b5d3e,1.0,131,controller_boundary_extension,1.0,24.0,20.0,0.21679742285587955,2.5508368858495487,0.42918938255972705,280.5321469383222,41
40,4,"[1,14,27,40]",0.35,3.0,1.0,even_idm_leader_d02,0.2,margin,8.0,1.5,0,5.0,closed symmetric acceleration-command pulse,0.1,4,"[1,14,27,40]",1.0,jerk_saturation,5.0,-30.0,0,idm,[],60.0,0.2,even,8.928045463715316,16.115330595552763,0.00744003788642943,3.0,gap_lower,8.8,0.3942334702223619,1,5.0,gap_lower,0.5486383391061478,7.300000000000001,1,0.32756199473345443,0.0,0.7,1.0,3ccfc33bdcf03e47,1.0,47,controller_boundary_extension,1.0,24.0,20.0,0.21679742284274883,2.1399999999996453,0.49786557208271986,357.1218185486126,41
80,8,"[1,12,24,35,46,57,69,80]",0.35,3.5,1.0,even_idm_leader_N80,0.2,predictive,8.0,1.5,0,5.0,closed symmetric acceleration-command pulse,0.1,8,"[1,12,24,35,46,57,69,80]",1.0,jerk_saturation,5.0,-35.0,0,idm,[],60.0,0.2,even,4.169538618675084,13.674353219536897,0.00347461551556257,3.5,gap_lower,9.200000000000001,0.5162823390231551,1,5.0,gap_lower,0.4486265400618124,7.5,1,0.29976503313069713,0.0,0.7,1.0,3ce6db14f1f4048e,1.0,149,chain_length_boundary_extension,1.0,24.0,20.0,0.20351639197984836,3.4697376228519374,0.44967294644950684,333.5630894940067,81
20,2,"[1,20]",0.35,4.5,1.0,even_idm_leader_N20,0.2,predictive,8.0,1.5,0,5.0,closed symmetric acceleration-command pulse,0.1,2,"[1,20]",13.0,jerk_saturation,5.0,-45.0,0,idm,[],60.0,0.2,even,34.77711709132162,-23.4125645130934,0.028980930909434686,4.5,gap_lower,41.0,2.37062822565467,20,5.000000000000004,gap_lower,-1.380194094135144,40.1,20,1.9473183202822908,1.051995403179411,0.7,0.0,3cf6e4a77d99c0a1,0.0,167,chain_length_boundary_extension,0.0,24.0,20.0,0.5000003773978918,52.698230709512245,4.069886178215288,695.5423418264324,21
40,4,"[1,14,27,40]",0.35,4.5,1.0,even_idm_leader_d02,0.2,margin,8.0,1.5,0,5.0,closed symmetric acceleration-command pulse,0.1,4,"[1,14,27,40]",1.0,jerk_saturation,5.0,-45.0,0,idm,[],60.0,0.2,even,15.704043709119997,9.80848356489821,0.013086703090933332,4.5,gap_lower,9.700000000000001,0.7095758217550895,1,5.0,gap_lower,0.2761419578585306,8.5,1,0.4702479390635877,0.0,0.7,1.0,3d73ec748ffce680,1.0,131,controller_boundary_extension,1.0,24.0,20.0,0.1417404916646003,3.8554332841861196,0.7749999999996966,628.1617483647999,41
40,4,"[1,14,27,40]",0.35,3.0,1.0,even_idm_leader_d02,0.2,margin,8.0,1.5,0,5.0,closed symmetric acceleration-command pulse,0.1,4,"[1,14,27,40]",1.0,jerk_saturation,5.0,-30.0,0,idm,[],60.0,0.2,even,9.025111209666463,16.115330595552763,0.007520926008055386,3.0,gap_lower,8.8,0.3942334702223619,1,5.0,gap_lower,0.5486383391061478,7.300000000000001,1,0.33309345752703634,0.0,0.7,1.0,3e1e5954cce7f2e7,1.0,79,controller_boundary_extension,1.0,24.0,20.0,0.21679742284255307,2.1399999999996453,0.49691517192998447,361.0044483866585,41
40,4,"[1,2,3,4]",0.35,3.0,1.0,front_idm_leader_d02,0.2,margin,8.0,1.5,0,5.0,closed symmetric acceleration-command pulse,0.1,4,"[1,2,3,4]",1.0,jerk_saturation,5.0,-30.0,0,idm,[],60.0,0.2,front,9.093151344041353,16.115330595552763,0.00757762612003446,3.0,gap_lower,8.8,0.3942334702223619,1,5.0,gap_lower,0.5486383391061478,7.300000000000001,1,0.32756199473345443,2.2523364262067644e-06,0.7,1.0,3e37a5cb74000fe4,1.0,167,layout_boundary_extension,1.0,24.0,20.0,0.20351639197969357,2.302500000000464,0.5792949047091938,363.7260537616541,41
40,4,"[1,14,27,40]",0.35,4.5,0.0,even_idm_internal8_d02,0.2,margin,8.0,1.5,8,5.0,closed symmetric acceleration-command pulse,0.1,4,"[1,14,27,40]",79.0,jerk_saturation,5.0,-45.0,8,idm,[],60.0,0.2,even,175.5140959543584,-86.02413811716669,0.146261746628632,4.5,gap_lower,45.0,5.501206905858334,27,5.000000000000004,gap_lower,-4.600303915406366,59.900000000000006,40,2.962962962962963,2.4310936347727488,0.7,0.0,424d31327ae76525,0.0,113,prediction_boundary_extension,0.0,24.0,20.0,4.5,105.72734449432396,20.0,7020.563838174336,41
80,8,"[1,12,24,35,46,57,69,80]",0.35,3.0,1.0,even_idm_leader_N80,0.2,margin,8.0,1.5,0,5.0,closed symmetric acceleration-command pulse,0.1,8,"[1,12,24,35,46,57,69,80]",1.0,jerk_saturation,5.0,-30.0,0,idm,[],60.0,0.2,even,4.5874138540885365,16.115330595552763,0.0038228448784071133,3.0,gap_lower,8.8,0.3942334702223619,1,5.0,gap_lower,0.5486383391061478,7.300000000000001,1,0.3597164855352035,0.0,0.7,1.0,4331c5d25464257e,1.0,167,chain_length_boundary_extension,1.0,24.0,20.0,0.21679742284256506,2.1399999999996453,0.499999999999968,366.9931083270829,81
40,4,"[1,14,27,40]",0.35,3.5,1.0,even_ovm_leader_d02,0.2,margin,8.0,1.5,0,5.0,closed symmetric acceleration-command pulse,0.1,4,"[1,14,27,40]",10.0,jerk_saturation,5.0,-35.0,0,ovm,[],60.0,0.2,even,24.80811369191747,-16.293860276980354,0.020673428076597892,3.5,gap_lower,56.300000000000004,2.0146930138490178,27,5.0,gap_lower,-1.0267444378195902,55.2,27,2.206980416570449,0.0,0.7,0.0,444f1013904bbd8d,0.0,97,prediction_boundary_extension,0.0,24.0,20.0,2.3660800760947427,39.721109901554826,8.90254220354042,992.3245476766988,41
40,4,"[1,14,27,40]",0.35,4.5,1.0,even_idm_leader_d02,0.2,predictive,8.0,1.5,0,5.0,closed symmetric acceleration-command pulse,0.1,4,"[1,14,27,40]",1.0,jerk_saturation,5.0,-45.0,0,idm,[],60.0,0.2,even,13.283082329310782,9.234120354019865,0.01106923527442565,4.5,gap_lower,9.8,0.7382939822990068,1,5.0,gap_lower,0.25002510505065756,8.6,1,0.3803518285698062,0.0,0.7,1.0,44b61f8656ebbe89,1.0,97,controller_boundary_extension,1.0,24.0,20.0,0.08487473429064882,4.618022257244661,0.6643815766806362,531.3232931724312,41
80,8,"[1,12,24,35,46,57,69,80]",0.35,3.0,1.0,even_idm_leader_N80,0.2,predictive,8.0,1.5,0,5.0,closed symmetric acceleration-command pulse,0.1,8,"[1,12,24,35,46,57,69,80]",1.0,jerk_saturation,5.0,-30.0,0,idm,[],60.0,0.2,even,3.402785999197646,15.70082118003802,0.002835654999331372,3.0,gap_lower,9.0,0.41495894099809905,1,5.0,gap_lower,0.5337119637701708,7.2,1,0.2919423223563926,0.0,0.7,1.0,4718f81b2a7d7034,1.0,113,chain_length_boundary_extension,1.0,24.0,20.0,0.06079459780854977,3.012062511933891,0.38158160604803015,272.2228799358117,81
80,8,"[1,12,24,35,46,57,69,80]",0.35,3.0,1.0,even_idm_leader_N80,0.2,margin,8.0,1.5,0,5.0,closed symmetric acceleration-command pulse,0.1,8,"[1,12,24,35,46,57,69,80]",1.0,jerk_saturation,5.0,-30.0,0,idm,[],60.0,0.2,even,4.4417827093216475,16.115330595552763,0.0037014855911013727,3.0,gap_lower,8.8,0.3942334702223619,1,5.0,gap_lower,0.5486383391061478,7.300000000000001,1,0.32756199473345443,0.0,0.7,1.0,473595793044d742,1.0,97,chain_length_boundary_extension,1.0,24.0,20.0,0.09715272914327987,2.1399999999996453,0.47499999999998366,355.3426167457318,81
40,4,"[1,14,27,40]",0.35,3.0,1.0,even_idm_leader_cmd04,0.4,margin,8.0,1.5,0,5.0,closed symmetric acceleration-command pulse,0.1,4,"[1,14,27,40]",1.0,jerk_saturation,5.0,-30.0,0,idm,[],60.0,0.2,even,9.389950927515429,15.979445394536441,0.007824959106262857,3.0,gap_lower,8.700000000000001,0.40102773027317795,1,5.0,gap_lower,0.5399746311901266,7.2,1,0.40319826993269064,0.0,0.7,1.0,4735ced83ae8b9a1,1.0,113,prediction_boundary_extension,1.0,24.0,20.0,0.14506641523786593,2.3662500000145883,0.5749999999999922,375.59803710061715,41
40,4,"[1,14,27,40]",0.35,4.5,1.0,even_idm_leader_d02,0.2,predictive,8.0,1.5,0,5.0,closed symmetric acceleration-command pulse,0.1,4,"[1,14,27,40]",1.0,jerk_saturation,5.0,-45.0,0,idm,[],60.0,0.2,even,13.542814251078301,9.234120354019865,0.01128567854256525,4.5,gap_lower,9.8,0.7382939822990068,1,5.0,gap_lower,0.25002510505065756,8.6,1,0.42038056772066235,0.0,0.7,1.0,49b5cb60bbd638f2,1.0,79,controller_boundary_extension,1.0,24.0,20.0,0.08756530154232119,4.621520241409144,0.6510757293225851,541.712570043132,41
80,8,"[1,12,24,35,46,57,69,80]",0.35,4.0,1.0,even_idm_leader_N80,0.2,margin,8.0,1.5,0,5.0,closed symmetric acceleration-command pulse,0.1,8,"[1,12,24,35,46,57,69,80]",1.0,jerk_saturation,5.0,-40.0,0,idm,[],60.0,0.2,even,6.414345409621478,12.096727966740218,0.0053452878413512315,4.0,gap_lower,9.4,0.5951636016629891,1,5.0,gap_lower,0.37964831986635705,7.5,1,0.35160535875062965,0.0,0.7,1.0,49e56ae9af947405,1.0,97,chain_length_boundary_extension,1.0,24.0,20.0,0.20351639197953236,2.9413257345117927,0.7249999999999979,513.1476327697183,81
40,4,"[1,14,27,40]",0.35,3.0,1.0,even_ovm_leader_d02,0.2,margin,8.0,1.5,0,5.0,closed symmetric acceleration-command pulse,0.1,4,"[1,14,27,40]",8.0,jerk_saturation,5.0,-30.0,0,ovm,[],60.0,0.2,even,19.35308879206385,-6.038343661021884,0.016127573993386542,3.0,gap_lower,56.1,1.5019171830510942,27,5.0,gap_lower,-0.5112840888247809,55.400000000000006,27,2.0554415703854136,0.0,0.7,0.0,4a39725d27c68493,0.0,191,prediction_boundary_extension,0.0,24.0,20.0,2.0,29.10557098411664,6.9801815885737,774.1235516825541,41
40,4,"[1,14,27,40]",0.35,4.5,1.0,even_idm_leader_cmd04,0.4,margin,8.0,1.5,0,5.0,closed symmetric acceleration-command pulse,0.1,4,"[1,14,27,40]",1.0,jerk_saturation,5.0,-45.0,0,idm,[],60.0,0.2,even,14.867334313258826,9.803562163295283,0.012389445261049022,4.5,gap_lower,9.600000000000001,0.7098218918352359,1,5.0,gap_lower,0.2678155360093465,8.4,1,0.4688551225114392,0.0,0.7,1.0,4aaf216f88ed383c,1.0,191,prediction_boundary_extension,1.0,24.0,20.0,0.2330599096135322,3.317033204387087,0.7750000000000021,594.693372530353,41
40,4,"[1,14,27,40]",0.35,3.0,0.0,even_idm_internal8_d02,0.2,margin,8.0,1.5,8,5.0,closed symmetric acceleration-command pulse,0.1,4,"[1,14,27,40]",73.0,jerk_saturation,5.0,-30.0,8,idm,[],60.0,0.2,even,139.06172270786422,-80.20691628201726,0.11588476892322018,4.5,gap_lower,60.0,5.210345814100863,40,5.000000000000004,gap_lower,-4.5337956125907075,59.900000000000006,40,4.444444444444445,3.6038956433057447,0.7,0.0,4b030ad6f3e7b2be,0.0,191,prediction_boundary_extension,0.0,24.0,20.0,4.5,104.20691628201726,20.0,5562.468908314569,41
40,4,"[1,14,27,40]",0.35,3.5,1.0,even_ovm_leader_d02,0.2,margin,8.0,1.5,0,5.0,closed symmetric acceleration-command pulse,0.1,4,"[1,14,27,40]",8.0,jerk_saturation,5.0,-35.0,0,ovm,[],60.0,0.2,even,21.180556905164725,-8.14264518635423,0.01765046408763727,3.5,gap_lower,56.400000000000006,1.6071322593177115,27,5.000000000000002,gap_lower,-0.6149178335325575,55.300000000000004,27,1.8588180408578623,0.0,0.7,0.0,4b9ae946d4256e22,0.0,167,prediction_boundary_extension,0.0,24.0,20.0,2.0,31.658984554740584,7.292705881789701,847.222276206589,41
40,4,"[19,20,21,22]",0.35,4.0,0.0,middle_idm_leader_d02,0.2,margin,8.0,1.5,0,5.0,closed symmetric acceleration-command pulse,0.1,4,"[19,20,21,22]",115.0,jerk_saturation,5.0,-40.0,0,idm,[],60.0,0.2,middle,235.61607695644028,-103.45516182940062,0.19634673079703358,4.5,gap_lower,60.0,6.372758091470031,19,5.000000000000004,gap_lower,-5.544558593852258,59.6,19,3.3333333333333335,0.0010945346940290552,0.7,0.0,4c4205181479e409,0.0,113,layout_boundary_extension,0.0,24.0,20.0,4.5,127.45516182940062,20.0,9424.643078257612,41
40,4,"[1,14,27,40]",0.35,4.0,1.0,even_idm_leader_d02,0.2,predictive,8.0,1.5,0,5.0,closed symmetric acceleration-command pulse,0.1,4,"[1,14,27,40]",1.0,jerk_saturation,5.0,-40.0,0,idm,[],60.0,0.2,even,10.586074319494935,11.555740756002223,0.008821728599579113,4.0,gap_lower,9.5,0.6222129621998889,1,5.0,gap_lower,0.36117558889014545,7.7,1,0.31221111491224046,0.0,0.7,1.0,4cb74b232a50ceab,1.0,29,controller_boundary_extension,1.0,24.0,20.0,0.21679742432669336,3.8627752722984496,0.5962490410861747,423.4429727797974,41
40,4,"[1,14,27,40]",0.35,3.0,1.0,even_idm_leader_cmd0,0.0,margin,8.0,1.5,0,5.0,closed symmetric acceleration-command pulse,0.1,4,"[1,14,27,40]",1.0,jerk_saturation,5.0,-30.0,0,idm,[],60.0,0.2,even,9.038953246771559,16.244003254589472,0.007532461038976299,3.0,gap_lower,8.9,0.38779983727052636,1,5.0,gap_lower,0.5585233928582174,7.1000000000000005,1,0.30553636645261484,0.0,0.7,1.0,4d45d9493afe5086,1.0,131,prediction_boundary_extension,1.0,24.0,20.0,0.1588922109972849,2.637499999999818,0.5427489845905704,361.55812987086233,41
40,4,"[1,14,27,40]",0.35,3.5,1.0,even_idm_leader_cmd0,0.0,margin,8.0,1.5,0,5.0,closed symmetric acceleration-command pulse,0.1,4,"[1,14,27,40]",1.0,jerk_saturation,5.0,-35.0,0,idm,[],60.0,0.2,even,10.818872595336185,14.229133774006897,0.009015727162780155,3.5,gap_lower,9.200000000000001,0.48854331129965517,1,5.0,gap_lower,0.47291523733791047,7.4,1,0.31422773181852615,0.0,0.7,1.0,4f58e0dbeb69948c,1.0,97,prediction_boundary_extension,1.0,24.0,20.0,0.15889224408430636,2.6139525767524674,0.6292729551320875,432.7549038134474,41
40,4,"[1,14,27,40]",0.35,3.5,0.0,even_idm_internal8_d02,0.2,margin,8.0,1.5,8,5.0,closed symmetric acceleration-command pulse,0.1,4,"[1,14,27,40]",78.0,jerk_saturation,5.0,-35.0,8,idm,[],60.0,0.2,even,151.24904459221406,-80.28838710188182,0.12604087049351173,4.5,gap_lower,60.0,5.214419355094091,40,5.000000000000004,gap_lower,-4.53722036364104,59.900000000000006,40,3.8095238095238093,3.091798880700673,0.7,0.0,4f6305e63b50d759,0.0,191,prediction_boundary_extension,0.0,24.0,20.0,4.5,104.28838710188182,20.0,6049.961783688563,41
20,2,"[1,20]",0.35,4.5,1.0,even_idm_leader_N20,0.2,margin,8.0,1.5,0,5.0,closed symmetric acceleration-command pulse,0.1,2,"[1,20]",1.0,jerk_saturation,5.0,-45.0,0,idm,[],60.0,0.2,even,23.470504687908345,9.80848356489821,0.019558753906590287,4.5,gap_lower,9.700000000000001,0.7095758217550895,1,5.0,gap_lower,0.2761419578585306,8.5,1,0.5688233062751977,0.2592584961552557,0.7,1.0,508fba84f92c6fef,1.0,97,chain_length_boundary_extension,1.0,24.0,20.0,0.037569021922127646,2.5137499907295933,0.27503305045364357,469.4100937581669,21
20,2,"[1,20]",0.35,4.5,1.0,even_idm_leader_N20,0.2,predictive,8.0,1.5,0,5.0,closed symmetric acceleration-command pulse,0.1,2,"[1,20]",1.0,jerk_saturation,5.0,-45.0,0,idm,[],60.0,0.2,even,22.156413520507716,9.234120354019865,0.018463677933756428,4.5,jerk,34.300000000000004,0.8161883998694126,19,5.0,gap_lower,0.25002510505065756,8.6,1,0.739722070767015,0.3074017343822901,0.7,1.0,50e8f47b09413f3f,1.0,191,chain_length_boundary_extension,1.0,24.0,20.0,0.02265183666526362,0.3753354962183266,0.14743394243904007,443.1282704101543,21
40,4,"[1,14,27,40]",0.35,4.5,1.0,even_idm_leader_cmd0,0.0,margin,8.0,1.5,0,5.0,closed symmetric acceleration-command pulse,0.1,4,"[1,14,27,40]",1.0,jerk_saturation,5.0,-45.0,0,idm,[],60.0,0.2,even,15.419875084096613,9.934305214609594,0.012849895903413846,4.5,gap_lower,9.700000000000001,0.7032847392695203,1,5.0,gap_lower,0.2878588485332994,8.6,1,0.38594800022639747,0.0,0.7,1.0,51d2265a0483a8a2,1.0,97,prediction_boundary_extension,1.0,24.0,20.0,0.15889229040607555,4.04512556447753,0.7679432419872256,616.7950033638646,41
20,2,"[1,20]",0.35,3.5,1.0,even_idm_leader_N20,0.2,predictive,8.0,1.5,0,5.0,closed symmetric acceleration-command pulse,0.1,2,"[1,20]",1.0,jerk_saturation,5.0,-35.0,0,idm,[],60.0,0.2,even,15.06114009199128,13.674353219536897,0.0125509500766594,3.5,gap_lower,9.200000000000001,0.5162823390231551,1,5.0,gap_lower,0.4486265400618124,7.5,1,0.35438263816783905,0.11904761904757574,0.7,1.0,52a9924ae1c20053,1.0,167,chain_length_boundary_extension,1.0,24.0,20.0,0.038318702103041474,1.5218641335902703,0.30000614521609137,301.2228018398256,21
40,4,"[19,20,21,22]",0.35,4.0,0.0,middle_idm_leader_d02,0.2,margin,8.0,1.5,0,5.0,closed symmetric acceleration-command pulse,0.1,4,"[19,20,21,22]",107.0,jerk_saturation,5.0,-40.0,0,idm,[],60.0,0.2,middle,225.56085587929374,-103.36139406865256,0.18796737989941145,4.5,gap_lower,60.0,6.368069703432628,19,5.000000000000004,gap_lower,-5.541943375991987,59.900000000000006,19,3.3333333333333335,0.0010337922302525726,0.7,0.0,52f9e63dd2551454,0.0,97,layout_boundary_extension,0.0,24.0,20.0,4.5,157.11423049634084,20.0,9022.43423517175,41
40,4,"[37,38,39,40]",0.35,4.0,0.0,rear_idm_leader_d02,0.2,margin,8.0,1.5,0,5.0,closed symmetric acceleration-command pulse,0.1,4,"[37,38,39,40]",142.0,jerk_saturation,5.0,-40.0,0,idm,[],60.0,0.2,rear,329.2695255974792,-58.093405730041866,0.27439127133123264,4.5,gap_lower,60.0,4.104670286502094,37,5.000000000000004,gap_lower,-3.5777752343209053,59.900000000000006,37,3.3333333333333335,0.110417269248081,0.7,0.0,54653d42bee8e4e9,0.0,149,layout_boundary_extension,0.0,24.0,20.0,4.5,153.84789975290278,20.0,13170.781023899168,41
80,8,"[1,12,24,35,46,57,69,80]",0.35,4.5,1.0,even_idm_leader_N80,0.2,predictive,8.0,1.5,0,5.0,closed symmetric acceleration-command pulse,0.1,8,"[1,12,24,35,46,57,69,80]",1.0,jerk_saturation,5.0,-45.0,0,idm,[],60.0,0.2,even,6.538316924866561,9.234120354019865,0.005448597437388801,4.5,gap_lower,9.8,0.7382939822990068,1,5.0,gap_lower,0.25002510505065756,8.6,1,0.4811096263199562,0.0,0.7,1.0,54852cb79cd94fb9,1.0,113,chain_length_boundary_extension,1.0,24.0,20.0,0.06406424752096797,4.59207976845164,0.6249999999999822,523.0653539893249,81
40,4,"[1,14,27,40]",0.35,4.5,1.0,even_idm_leader_d02,0.2,margin,8.0,1.5,0,5.0,closed symmetric acceleration-command pulse,0.1,4,"[1,14,27,40]",1.0,jerk_saturation,5.0,-45.0,0,idm,[],60.0,0.2,even,15.977524575932382,9.80848356489821,0.013314603813276983,4.5,gap_lower,9.700000000000001,0.7095758217550895,1,5.0,gap_lower,0.2761419578585306,8.5,1,0.6473149424383174,0.0,0.7,1.0,5509ea4ab366b5a6,1.0,61,controller_boundary_extension,1.0,24.0,20.0,0.16726962446838362,4.0409705501770645,0.6999999999999851,639.1009830372952,41
80,8,"[1,12,24,35,46,57,69,80]",0.35,4.0,1.0,even_idm_leader_N80,0.2,predictive,8.0,1.5,0,5.0,closed symmetric acceleration-command pulse,0.1,8,"[1,12,24,35,46,57,69,80]",1.0,jerk_saturation,5.0,-40.0,0,idm,[],60.0,0.2,even,4.840020561322089,11.555740756002223,0.004033350467768407,4.0,gap_lower,9.5,0.6222129621998889,1,5.0,gap_lower,0.36117558889014545,7.7,1,0.3149630399712689,0.0,0.7,1.0,564eb48ab8047ceb,1.0,131,chain_length_boundary_extension,1.0,24.0,20.0,0.08478589440220569,3.6614933397034406,0.5524143359461569,387.2016449057671,81
20,2,"[1,20]",0.35,4.0,1.0,even_idm_leader_N20,0.2,margin,8.0,1.5,0,5.0,closed symmetric acceleration-command pulse,0.1,2,"[1,20]",1.0,jerk_saturation,5.0,-40.0,0,idm,[],60.0,0.2,even,19.592994033810964,12.096727966740218,0.016327495028175803,4.0,gap_lower,9.4,0.5951636016629891,1,5.0,gap_lower,0.37964831986635705,7.5,1,0.34773582132436687,0.1666666661522367,0.7,1.0,5653f2f60d654b1e,1.0,97,chain_length_boundary_extension,1.0,24.0,20.0,0.21679742286043824,1.9775000000004184,0.45000002015397556,391.8598806762193,21
40,4,"[37,38,39,40]",0.35,3.5,0.0,rear_idm_leader_d02,0.2,margin,8.0,1.5,0,5.0,closed symmetric acceleration-command pulse,0.1,4,"[37,38,39,40]",142.0,jerk_saturation,5.0,-35.0,0,idm,[],60.0,0.2,rear,325.28050508765466,-58.036835439786024,0.27106708757304554,4.5,gap_lower,60.0,4.101841771989301,37,5.000000000000004,gap_lower,-3.576520579345382,59.900000000000006,37,3.8095238095238093,0.12619116485494972,0.7,0.0,56c9b7fb6dee2a46,0.0,149,layout_boundary_extension,0.0,24.0,20.0,4.5,155.88508574036155,20.0,13011.220203506185,41
40,4,"[1,14,27,40]",0.35,3.0,1.0,even_ovm_leader_d02,0.2,margin,8.0,1.5,0,5.0,closed symmetric acceleration-command pulse,0.1,4,"[1,14,27,40]",5.0,jerk_saturation,5.0,-30.0,0,ovm,[],60.0,0.2,even,16.52437693697643,4.858991965027315,0.013770314114147024,3.8941440994824097,acceleration_upper,54.2,1.0,25,5.0,acceleration_upper,0.0,54.1,25,1.8835865291570093,0.0,0.7,0.0,56f8f25b143098c1,1.0,113,prediction_boundary_extension,0.0,24.0,20.0,2.899081892365766,13.179935432833986,8.476139381206542,660.9750774790572,41
20,2,"[1,20]",0.35,3.0,1.0,even_idm_leader_N20,0.2,predictive,8.0,1.5,0,5.0,closed symmetric acceleration-command pulse,0.1,2,"[1,20]",1.0,jerk_saturation,5.0,-30.0,0,idm,[],60.0,0.2,even,11.84804607012944,15.70082118003802,0.009873371725107867,3.0,gap_lower,9.0,0.41495894099809905,1,5.0,gap_lower,0.5337119637701708,7.2,1,0.2832591331061486,0.09444444444444224,0.7,1.0,579ee1d31aa4340d,1.0,131,chain_length_boundary_extension,1.0,24.0,20.0,0.21679742284252312,1.5576214769698709,0.3291993557106174,236.9609214025888,21
40,4,"[1,14,27,40]",0.35,4.5,1.0,even_idm_leader_cmd0,0.0,margin,8.0,1.5,0,5.0,closed symmetric acceleration-command pulse,0.1,4,"[1,14,27,40]",1.0,jerk_saturation,5.0,-45.0,0,idm,[],60.0,0.2,even,15.935300810236328,9.934305214609594,0.013279417341863607,4.5,gap_lower,9.700000000000001,0.7032847392695203,1,5.0,gap_lower,0.2878588485332994,8.6,1,0.5261853196939386,0.0,0.7,1.0,57db817133e96147,1.0,113,prediction_boundary_extension,1.0,24.0,20.0,0.12208205198137143,4.036759694988461,0.7499999999991438,637.4120324094531,41
40,4,"[1,14,27,40]",0.35,3.0,1.0,even_idm_leader_d02,0.2,predictive,8.0,1.5,0,5.0,closed symmetric acceleration-command pulse,0.1,4,"[1,14,27,40]",1.0,jerk_saturation,5.0,-30.0,0,idm,[],60.0,0.2,even,6.919706537928318,15.70082118003802,0.005766422114940264,3.0,gap_lower,9.0,0.41495894099809905,1,5.0,gap_lower,0.5337119637701708,7.2,1,0.2832591331061486,0.0,0.7,1.0,594a308cace777a9,1.0,47,controller_boundary_extension,1.0,24.0,20.0,0.21679742287917322,2.640690609668809,0.4184875566141031,276.7882615171327,41
40,4,"[1,14,27,40]",0.35,3.5,1.0,even_idm_leader_d02,0.2,margin,8.0,1.5,0,5.0,closed symmetric acceleration-command pulse,0.1,4,"[1,14,27,40]",1.0,jerk_saturation,5.0,-35.0,0,idm,[],60.0,0.2,even,10.642813454960175,14.20792036867158,0.008869011212466813,3.5,gap_lower,9.1,0.489603981566421,1,5.0,gap_lower,0.4666363141647808,7.5,1,0.3376129673180792,0.0,0.7,1.0,59a431df5d5659c3,1.0,29,controller_boundary_extension,1.0,24.0,20.0,0.20351639197953236,2.6408500122939245,0.5861525462286785,425.712538198407,41
40,4,"[1,14,27,40]",0.35,4.0,0.0,even_ovm_leader_d02,0.2,margin,8.0,1.5,0,5.0,closed symmetric acceleration-command pulse,0.1,4,"[1,14,27,40]",20.0,jerk_saturation,5.0,-40.0,0,ovm,[],60.0,0.2,even,40.3787203372795,-39.85235390840546,0.033648933614399586,4.464294387822288,gap_lower,57.300000000000004,3.192617695420273,27,5.0,gap_lower,-2.2079238080079095,56.2,27,2.725698998650531,0.0,0.7,0.0,5af3131ad359fe35,0.0,149,prediction_boundary_extension,0.0,24.0,20.0,3.2391652423848685,63.85235390840546,12.004431779469304,1615.1488134911801,41
40,4,"[1,14,27,40]",0.35,3.5,1.0,even_idm_leader_d02,0.2,margin,8.0,1.5,0,5.0,closed symmetric acceleration-command pulse,0.1,4,"[1,14,27,40]",1.0,jerk_saturation,5.0,-35.0,0,idm,[],60.0,0.2,even,10.945373199610847,14.20792036867158,0.00912114433300904,3.5,gap_lower,9.1,0.489603981566421,1,5.0,gap_lower,0.4666363141647808,7.5,1,0.3376129673180792,0.0,0.7,1.0,5b2c3f615f0ff68e,1.0,97,controller_boundary_extension,1.0,24.0,20.0,0.2167974228425309,2.694684146767827,0.5785413212530877,437.8149279844339,41
40,4,"[37,38,39,40]",0.35,4.5,0.0,rear_idm_leader_d02,0.2,margin,8.0,1.5,0,5.0,closed symmetric acceleration-command pulse,0.1,4,"[37,38,39,40]",143.0,jerk_saturation,5.0,-45.0,0,idm,[],60.0,0.2,rear,333.08709970738903,-58.929403060139954,0.27757258308949084,4.5,gap_lower,60.0,4.146470153006997,37,5.000000000000004,gap_lower,-3.613055378197636,59.900000000000006,37,2.962962962962963,0.10185223444322633,0.7,0.0,5da24fd74736926c,0.0,113,layout_boundary_extension,0.0,24.0,20.0,4.5,114.46305168877825,20.0,13323.48398829556,41
20,2,"[1,20]",0.35,3.0,1.0,even_idm_leader_N20,0.2,predictive,8.0,1.5,0,5.0,closed symmetric acceleration-command pulse,0.1,2,"[1,20]",1.0,jerk_saturation,5.0,-30.0,0,idm,[],60.0,0.2,even,11.857655986031801,15.70082118003802,0.009881379988359834,3.0,gap_lower,9.0,0.41495894099809905,1,5.0,gap_lower,0.5337119637701708,7.2,1,0.2904244336529026,0.0999999999999951,0.7,1.0,5e505c1c68d12970,1.0,113,chain_length_boundary_extension,1.0,24.0,20.0,0.021978138628700884,1.332102824551498,0.30000002821552485,237.15311972063603,21
40,4,"[37,38,39,40]",0.35,4.0,0.0,rear_idm_leader_d02,0.2,margin,8.0,1.5,0,5.0,closed symmetric acceleration-command pulse,0.1,4,"[37,38,39,40]",142.0,jerk_saturation,5.0,-40.0,0,idm,[],60.0,0.2,rear,323.80386879419615,-57.470388609223264,0.2698365573284968,4.5,gap_lower,60.0,4.073519430461163,37,5.000000000000004,gap_lower,-3.5520860851376383,59.900000000000006,37,3.3333333333333335,0.10625084361397974,0.7,0.0,5f33676f367b5464,0.0,167,layout_boundary_extension,0.0,24.0,20.0,4.5,99.27883216241742,20.0,12952.154751767846,41
40,4,"[1,2,3,4]",0.35,3.0,1.0,front_idm_leader_d02,0.2,margin,8.0,1.5,0,5.0,closed symmetric acceleration-command pulse,0.1,4,"[1,2,3,4]",1.0,jerk_saturation,5.0,-30.0,0,idm,[],60.0,0.2,front,9.44454278480355,16.115330595552763,0.007870452320669626,3.0,gap_lower,8.8,0.3942334702223619,1,5.0,gap_lower,0.5486383391061478,7.300000000000001,1,0.32756199473345443,3.8265219315134245e-06,0.7,1.0,6031929a1a53a5cd,1.0,97,layout_boundary_extension,1.0,24.0,20.0,0.20351639197969357,2.302500000000464,0.5885373374540492,377.78171139214203,41
40,4,"[1,14,27,40]",0.35,4.5,0.0,even_ovm_leader_d02,0.2,margin,8.0,1.5,0,5.0,closed symmetric acceleration-command pulse,0.1,4,"[1,14,27,40]",23.0,jerk_saturation,5.0,-45.0,0,ovm,[],60.0,0.2,even,48.96382078871559,-44.93556916129347,0.04080318399059633,4.5,gap_lower,57.900000000000006,3.4467784580646734,27,5.0,gap_lower,-2.4642625914228757,56.800000000000004,27,2.4188688708029535,0.0,0.7,0.0,6121093b628358f1,0.0,191,prediction_boundary_extension,0.0,24.0,20.0,3.292753661185424,68.93556916129347,12.40735252540102,1958.5528315486235,41
20,2,"[1,20]",0.35,3.5,1.0,even_idm_leader_N20,0.2,predictive,8.0,1.5,0,5.0,closed symmetric acceleration-command pulse,0.1,2,"[1,20]",1.0,jerk_saturation,5.0,-35.0,0,idm,[],60.0,0.2,even,14.5833630769997,13.674353219536897,0.012152802564166417,3.5,gap_lower,9.200000000000001,0.5162823390231551,1,5.0,gap_lower,0.4486265400618124,7.5,1,0.29976503313069713,0.09047619047619075,0.7,1.0,614dc20331f17571,1.0,97,chain_length_boundary_extension,1.0,24.0,20.0,0.21679742284252312,2.034855508822261,0.4750000000000014,291.667261539994,21
40,4,"[1,2,3,4]",0.35,3.5,1.0,front_idm_leader_d02,0.2,margin,8.0,1.5,0,5.0,closed symmetric acceleration-command pulse,0.1,4,"[1,2,3,4]",1.0,jerk_saturation,5.0,-35.0,0,idm,[],60.0,0.2,front,11.119312785211298,14.20792036867158,0.009266093987676081,3.5,gap_lower,9.1,0.489603981566421,1,5.0,gap_lower,0.4666363141647808,7.5,1,0.3376129673180792,3.930746875166083e-06,0.7,1.0,63a5d5ab33eed42b,1.0,113,layout_boundary_extension,1.0,24.0,20.0,0.21679742284252312,2.9722802255048464,0.7169062621077877,444.7725114084519,41
80,8,"[1,12,24,35,46,57,69,80]",0.35,3.5,1.0,even_idm_leader_N80,0.2,margin,8.0,1.5,0,5.0,closed symmetric acceleration-command pulse,0.1,8,"[1,12,24,35,46,57,69,80]",1.0,jerk_saturation,5.0,-35.0,0,idm,[],60.0,0.2,even,5.37174262258614,14.20792036867158,0.00447645218548845,3.5,gap_lower,9.1,0.489603981566421,1,5.0,gap_lower,0.4666363141647808,7.5,1,0.3376129673180792,0.0,0.7,1.0,64cbd6a70f7f17ef,1.0,97,chain_length_boundary_extension,1.0,24.0,20.0,0.21679742284252337,2.7108616104583803,0.6516877833842862,429.7394098068912,81
80,8,"[1,12,24,35,46,57,69,80]",0.35,4.5,1.0,even_idm_leader_N80,0.2,predictive,8.0,1.5,0,5.0,closed symmetric acceleration-command pulse,0.1,8,"[1,12,24,35,46,57,69,80]",1.0,jerk_saturation,5.0,-45.0,0,idm,[],60.0,0.2,even,6.194627759435121,9.234120354019865,0.005162189799529268,4.5,gap_lower,9.8,0.7382939822990068,1,5.0,gap_lower,0.25002510505065756,8.6,1,0.3670408776510646,0.0,0.7,1.0,660e80203ee68f4e,1.0,149,chain_length_boundary_extension,1.0,24.0,20.0,0.21679742284254452,4.374784514457019,0.5839412724520585,495.57022075480967,81
40,4,"[1,2,3,4]",0.35,3.5,1.0,front_idm_leader_d02,0.2,margin,8.0,1.5,0,5.0,closed symmetric acceleration-command pulse,0.1,4,"[1,2,3,4]",1.0,jerk_saturation,5.0,-35.0,0,idm,[],60.0,0.2,front,10.03044319427354,14.20792036867158,0.008358702661894616,3.5,gap_lower,9.1,0.489603981566421,1,5.0,gap_lower,0.4666363141647808,7.5,1,0.3376129673180792,1.3700819106956953e-06,0.7,1.0,66b512a562f45870,1.0,191,layout_boundary_extension,1.0,24.0,20.0,0.21679742284252312,2.9722802255048464,0.6420749256163845,401.21772777094156,41
40,4,"[1,14,27,40]",0.35,4.5,1.0,even_idm_leader_d02,0.2,predictive,8.0,1.5,0,5.0,closed symmetric acceleration-command pulse,0.1,4,"[1,14,27,40]",1.0,jerk_saturation,5.0,-45.0,0,idm,[],60.0,0.2,even,13.283165512002347,9.234120354019865,0.01106930459333529,4.5,gap_lower,9.8,0.7382939822990068,1,5.0,gap_lower,0.25002510505065756,8.6,1,0.3803364021182766,0.0,0.7,1.0,66dd58eabf708ac2,1.0,131,controller_boundary_extension,1.0,24.0,20.0,0.2167974228433902,4.585580979132374,0.6833450646618076,531.3266204800939,41
40,4,"[1,14,27,40]",0.35,3.5,1.0,even_idm_leader_d02,0.2,predictive,8.0,1.5,0,5.0,closed symmetric acceleration-command pulse,0.1,4,"[1,14,27,40]",1.0,jerk_saturation,5.0,-35.0,0,idm,[],60.0,0.2,even,9.236886894033582,13.674353219536897,0.007697405745027985,3.5,gap_lower,9.200000000000001,0.5162823390231551,1,5.0,gap_lower,0.4486265400618124,7.5,1,0.3319822420322294,0.0,0.7,1.0,66e9bb443eeff2ee,1.0,11,controller_boundary_extension,1.0,24.0,20.0,0.20351639216838188,3.6252014381312847,0.5282925734903863,369.47547576134326,41
40,4,"[1,14,27,40]",0.35,4.0,1.0,even_idm_leader_cmd04,0.4,margin,8.0,1.5,0,5.0,closed symmetric acceleration-command pulse,0.1,4,"[1,14,27,40]",1.0,jerk_saturation,5.0,-40.0,0,idm,[],60.0,0.2,even,12.84963130272964,11.91771903438439,0.010708026085608034,4.0,gap_lower,9.3,0.6041140482807805,1,5.0,gap_lower,0.3622518128927802,7.6000000000000005,1,0.5027376719352278,0.0,0.7,1.0,6750835b28a5e090,1.0,167,prediction_boundary_extension,1.0,24.0,20.0,0.16563529684168382,2.684278856545916,0.6749999999999794,513.9852521091856,41
40,4,"[1,14,27,40]",0.35,3.0,1.0,even_idm_leader_cmd0,0.0,margin,8.0,1.5,0,5.0,closed symmetric acceleration-command pulse,0.1,4,"[1,14,27,40]",1.0,jerk_saturation,5.0,-30.0,0,idm,[],60.0,0.2,even,8.862283311670755,16.244003254589472,0.007385236093058963,3.0,gap_lower,8.9,0.38779983727052636,1,5.0,gap_lower,0.5585233928582174,7.1000000000000005,1,0.334319912625683,0.0,0.7,1.0,68634488a17482eb,1.0,149,prediction_boundary_extension,1.0,24.0,20.0,0.08166755682425639,2.637499999999818,0.5028828732267527,354.4913324668302,41
40,4,"[1,14,27,40]",0.35,4.0,0.0,even_idm_internal8_d02,0.2,margin,8.0,1.5,8,5.0,closed symmetric acceleration-command pulse,0.1,4,"[1,14,27,40]",79.0,jerk_saturation,5.0,-40.0,8,idm,[],60.0,0.2,even,176.94744828364423,-87.99239824042738,0.14745620690303687,4.5,gap_lower,45.7,5.599619912021369,27,5.000000000000004,gap_lower,-4.617541015456456,59.900000000000006,40,3.3333333333333335,2.7458811411060164,0.7,0.0,69287af4b744d8c6,0.0,97,prediction_boundary_extension,0.0,24.0,20.0,4.5,106.13170158185522,20.0,7077.897931345769,41
80,8,"[1,12,24,35,46,57,69,80]",0.35,4.5,1.0,even_idm_leader_N80,0.2,margin,8.0,1.5,0,5.0,closed symmetric acceleration-command pulse,0.1,8,"[1,12,24,35,46,57,69,80]",1.0,jerk_saturation,5.0,-45.0,0,idm,[],60.0,0.2,even,7.124038023876887,9.80848356489821,0.005936698353230739,4.5,gap_lower,9.700000000000001,0.7095758217550895,1,5.0,gap_lower,0.2761419578585306,8.5,1,0.4175861638275201,0.0,0.7,1.0,69e627de5acfb874,1.0,131,chain_length_boundary_extension,1.0,24.0,20.0,0.10999281305313638,3.4642256031597753,0.6749999999999936,569.9230419101509,81
40,4,"[1,2,3,4]",0.35,4.5,1.0,front_idm_leader_d02,0.2,margin,8.0,1.5,0,5.0,closed symmetric acceleration-command pulse,0.1,4,"[1,2,3,4]",1.0,jerk_saturation,5.0,-45.0,0,idm,[],60.0,0.2,front,13.131238435349314,9.80848356489821,0.010942698696124428,4.5,gap_lower,9.700000000000001,0.7095758217550895,1,5.0,gap_lower,0.2761419578585306,8.5,1,0.3585290750924407,3.524576341731147e-06,0.7,1.0,6a8482a2054bad08,1.0,149,layout_boundary_extension,1.0,24.0,20.0,0.2167974229774156,2.6424917373906283,0.8360209323841801,525.2495374139726,41
40,4,"[1,2,3,4]",0.35,4.5,1.0,front_idm_leader_d02,0.2,margin,8.0,1.5,0,5.0,closed symmetric acceleration-command pulse,0.1,4,"[1,2,3,4]",1.0,jerk_saturation,5.0,-45.0,0,idm,[],60.0,0.2,front,13.56072819357081,9.80848356489821,0.011300606827975675,4.5,gap_lower,9.700000000000001,0.7095758217550895,1,5.0,gap_lower,0.2761419578585306,8.5,1,0.3585290750924407,3.3479129692076875e-06,0.7,1.0,6ad76c7d675c31de,1.0,167,layout_boundary_extension,1.0,24.0,20.0,0.2167974229774156,2.6424917373906283,0.8595899595007879,542.4291277428324,41
40,4,"[1,14,27,40]",0.35,4.0,0.0,even_ovm_leader_d02,0.2,margin,8.0,1.5,0,5.0,closed symmetric acceleration-command pulse,0.1,4,"[1,14,27,40]",22.0,jerk_saturation,5.0,-40.0,0,ovm,[],60.0,0.2,even,40.935174127167734,-42.6466640658428,0.03411264510597311,4.409604916598622,gap_lower,58.2,3.33233320329214,27,5.0,gap_lower,-2.349998355998316,57.0,27,2.70424815589012,0.0,0.7,0.0,6add44a8ce5cd66d,0.0,167,prediction_boundary_extension,0.0,24.0,20.0,2.909447182720373,66.6466640658428,12.427686751034866,1637.4069650867093,41
40,4,"[37,38,39,40]",0.35,4.5,0.0,rear_idm_leader_d02,0.2,margin,8.0,1.5,0,5.0,closed symmetric acceleration-command pulse,0.1,4,"[37,38,39,40]",144.0,jerk_saturation,5.0,-45.0,0,idm,[],60.0,0.2,rear,338.7450977257912,-58.095274875199486,0.28228758143815935,4.5,gap_lower,60.0,4.104763743759975,37,5.000000000000004,gap_lower,-3.5785395410651892,59.900000000000006,37,2.962962962962963,0.098148683776072,0.7,0.0,6c5c9685dafe6e70,0.0,149,layout_boundary_extension,0.0,24.0,20.0,4.5,147.5826248642834,20.0,13549.803909031649,41
20,2,"[1,20]",0.35,3.5,1.0,even_idm_leader_N20,0.2,margin,8.0,1.5,0,5.0,closed symmetric acceleration-command pulse,0.1,2,"[1,20]",1.0,jerk_saturation,5.0,-35.0,0,idm,[],60.0,0.2,even,16.969295600496274,14.20792036867158,0.014141079667080229,3.5,gap_lower,9.1,0.489603981566421,1,5.0,gap_lower,0.4666363141647808,7.5,1,0.42862152117899655,0.20476190032826208,0.7,1.0,6d1a3a2c76682de7,1.0,167,chain_length_boundary_extension,1.0,24.0,20.0,0.028065436553636438,1.9075000000002547,0.2750061452161283,339.3859120099255,21
80,8,"[1,12,24,35,46,57,69,80]",0.35,4.0,1.0,even_idm_leader_N80,0.2,predictive,8.0,1.5,0,5.0,closed symmetric acceleration-command pulse,0.1,8,"[1,12,24,35,46,57,69,80]",1.0,jerk_saturation,5.0,-40.0,0,idm,[],60.0,0.2,even,5.210020735368259,11.555740756002223,0.004341683946140216,4.0,gap_lower,9.5,0.6222129621998889,1,5.0,gap_lower,0.36117558889014545,7.7,1,0.31221111491224046,0.0,0.7,1.0,6db6dc178a013fa6,1.0,97,chain_length_boundary_extension,1.0,24.0,20.0,0.0643041288842278,4.154626832168844,0.5878079068966997,416.80165882946073,81
40,4,"[1,14,27,40]",0.35,3.0,1.0,even_idm_leader_d02,0.2,predictive,8.0,1.5,0,5.0,closed symmetric acceleration-command pulse,0.1,4,"[1,14,27,40]",1.0,jerk_saturation,5.0,-30.0,0,idm,[],60.0,0.2,even,6.716530162957507,15.70082118003802,0.0055971084691312555,3.0,gap_lower,9.0,0.41495894099809905,1,5.0,gap_lower,0.5337119637701708,7.2,1,0.2832591331061486,0.0,0.7,1.0,6de16978f072e005,1.0,29,controller_boundary_extension,1.0,24.0,20.0,0.21679742284379017,2.4979151890395315,0.3958176536681428,268.6612065183003,41
20,2,"[1,20]",0.35,3.5,1.0,even_idm_leader_N20,0.2,margin,8.0,1.5,0,5.0,closed symmetric acceleration-command pulse,0.1,2,"[1,20]",1.0,jerk_saturation,5.0,-35.0,0,idm,[],60.0,0.2,even,16.715012351333627,14.20792036867158,0.013929176959444688,3.5,gap_lower,9.1,0.489603981566421,1,5.0,gap_lower,0.4666363141647808,7.5,1,0.3551408679606195,0.18095237980005846,0.7,1.0,6e51272129235932,1.0,191,chain_length_boundary_extension,1.0,24.0,20.0,0.21679742291134585,1.9075000000002547,0.40000000069676034,334.30024702667254,21
20,2,"[1,20]",0.35,3.0,1.0,even_idm_leader_N20,0.2,margin,8.0,1.5,0,5.0,closed symmetric acceleration-command pulse,0.1,2,"[1,20]",1.0,jerk_saturation,5.0,-30.0,0,idm,[],60.0,0.2,even,13.612284232407438,16.115330595552763,0.011343570193672865,3.0,gap_lower,8.8,0.3942334702223619,1,5.0,gap_lower,0.5486383391061478,7.300000000000001,1,0.32756199473345443,0.1388888888888889,0.7,1.0,6f2b34b3cce99cd4,1.0,131,chain_length_boundary_extension,1.0,24.0,20.0,0.022379860706963545,2.1399999999996453,0.3250168624732197,272.24568464814877,21
80,8,"[1,12,24,35,46,57,69,80]",0.35,3.5,1.0,even_idm_leader_N80,0.2,predictive,8.0,1.5,0,5.0,closed symmetric acceleration-command pulse,0.1,8,"[1,12,24,35,46,57,69,80]",1.0,jerk_saturation,5.0,-35.0,0,idm,[],60.0,0.2,even,4.312232498964034,13.674353219536897,0.003593527082470029,3.5,gap_lower,9.200000000000001,0.5162823390231551,1,5.0,gap_lower,0.4486265400618124,7.5,1,0.3180329441701898,0.0,0.7,1.0,6f9090cd7c566ab6,1.0,113,chain_length_boundary_extension,1.0,24.0,20.0,0.2035163919795547,3.631923847375049,0.4749689742264529,344.9785999171228,81
40,4,"[1,14,27,40]",0.35,3.0,1.0,even_idm_leader_cmd04,0.4,margin,8.0,1.5,0,5.0,closed symmetric acceleration-command pulse,0.1,4,"[1,14,27,40]",1.0,jerk_saturation,5.0,-30.0,0,idm,[],60.0,0.2,even,9.06664058156522,15.979445394536441,0.007555533817971016,3.0,gap_lower,8.700000000000001,0.40102773027317795,1,5.0,gap_lower,0.5399746311901266,7.2,1,0.3643409132088327,0.0,0.7,1.0,6fa1564bf03737b5,1.0,97,prediction_boundary_extension,1.0,24.0,20.0,0.17295354647585334,2.3662500000145883,0.5744346127570985,362.6656232626088,41
40,4,"[19,20,21,22]",0.35,3.5,0.0,middle_idm_leader_d02,0.2,margin,8.0,1.5,0,5.0,closed symmetric acceleration-command pulse,0.1,4,"[19,20,21,22]",114.0,jerk_saturation,5.0,-35.0,0,idm,[],60.0,0.2,middle,230.8908401423052,-103.34200583084449,0.192409033451921,4.5,gap_lower,60.0,6.367100291542224,19,5.000000000000004,gap_lower,-5.534393337811272,59.900000000000006,19,3.8095238095238093,0.0006545805457948615,0.7,0.0,707bc72533c5b7f9,0.0,191,layout_boundary_extension,0.0,24.0,20.0,4.5,127.34200583084449,20.0,9235.633605692208,41
40,4,"[1,14,27,40]",0.35,3.5,0.0,even_idm_internal8_d02,0.2,margin,8.0,1.5,8,5.0,closed symmetric acceleration-command pulse,0.1,4,"[1,14,27,40]",74.0,jerk_saturation,5.0,-35.0,8,idm,[],60.0,0.2,even,161.65750230758118,-85.29662893241823,0.13471458525631763,4.5,gap_lower,45.1,5.464831446620911,27,5.000000000000004,gap_lower,-4.56601338161912,59.900000000000006,40,3.8095238095238093,3.1105464027336285,0.7,0.0,70a99e3c3583ef6e,0.0,167,prediction_boundary_extension,0.0,24.0,20.0,4.5,104.96251096212838,20.0,6466.300092303247,41
40,4,"[1,14,27,40]",0.35,3.0,1.0,even_idm_leader_d02,0.2,predictive,8.0,1.5,0,5.0,closed symmetric acceleration-command pulse,0.1,4,"[1,14,27,40]",1.0,jerk_saturation,5.0,-30.0,0,idm,[],60.0,0.2,even,6.661651410134058,15.70082118003802,0.005551376175111715,3.0,gap_lower,9.0,0.41495894099809905,1,5.0,gap_lower,0.5337119637701708,7.2,1,0.2832591331061486,0.0,0.7,1.0,712f07a73dcf64d3,1.0,167,controller_boundary_extension,1.0,24.0,20.0,0.2167974229388749,2.3512823935330402,0.3901630245339618,266.46605640536234,41
40,4,"[1,14,27,40]",0.35,4.5,1.0,even_idm_leader_cmd0,0.0,margin,8.0,1.5,0,5.0,closed symmetric acceleration-command pulse,0.1,4,"[1,14,27,40]",1.0,jerk_saturation,5.0,-45.0,0,idm,[],60.0,0.2,even,14.002061977479062,9.934305214609594,0.011668384981232552,4.5,gap_lower,9.700000000000001,0.7032847392695203,1,5.0,gap_lower,0.2878588485332994,8.6,1,0.34049871878051857,0.0,0.7,1.0,716ad1dfeabcde72,1.0,191,prediction_boundary_extension,1.0,24.0,20.0,0.1588921773967787,3.356019434993641,0.7575217583364484,560.0824790991625,41
40,4,"[19,20,21,22]",0.35,4.5,0.0,middle_idm_leader_d02,0.2,margin,8.0,1.5,0,5.0,closed symmetric acceleration-command pulse,0.1,4,"[19,20,21,22]",106.0,jerk_saturation,5.0,-45.0,0,idm,[],60.0,0.2,middle,229.66125296834767,-103.33477196599185,0.19138437747362305,4.5,gap_lower,60.0,6.366738598299593,19,5.000000000000004,gap_lower,-5.539154899149175,59.7,19,2.962962962962963,0.0005090707792189901,0.7,0.0,724d55d57106fc96,0.0,191,layout_boundary_extension,0.0,24.0,20.0,4.5,127.33477196599185,20.0,9186.450118733906,41
40,4,"[19,20,21,22]",0.35,4.5,0.0,middle_idm_leader_d02,0.2,margin,8.0,1.5,0,5.0,closed symmetric acceleration-command pulse,0.1,4,"[19,20,21,22]",107.0,jerk_saturation,5.0,-45.0,0,idm,[],60.0,0.2,middle,230.8230560474131,-103.3320870861836,0.19235254670617757,4.5,gap_lower,60.0,6.36660435430918,19,5.000000000000004,gap_lower,-5.540706140230716,59.900000000000006,19,2.962962962962963,0.0009189264268906493,0.7,0.0,73023363e5d065ce,0.0,97,layout_boundary_extension,0.0,24.0,20.0,4.5,153.71284005590053,20.0,9232.922241896524,41
40,4,"[19,20,21,22]",0.35,4.5,0.0,middle_idm_leader_d02,0.2,margin,8.0,1.5,0,5.0,closed symmetric acceleration-command pulse,0.1,4,"[19,20,21,22]",105.0,jerk_saturation,5.0,-45.0,0,idm,[],60.0,0.2,middle,230.33461958861318,-103.4122491847963,0.1919455163238443,4.5,gap_lower,60.0,6.370612459239815,19,5.000000000000004,gap_lower,-5.540676689213816,59.900000000000006,19,2.962962962962963,0.0009727729771245524,0.7,0.0,731611d156372066,0.0,113,layout_boundary_extension,0.0,24.0,20.0,4.5,127.4122491847963,20.0,9213.384783544527,41
40,4,"[1,14,27,40]",0.35,3.0,1.0,even_idm_leader_cmd0,0.0,margin,8.0,1.5,0,5.0,closed symmetric acceleration-command pulse,0.1,4,"[1,14,27,40]",1.0,jerk_saturation,5.0,-30.0,0,idm,[],60.0,0.2,even,8.233180296151115,16.244003254589472,0.00686098358012593,3.0,gap_lower,8.9,0.38779983727052636,1,5.0,gap_lower,0.5585233928582174,7.1000000000000005,1,0.30553636645261484,0.0,0.7,1.0,7351f94039a1348a,1.0,191,prediction_boundary_extension,1.0,24.0,20.0,0.1588923552565524,2.637499999999818,0.4887298276924845,329.32721184604463,41
40,4,"[37,38,39,40]",0.35,3.0,0.0,rear_idm_leader_d02,0.2,margin,8.0,1.5,0,5.0,closed symmetric acceleration-command pulse,0.1,4,"[37,38,39,40]",139.0,jerk_saturation,5.0,-30.0,0,idm,[],60.0,0.2,rear,306.4111257760036,-58.475562988846846,0.2553426048133363,4.5,gap_lower,60.0,4.123778149442343,37,5.000000000000004,gap_lower,-3.594786178563647,59.900000000000006,37,4.444444444444445,0.147223025664108,0.7,0.0,75566bcb325a5b16,0.0,113,layout_boundary_extension,0.0,24.0,20.0,4.5,116.97816386705051,20.0,12256.445031040143,41
40,4,"[37,38,39,40]",0.35,3.5,0.0,rear_idm_leader_d02,0.2,margin,8.0,1.5,0,5.0,closed symmetric acceleration-command pulse,0.1,4,"[37,38,39,40]",141.0,jerk_saturation,5.0,-35.0,0,idm,[],60.0,0.2,rear,319.75813055556165,-57.29736731147531,0.26646510879630136,4.5,gap_lower,60.0,4.064868365573766,37,5.000000000000004,gap_lower,-3.544917701001443,59.900000000000006,37,3.8095238095238093,0.12142953555883398,0.7,0.0,75cb550e64443240,0.0,167,layout_boundary_extension,0.0,24.0,20.0,4.5,95.05280939592478,20.0,12790.325222222466,41
20,2,"[1,20]",0.35,3.5,1.0,even_idm_leader_N20,0.2,predictive,8.0,1.5,0,5.0,closed symmetric acceleration-command pulse,0.1,2,"[1,20]",1.0,jerk_saturation,5.0,-35.0,0,idm,[],60.0,0.2,even,14.898545066856656,13.674353219536897,0.012415454222380546,3.5,gap_lower,9.200000000000001,0.5162823390231551,1,5.0,gap_lower,0.4486265400618124,7.5,1,0.31089025946328824,0.10952380952380872,0.7,1.0,772714f2b8ac0450,1.0,191,chain_length_boundary_extension,1.0,24.0,20.0,0.15485530205545484,1.5444208094911573,0.3137138255138545,297.9709013371331,21
20,2,"[1,20]",0.35,3.0,1.0,even_idm_leader_N20,0.2,margin,8.0,1.5,0,5.0,closed symmetric acceleration-command pulse,0.1,2,"[1,20]",1.0,jerk_saturation,5.0,-30.0,0,idm,[],60.0,0.2,even,13.569634480643384,16.115330595552763,0.011308028733869487,3.0,gap_lower,8.8,0.3942334702223619,1,5.0,gap_lower,0.5486383391061478,7.300000000000001,1,0.34265290753674627,0.14444444444444018,0.7,1.0,7763098fec9641b1,1.0,191,chain_length_boundary_extension,1.0,24.0,20.0,0.02269886929646731,2.1399999999996453,0.3250015996501503,271.3926896128677,21
40,4,"[1,14,27,40]",0.35,3.5,1.0,even_idm_leader_d02,0.2,predictive,8.0,1.5,0,5.0,closed symmetric acceleration-command pulse,0.1,4,"[1,14,27,40]",1.0,jerk_saturation,5.0,-35.0,0,idm,[],60.0,0.2,even,8.068118634801973,13.674353219536897,0.00672343219566831,3.5,gap_lower,9.200000000000001,0.5162823390231551,1,5.0,gap_lower,0.4486265400618124,7.5,1,0.29976503313069713,0.0,0.7,1.0,7779d00a1343c6d7,1.0,191,controller_boundary_extension,1.0,24.0,20.0,0.21679742286870177,2.577707362739204,0.4552372076022486,322.7247453920789,41
40,4,"[1,14,27,40]",0.35,3.0,1.0,even_idm_leader_d02,0.2,predictive,8.0,1.5,0,5.0,closed symmetric acceleration-command pulse,0.1,4,"[1,14,27,40]",1.0,jerk_saturation,5.0,-30.0,0,idm,[],60.0,0.2,even,6.832327962489677,15.70082118003802,0.005693606635408064,3.0,gap_lower,9.0,0.41495894099809905,1,5.0,gap_lower,0.5337119637701708,7.2,1,0.3013320713538634,0.0,0.7,1.0,77db9100ba667024,1.0,3,controller_boundary_extension,1.0,24.0,20.0,0.21679742285206344,2.544592935314995,0.4180004912183719,273.2931184995871,41
40,4,"[1,14,27,40]",0.35,4.5,1.0,even_idm_leader_cmd04,0.4,margin,8.0,1.5,0,5.0,closed symmetric acceleration-command pulse,0.1,4,"[1,14,27,40]",5.0,jerk_saturation,5.0,-45.0,0,idm,[],60.0,0.2,even,21.051469574569087,5.857183573455018,0.017542891312140905,4.5,jerk,24.0,1.0,12,5.0,acceleration_lower,0.0,24.6,13,1.0439508023598645,0.0,0.7,0.0,780bffdcdd105ba8,1.0,167,prediction_boundary_extension,0.0,24.0,20.0,1.4685403738788294,4.6681504580037085,2.7092021661822017,842.0587829827634,41
40,4,"[1,14,27,40]",0.35,3.0,1.0,even_idm_leader_d02,0.2,margin,8.0,1.5,0,5.0,closed symmetric acceleration-command pulse,0.1,4,"[1,14,27,40]",1.0,jerk_saturation,5.0,-30.0,0,idm,[],60.0,0.2,even,8.843679325808903,16.115330595552763,0.00736973277150742,3.0,gap_lower,8.8,0.3942334702223619,1,5.0,gap_lower,0.5486383391061478,7.300000000000001,1,0.3619643872754337,0.0,0.7,1.0,788b2224cee4d241,1.0,149,controller_boundary_extension,1.0,24.0,20.0,0.09878726859938805,2.1399999999996453,0.46823521491130293,353.74717303235616,41
40,4,"[1,14,27,40]",0.35,3.5,1.0,even_idm_leader_d02,0.2,predictive,8.0,1.5,0,5.0,closed symmetric acceleration-command pulse,0.1,4,"[1,14,27,40]",1.0,jerk_saturation,5.0,-35.0,0,idm,[],60.0,0.2,even,8.8846920031221,13.674353219536897,0.007403910002601749,3.5,gap_lower,9.200000000000001,0.5162823390231551,1,5.0,gap_lower,0.4486265400618124,7.5,1,0.30312353927378544,0.0,0.7,1.0,78d7a7d164dedabf,1.0,79,controller_boundary_extension,1.0,24.0,20.0,0.15485530203053488,3.372441468610873,0.5165056740756953,355.38768012488396,41
40,4,"[1,14,27,40]",0.35,4.0,1.0,even_idm_leader_d02,0.2,predictive,8.0,1.5,0,5.0,closed symmetric acceleration-command pulse,0.1,4,"[1,14,27,40]",1.0,jerk_saturation,5.0,-40.0,0,idm,[],60.0,0.2,even,10.803630747309843,11.555740756002223,0.009003025622758202,4.0,gap_lower,9.5,0.6222129621998889,1,5.0,gap_lower,0.36117558889014545,7.7,1,0.31730689092012554,0.0,0.7,1.0,794aee54ffc5a6ed,1.0,47,controller_boundary_extension,1.0,24.0,20.0,0.21679742432669452,3.9293192860001795,0.6084629515288036,432.1452298923937,41
80,8,"[1,12,24,35,46,57,69,80]",0.35,4.5,1.0,even_idm_leader_N80,0.2,predictive,8.0,1.5,0,5.0,closed symmetric acceleration-command pulse,0.1,8,"[1,12,24,35,46,57,69,80]",1.0,jerk_saturation,5.0,-45.0,0,idm,[],60.0,0.2,even,6.726310941177798,9.234120354019865,0.005605259117648164,4.5,gap_lower,9.8,0.7382939822990068,1,5.0,gap_lower,0.25002510505065756,8.6,1,0.4785428084257417,0.0,0.7,1.0,79d381db0ba38529,1.0,167,chain_length_boundary_extension,1.0,24.0,20.0,0.0656312071889612,4.685049013473872,0.6749999999999972,538.1048752942238,81
40,4,"[1,14,27,40]",0.35,3.0,1.0,even_idm_leader_d02,0.2,margin,8.0,1.5,0,5.0,closed symmetric acceleration-command pulse,0.1,4,"[1,14,27,40]",1.0,jerk_saturation,5.0,-30.0,0,idm,[],60.0,0.2,even,8.959062387259369,16.115330595552763,0.007465885322716141,3.0,gap_lower,8.8,0.3942334702223619,1,5.0,gap_lower,0.5486383391061478,7.300000000000001,1,0.32756199473345443,0.0,0.7,1.0,79ff07b9af09aa4e,1.0,131,controller_boundary_extension,1.0,24.0,20.0,0.21679742284718656,2.1399999999996453,0.5251695210582845,358.3624954903748,41
40,4,"[1,14,27,40]",0.35,4.5,1.0,even_idm_leader_cmd0,0.0,margin,8.0,1.5,0,5.0,closed symmetric acceleration-command pulse,0.1,4,"[1,14,27,40]",1.0,jerk_saturation,5.0,-45.0,0,idm,[],60.0,0.2,even,15.344689430416219,9.934305214609594,0.012787241192013516,4.5,gap_lower,9.700000000000001,0.7032847392695203,1,5.0,gap_lower,0.2878588485332994,8.6,1,0.3871954057982026,0.0,0.7,1.0,7a004cd8e2d83564,1.0,131,prediction_boundary_extension,1.0,24.0,20.0,0.15889275110452128,3.935517007550402,0.7928779151026148,613.7875772166487,41
40,4,"[1,14,27,40]",0.35,3.5,1.0,even_idm_leader_d02,0.2,predictive,8.0,1.5,0,5.0,closed symmetric acceleration-command pulse,0.1,4,"[1,14,27,40]",1.0,jerk_saturation,5.0,-35.0,0,idm,[],60.0,0.2,even,8.715590304932627,13.674353219536897,0.007262991920777189,3.5,gap_lower,9.200000000000001,0.5162823390231551,1,5.0,gap_lower,0.4486265400618124,7.5,1,0.3175881623195685,0.0,0.7,1.0,7a2c3f29890122b1,1.0,3,controller_boundary_extension,1.0,24.0,20.0,0.0821465838266728,3.1412219108809722,0.49708523272331817,348.6236121973051,41
40,4,"[1,2,3,4]",0.35,3.5,1.0,front_idm_leader_d02,0.2,margin,8.0,1.5,0,5.0,closed symmetric acceleration-command pulse,0.1,4,"[1,2,3,4]",1.0,jerk_saturation,5.0,-35.0,0,idm,[],60.0,0.2,front,10.871174358178852,14.20792036867158,0.009059311965149044,3.5,gap_lower,9.1,0.489603981566421,1,5.0,gap_lower,0.4666363141647808,7.5,1,0.3376129673180792,3.8099207097545897e-06,0.7,1.0,7a6b59cc5c2d55d4,1.0,97,layout_boundary_extension,1.0,24.0,20.0,0.21679742284252312,2.9722802255048464,0.7025408678170955,434.8469743271541,41
40,4,"[1,14,27,40]",0.35,3.5,1.0,even_idm_leader_d02,0.2,margin,8.0,1.5,0,5.0,closed symmetric acceleration-command pulse,0.1,4,"[1,14,27,40]",1.0,jerk_saturation,5.0,-35.0,0,idm,[],60.0,0.2,even,10.834853404966303,14.20792036867158,0.009029044504138585,3.5,gap_lower,9.1,0.489603981566421,1,5.0,gap_lower,0.4666363141647808,7.5,1,0.38526382712865576,0.0,0.7,1.0,7a6e0be57ac6ecb1,1.0,149,controller_boundary_extension,1.0,24.0,20.0,0.10506542182524496,2.1937008908323037,0.538850504414981,433.3941361986521,41
20,2,"[1,20]",0.35,4.0,1.0,even_idm_leader_N20,0.2,margin,8.0,1.5,0,5.0,closed symmetric acceleration-command pulse,0.1,2,"[1,20]",1.0,jerk_saturation,5.0,-40.0,0,idm,[],60.0,0.2,even,20.1065090102101,12.096727966740218,0.016755424175175084,4.0,gap_lower,9.4,0.5951636016629891,1,5.0,gap_lower,0.37964831986635705,7.5,1,0.5230959801715939,0.24583325293758782,0.7,1.0,7bee87bbba08192e,1.0,191,chain_length_boundary_extension,1.0,24.0,20.0,0.21679742284933762,1.9775000000004184,0.3250000005194451,402.130180204202,21
40,4,"[1,14,27,40]",0.35,4.0,1.0,even_idm_leader_d02,0.2,margin,8.0,1.5,0,5.0,closed symmetric acceleration-command pulse,0.1,4,"[1,14,27,40]",1.0,jerk_saturation,5.0,-40.0,0,idm,[],60.0,0.2,even,13.11634342937287,12.096727966740218,0.010930286191144058,4.0,gap_lower,9.4,0.5951636016629891,1,5.0,gap_lower,0.37964831986635705,7.5,1,0.36961068093663485,0.0,0.7,1.0,7c418b372c2d8dfd,1.0,97,controller_boundary_extension,1.0,24.0,20.0,0.15723929397033778,3.120811077152325,0.676640849675227,524.6537371749148,41
20,2,"[1,20]",0.35,4.5,1.0,even_idm_leader_N20,0.2,predictive,8.0,1.5,0,5.0,closed symmetric acceleration-command pulse,0.1,2,"[1,20]",1.0,jerk_saturation,5.0,-45.0,0,idm,[],60.0,0.2,even,22.070314181157386,9.234120354019865,0.018391928484297822,4.5,jerk,34.2,0.9694147999952802,19,5.0,acceleration_lower,0.23741022502943546,33.4,19,0.7620667292973969,0.29257689118118385,0.7,1.0,7dcacdc9448094c9,1.0,149,chain_length_boundary_extension,1.0,24.0,20.0,0.12244897959200501,0.3970283595033379,0.2000000007272611,441.4062836231477,21
20,2,"[1,20]",0.35,4.0,1.0,even_idm_leader_N20,0.2,predictive,8.0,1.5,0,5.0,closed symmetric acceleration-command pulse,0.1,2,"[1,20]",1.0,jerk_saturation,5.0,-40.0,0,idm,[],60.0,0.2,even,18.081529518724714,11.555740756002223,0.015067941265603927,4.0,gap_lower,9.5,0.6222129621998889,1,5.0,gap_lower,0.36117558889014545,7.7,1,0.34884381237166967,0.13749999999977605,0.7,1.0,7dd553d77cd1e45f,1.0,191,chain_length_boundary_extension,1.0,24.0,20.0,0.02438335924508914,1.644452929227441,0.3036725679391168,361.63059037449426,21
40,4,"[1,14,27,40]",0.35,3.0,0.0,even_idm_internal8_d02,0.2,margin,8.0,1.5,8,5.0,closed symmetric acceleration-command pulse,0.1,4,"[1,14,27,40]",68.0,jerk_saturation,5.0,-30.0,8,idm,[],60.0,0.2,even,132.91350485230635,-80.51678002353856,0.11076125404358862,4.5,gap_lower,60.0,5.225839001176928,40,5.000000000000004,gap_lower,-4.3855921490354435,59.5,40,4.444444444444445,3.6032536291729595,0.7,0.0,7ddaca390bf416ed,0.0,149,prediction_boundary_extension,0.0,24.0,20.0,4.5,104.51678002353856,20.0,5316.540194092254,41
40,4,"[19,20,21,22]",0.35,3.5,0.0,middle_idm_leader_d02,0.2,margin,8.0,1.5,0,5.0,closed symmetric acceleration-command pulse,0.1,4,"[19,20,21,22]",102.0,jerk_saturation,5.0,-35.0,0,idm,[],60.0,0.2,middle,217.46968997130838,-103.33495461061669,0.18122474164275698,4.5,gap_lower,60.0,6.366747730530834,19,5.000000000000004,gap_lower,-5.538374912764646,59.6,19,3.8095238095238093,0.0011814520964829203,0.7,0.0,7f02c98e2d22a319,0.0,97,layout_boundary_extension,0.0,24.0,20.0,4.5,156.80137600968874,20.0,8698.787598852336,41
40,4,"[1,14,27,40]",0.35,4.0,1.0,even_idm_leader_cmd0,0.0,margin,8.0,1.5,0,5.0,closed symmetric acceleration-command pulse,0.1,4,"[1,14,27,40]",1.0,jerk_saturation,5.0,-40.0,0,idm,[],60.0,0.2,even,12.860425117575947,12.173968247974898,0.010717020931313288,4.0,gap_lower,9.4,0.5913015876012551,1,5.0,gap_lower,0.39184599186182983,7.7,1,0.376593921846809,0.0,0.7,1.0,7f194940c067ea07,1.0,149,prediction_boundary_extension,1.0,24.0,20.0,0.1588921282798834,3.0227486850642435,0.6285377180497953,514.4170047030378,41
40,4,"[1,14,27,40]",0.35,3.0,0.0,even_idm_internal8_d02,0.2,margin,8.0,1.5,8,5.0,closed symmetric acceleration-command pulse,0.1,4,"[1,14,27,40]",70.0,jerk_saturation,5.0,-30.0,8,idm,[],60.0,0.2,even,137.613500494958,-80.35871050809669,0.11467791707913166,4.5,gap_lower,60.0,5.217935525404835,40,5.000000000000004,gap_lower,-4.540447827669582,59.900000000000006,40,4.444444444444445,3.6061353865494965,0.7,0.0,80e0b3a93aba5dc8,0.0,167,prediction_boundary_extension,0.0,24.0,20.0,4.5,104.35871050809669,20.0,5504.54001979832,41
40,4,"[1,14,27,40]",0.35,3.5,1.0,even_idm_leader_cmd0,0.0,margin,8.0,1.5,0,5.0,closed symmetric acceleration-command pulse,0.1,4,"[1,14,27,40]",1.0,jerk_saturation,5.0,-35.0,0,idm,[],60.0,0.2,even,10.347675856236568,14.229133774006897,0.008623063213530475,3.5,gap_lower,9.200000000000001,0.48854331129965517,1,5.0,gap_lower,0.47291523733791047,7.4,1,0.31422773181852615,0.0,0.7,1.0,81e0b8d5e30e8493,1.0,167,prediction_boundary_extension,1.0,24.0,20.0,0.15889214366006066,2.4862499999976535,0.5779455904319093,413.90703424946275,41
40,4,"[1,14,27,40]",0.35,3.0,1.0,even_idm_leader_d02,0.2,margin,8.0,1.5,0,5.0,closed symmetric acceleration-command pulse,0.1,4,"[1,14,27,40]",1.0,jerk_saturation,5.0,-30.0,0,idm,[],60.0,0.2,even,9.33559969023492,16.115330595552763,0.0077796664085291005,3.0,gap_lower,8.8,0.3942334702223619,1,5.0,gap_lower,0.5486383391061478,7.300000000000001,1,0.36322049410108703,0.0,0.7,1.0,83d33f472d8af503,1.0,11,controller_boundary_extension,1.0,24.0,20.0,0.20351639197956234,2.256727958211627,0.5139377924973587,373.4239876093968,41
40,4,"[1,14,27,40]",0.35,3.0,1.0,even_idm_leader_d02,0.2,predictive,8.0,1.5,0,5.0,closed symmetric acceleration-command pulse,0.1,4,"[1,14,27,40]",1.0,jerk_saturation,5.0,-30.0,0,idm,[],60.0,0.2,even,7.299611461060964,15.70082118003802,0.006083009550884136,3.0,gap_lower,9.0,0.41495894099809905,1,5.0,gap_lower,0.5337119637701708,7.2,1,0.3037714749954432,0.0,0.7,1.0,84d5445d0323b4cb,1.0,11,controller_boundary_extension,1.0,24.0,20.0,0.08575924408853591,2.935998878649002,0.4361975644278999,291.98445844243855,41
40,4,"[1,14,27,40]",0.35,4.0,0.0,even_idm_internal8_d02,0.2,margin,8.0,1.5,8,5.0,closed symmetric acceleration-command pulse,0.1,4,"[1,14,27,40]",80.0,jerk_saturation,5.0,-40.0,8,idm,[],60.0,0.2,even,164.50084130926274,-85.516132486103,0.1370840344243856,4.5,gap_lower,45.2,5.47580662430515,27,5.000000000000004,gap_lower,-4.541191654144862,59.800000000000004,40,3.3333333333333335,2.7149762696298883,0.7,0.0,85752bbf0002bac2,0.0,149,prediction_boundary_extension,0.0,24.0,20.0,4.5,104.74945959608766,20.0,6580.033652370509,41
40,4,"[1,14,27,40]",0.35,3.5,1.0,even_idm_leader_cmd04,0.4,margin,8.0,1.5,0,5.0,closed symmetric acceleration-command pulse,0.1,4,"[1,14,27,40]",1.0,jerk_saturation,5.0,-35.0,0,idm,[],60.0,0.2,even,11.103631134867804,14.05906780402114,0.00925302594572317,3.5,gap_lower,9.0,0.497046609798943,1,5.0,gap_lower,0.4527388364141952,7.300000000000001,1,0.37268313952010873,0.0,0.7,1.0,85a432093da0c62d,1.0,131,prediction_boundary_extension,1.0,24.0,20.0,0.2330599096135322,2.1361336541893934,0.5749999999999922,444.14524539471216,41
40,4,"[1,14,27,40]",0.35,4.0,1.0,even_idm_leader_d02,0.2,margin,8.0,1.5,0,5.0,closed symmetric acceleration-command pulse,0.1,4,"[1,14,27,40]",1.0,jerk_saturation,5.0,-40.0,0,idm,[],60.0,0.2,even,12.970042709546533,12.096727966740218,0.01080836892462211,4.0,gap_lower,9.4,0.5951636016629891,1,5.0,gap_lower,0.37964831986635705,7.5,1,0.3885064918189271,0.0,0.7,1.0,85aee09e7f3b769b,1.0,3,controller_boundary_extension,1.0,24.0,20.0,0.15983073410732251,3.110147213893754,0.6749999629180898,518.8017083818613,41
40,4,"[1,14,27,40]",0.35,4.0,1.0,even_idm_leader_d02,0.2,predictive,8.0,1.5,0,5.0,closed symmetric acceleration-command pulse,0.1,4,"[1,14,27,40]",1.0,jerk_saturation,5.0,-40.0,0,idm,[],60.0,0.2,even,11.24120426486796,11.555740756002223,0.0093676702207233,4.0,gap_lower,9.5,0.6222129621998889,1,5.0,gap_lower,0.36117558889014545,7.7,1,0.38913415376093674,0.0,0.7,1.0,85b5af455e6d7b47,1.0,113,controller_boundary_extension,1.0,24.0,20.0,0.15485530213094312,3.9827964038417463,0.5635589069712488,449.6481705947184,41
20,2,"[1,20]",0.35,3.0,1.0,even_idm_leader_N20,0.2,predictive,8.0,1.5,0,5.0,closed symmetric acceleration-command pulse,0.1,2,"[1,20]",1.0,jerk_saturation,5.0,-30.0,0,idm,[],60.0,0.2,even,11.868598471656828,15.70082118003802,0.00989049872638069,3.0,gap_lower,9.0,0.41495894099809905,1,5.0,gap_lower,0.5337119637701708,7.2,1,0.28659385393748316,0.0944444444444375,0.7,1.0,864e44a21e085bca,1.0,149,chain_length_boundary_extension,1.0,24.0,20.0,0.02246615784656298,1.4363100163313902,0.2753483963438086,237.37196943313654,21
40,4,"[1,14,27,40]",0.35,4.0,1.0,even_idm_leader_d02,0.2,margin,8.0,1.5,0,5.0,closed symmetric acceleration-command pulse,0.1,4,"[1,14,27,40]",1.0,jerk_saturation,5.0,-40.0,0,idm,[],60.0,0.2,even,13.052691257500811,12.096727966740218,0.010877242714584009,4.0,gap_lower,9.4,0.5951636016629891,1,5.0,gap_lower,0.37964831986635705,7.5,1,0.3710487249127515,0.0,0.7,1.0,87b474168f5e8726,1.0,131,controller_boundary_extension,1.0,24.0,20.0,0.12394690167635022,2.9978201003427216,0.6766849422973387,522.1076503000324,41
40,4,"[1,14,27,40]",0.35,3.0,1.0,even_idm_leader_cmd0,0.0,margin,8.0,1.5,0,5.0,closed symmetric acceleration-command pulse,0.1,4,"[1,14,27,40]",1.0,jerk_saturation,5.0,-30.0,0,idm,[],60.0,0.2,even,8.964053026522526,16.244003254589472,0.007470044188768772,3.0,gap_lower,8.9,0.38779983727052636,1,5.0,gap_lower,0.5585233928582174,7.1000000000000005,1,0.30553636645261484,0.0,0.7,1.0,888f93899dd3ca15,1.0,97,prediction_boundary_extension,1.0,24.0,20.0,0.1170132465432765,2.637499999999818,0.5304867592648108,358.56212106090106,41
40,4,"[1,14,27,40]",0.35,4.0,1.0,even_idm_leader_d02,0.2,predictive,8.0,1.5,0,5.0,closed symmetric acceleration-command pulse,0.1,4,"[1,14,27,40]",1.0,jerk_saturation,5.0,-40.0,0,idm,[],60.0,0.2,even,10.806315407375143,11.555740756002223,0.009005262839479286,4.0,gap_lower,9.5,0.6222129621998889,1,5.0,gap_lower,0.36117558889014545,7.7,1,0.3565130504665846,0.0,0.7,1.0,893ed1aa02f783c3,1.0,61,controller_boundary_extension,1.0,24.0,20.0,0.20351639197954013,3.646941233398252,0.5195650548567201,432.25261629500574,41
40,4,"[1,14,27,40]",0.35,3.0,1.0,even_ovm_leader_d02,0.2,margin,8.0,1.5,0,5.0,closed symmetric acceleration-command pulse,0.1,4,"[1,14,27,40]",11.0,jerk_saturation,5.0,-30.0,0,ovm,[],60.0,0.2,even,25.44409803199307,-20.352184862492606,0.021203415026660895,3.0,gap_lower,57.400000000000006,2.21760924312463,27,5.0,gap_lower,-1.229691480087442,56.2,27,2.692227274861935,0.0,0.7,0.0,8944a026b373d55d,0.0,131,prediction_boundary_extension,0.0,24.0,20.0,2.4209923785864387,44.35218486249261,9.180988312096552,1017.7639212797229,41
80,8,"[1,12,24,35,46,57,69,80]",0.35,4.5,1.0,even_idm_leader_N80,0.2,margin,8.0,1.5,0,5.0,closed symmetric acceleration-command pulse,0.1,8,"[1,12,24,35,46,57,69,80]",1.0,jerk_saturation,5.0,-45.0,0,idm,[],60.0,0.2,even,7.4044426847575195,9.80848356489821,0.006170368903964599,4.5,gap_lower,9.700000000000001,0.7095758217550895,1,5.0,gap_lower,0.2761419578585306,8.5,1,0.4426236510931569,0.0,0.7,1.0,896891f206f741da,1.0,149,chain_length_boundary_extension,1.0,24.0,20.0,0.2378999354382373,3.11245456838833,0.75,592.3554147806016,81
20,2,"[1,20]",0.35,3.0,1.0,even_idm_leader_N20,0.2,predictive,8.0,1.5,0,5.0,closed symmetric acceleration-command pulse,0.1,2,"[1,20]",1.0,jerk_saturation,5.0,-30.0,0,idm,[],60.0,0.2,even,11.936370069815181,15.70082118003802,0.009946975058179318,3.0,gap_lower,9.0,0.41495894099809905,1,5.0,gap_lower,0.5337119637701708,7.2,1,0.31943015696503824,0.0999999999999951,0.7,1.0,89e0bbefbf007e26,1.0,167,chain_length_boundary_extension,1.0,24.0,20.0,0.020494950820256673,1.353956719058374,0.30000007742345147,238.72740139630363,21
80,8,"[1,12,24,35,46,57,69,80]",0.35,4.0,1.0,even_idm_leader_N80,0.2,predictive,8.0,1.5,0,5.0,closed symmetric acceleration-command pulse,0.1,8,"[1,12,24,35,46,57,69,80]",1.0,jerk_saturation,5.0,-40.0,0,idm,[],60.0,0.2,even,5.106534075547583,11.555740756002223,0.004255445062956319,4.0,gap_lower,9.5,0.6222129621998889,1,5.0,gap_lower,0.36117558889014545,7.7,1,0.32269298023020454,0.0,0.7,1.0,8c1fa0fade03609b,1.0,191,chain_length_boundary_extension,1.0,24.0,20.0,0.06603744197139108,3.996983760528394,0.5797233447407102,408.52272604380664,81
40,4,"[37,38,39,40]",0.35,4.5,0.0,rear_idm_leader_d02,0.2,margin,8.0,1.5,0,5.0,closed symmetric acceleration-command pulse,0.1,4,"[37,38,39,40]",143.0,jerk_saturation,5.0,-45.0,0,idm,[],60.0,0.2,rear,331.0160955322359,-55.28549465194668,0.27584674627686323,4.5,gap_lower,60.0,3.964274732597334,37,5.000000000000004,gap_lower,-3.451502913321902,59.900000000000006,37,2.962962962962963,0.08333539100156516,0.7,0.0,8de0c21cfaeaecd2,0.0,191,layout_boundary_extension,0.0,24.0,20.0,4.5,118.98261235680707,20.0,13240.643821289435,41
40,4,"[1,14,27,40]",0.35,3.5,1.0,even_idm_leader_cmd0,0.0,margin,8.0,1.5,0,5.0,closed symmetric acceleration-command pulse,0.1,4,"[1,14,27,40]",1.0,jerk_saturation,5.0,-35.0,0,idm,[],60.0,0.2,even,10.765784245744774,14.229133774006897,0.00897148687145398,3.5,gap_lower,9.200000000000001,0.48854331129965517,1,5.0,gap_lower,0.47291523733791047,7.4,1,0.31422773181852615,0.0,0.7,1.0,8f354187972d3dea,1.0,131,prediction_boundary_extension,1.0,24.0,20.0,0.15889235525641493,2.4914417367339183,0.632467481355043,430.63136982979097,41
40,4,"[1,14,27,40]",0.35,4.0,1.0,even_idm_leader_d02,0.2,margin,8.0,1.5,0,5.0,closed symmetric acceleration-command pulse,0.1,4,"[1,14,27,40]",1.0,jerk_saturation,5.0,-40.0,0,idm,[],60.0,0.2,even,13.020226524952841,12.096727966740218,0.010850188770794035,4.0,gap_lower,9.4,0.5951636016629891,1,5.0,gap_lower,0.37964831986635705,7.5,1,0.4621060013444011,0.0,0.7,1.0,8f35c77139193682,1.0,61,controller_boundary_extension,1.0,24.0,20.0,0.20351639197956234,2.976305613463751,0.5997101596487475,520.8090609981136,41
40,4,"[1,14,27,40]",0.35,4.0,1.0,even_idm_leader_cmd0,0.0,margin,8.0,1.5,0,5.0,closed symmetric acceleration-command pulse,0.1,4,"[1,14,27,40]",1.0,jerk_saturation,5.0,-40.0,0,idm,[],60.0,0.2,even,12.95832814456558,12.173968247974898,0.010798606787137984,4.0,gap_lower,9.4,0.5913015876012551,1,5.0,gap_lower,0.39184599186182983,7.7,1,0.328971595970654,0.0,0.7,1.0,8f37da949583b6c5,1.0,131,prediction_boundary_extension,1.0,24.0,20.0,0.15889300023495628,3.2831760785173287,0.720856169206396,518.3331257826233,41
40,4,"[1,2,3,4]",0.35,4.5,1.0,front_idm_leader_d02,0.2,margin,8.0,1.5,0,5.0,closed symmetric acceleration-command pulse,0.1,4,"[1,2,3,4]",1.0,jerk_saturation,5.0,-45.0,0,idm,[],60.0,0.2,front,13.01088253918876,9.80848356489821,0.010842402115990633,4.5,gap_lower,9.700000000000001,0.7095758217550895,1,5.0,gap_lower,0.2761419578585306,8.5,1,0.3585290750924407,2.0485534243427402e-06,0.7,1.0,90362479eba18ae3,1.0,191,layout_boundary_extension,1.0,24.0,20.0,0.2167974229774156,2.6424917373906283,0.8301832304575427,520.4353015675504,41
40,4,"[1,14,27,40]",0.35,3.0,1.0,even_idm_leader_d02,0.2,predictive,8.0,1.5,0,5.0,closed symmetric acceleration-command pulse,0.1,4,"[1,14,27,40]",1.0,jerk_saturation,5.0,-30.0,0,idm,[],60.0,0.2,even,7.189495434264681,15.70082118003802,0.0059912461952205676,3.0,gap_lower,9.0,0.41495894099809905,1,5.0,gap_lower,0.5337119637701708,7.2,1,0.2853357189051688,0.0,0.7,1.0,928dd6de7cac9ca3,1.0,113,controller_boundary_extension,1.0,24.0,20.0,0.09330094904947098,2.777016342239449,0.413393605691855,287.57981737058725,41
80,8,"[1,12,24,35,46,57,69,80]",0.35,3.5,1.0,even_idm_leader_N80,0.2,predictive,8.0,1.5,0,5.0,closed symmetric acceleration-command pulse,0.1,8,"[1,12,24,35,46,57,69,80]",1.0,jerk_saturation,5.0,-35.0,0,idm,[],60.0,0.2,even,4.424584998634477,13.674353219536897,0.0036871541655287303,3.5,gap_lower,9.200000000000001,0.5162823390231551,1,5.0,gap_lower,0.4486265400618124,7.5,1,0.33084868243931065,0.0,0.7,1.0,92b695691c429f5b,1.0,167,chain_length_boundary_extension,1.0,24.0,20.0,0.20351639197954832,3.8058371050706796,0.4999391894838432,353.9667998907581,81
80,8,"[1,12,24,35,46,57,69,80]",0.35,4.0,1.0,even_idm_leader_N80,0.2,margin,8.0,1.5,0,5.0,closed symmetric acceleration-command pulse,0.1,8,"[1,12,24,35,46,57,69,80]",1.0,jerk_saturation,5.0,-40.0,0,idm,[],60.0,0.2,even,6.303322950762607,12.096727966740218,0.0052527691256355055,4.0,gap_lower,9.4,0.5951636016629891,1,5.0,gap_lower,0.37964831986635705,7.5,1,0.35894540764225386,0.0,0.7,1.0,92c7e6c46aa46ffd,1.0,191,chain_length_boundary_extension,1.0,24.0,20.0,0.1588921282798834,2.9225849728069875,0.6750000000000078,504.26583606100854,81
80,8,"[1,12,24,35,46,57,69,80]",0.35,4.0,1.0,even_idm_leader_N80,0.2,predictive,8.0,1.5,0,5.0,closed symmetric acceleration-command pulse,0.1,8,"[1,12,24,35,46,57,69,80]",1.0,jerk_saturation,5.0,-40.0,0,idm,[],60.0,0.2,even,5.079530899669511,11.555740756002223,0.004232942416391259,4.0,gap_lower,9.5,0.6222129621998889,1,5.0,gap_lower,0.36117558889014545,7.7,1,0.31221111491224046,0.0,0.7,1.0,946f0a6c901aea5e,1.0,149,chain_length_boundary_extension,1.0,24.0,20.0,0.21679742284252596,3.7583011259318937,0.520539528326907,406.3624719735609,81
20,2,"[1,20]",0.35,3.0,1.0,even_idm_leader_N20,0.2,margin,8.0,1.5,0,5.0,closed symmetric acceleration-command pulse,0.1,2,"[1,20]",1.0,jerk_saturation,5.0,-30.0,0,idm,[],60.0,0.2,even,13.627868449234688,16.115330595552763,0.011356557041028907,3.0,gap_lower,8.8,0.3942334702223619,1,5.0,gap_lower,0.5486383391061478,7.300000000000001,1,0.33203675688433126,0.14999999999991964,0.7,1.0,96233f0b59c9adb5,1.0,149,chain_length_boundary_extension,1.0,24.0,20.0,0.2167974228428391,2.1399999999996453,0.37500000002408385,272.55736898469377,21
40,4,"[1,14,27,40]",0.35,4.5,0.0,even_idm_internal8_d02,0.2,margin,8.0,1.5,8,5.0,closed symmetric acceleration-command pulse,0.1,4,"[1,14,27,40]",78.0,jerk_saturation,5.0,-45.0,8,idm,[],60.0,0.2,even,185.44253901108524,-87.4895522251183,0.15453544917590437,4.5,gap_lower,45.6,5.574477611255915,27,5.000000000000004,gap_lower,-4.58517273834161,42.400000000000006,27,2.962962962962963,2.426972394059947,0.7,0.0,966e5fc49b63afef,0.0,131,prediction_boundary_extension,0.0,24.0,20.0,4.5,105.32800662109995,20.0,7417.70156044341,41
40,4,"[1,14,27,40]",0.35,3.5,1.0,even_idm_leader_d02,0.2,predictive,8.0,1.5,0,5.0,closed symmetric acceleration-command pulse,0.1,4,"[1,14,27,40]",1.0,jerk_saturation,5.0,-35.0,0,idm,[],60.0,0.2,even,8.684964932499604,13.674353219536897,0.007237470777083003,3.5,gap_lower,9.200000000000001,0.5162823390231551,1,5.0,gap_lower,0.4486265400618124,7.5,1,0.3021108285341033,0.0,0.7,1.0,96b4d4e07c4a1672,1.0,61,controller_boundary_extension,1.0,24.0,20.0,0.21679742284314246,2.774615318683118,0.474653356351439,347.39859729998415,41
20,2,"[1,20]",0.35,4.0,1.0,even_idm_leader_N20,0.2,predictive,8.0,1.5,0,5.0,closed symmetric acceleration-command pulse,0.1,2,"[1,20]",1.0,jerk_saturation,5.0,-40.0,0,idm,[],60.0,0.2,even,18.143489750532297,11.555740756002223,0.015119574792110247,4.0,gap_lower,9.5,0.6222129621998889,1,5.0,gap_lower,0.36117558889014545,7.7,1,0.35711922337120977,0.1374999999953707,0.7,1.0,97252dbeebe22b30,1.0,149,chain_length_boundary_extension,1.0,24.0,20.0,0.025259241606458753,1.7247806516766104,0.32504627062596825,362.86979501064593,21
40,4,"[1,14,27,40]",0.35,3.5,1.0,even_idm_leader_cmd04,0.4,margin,8.0,1.5,0,5.0,closed symmetric acceleration-command pulse,0.1,4,"[1,14,27,40]",1.0,jerk_saturation,5.0,-35.0,0,idm,[],60.0,0.2,even,11.186336215428517,14.05906780402114,0.009321946846190431,3.5,gap_lower,9.0,0.497046609798943,1,5.0,gap_lower,0.4527388364141952,7.300000000000001,1,0.37412257663688464,0.0,0.7,1.0,97c2cdea7b23e561,1.0,97,prediction_boundary_extension,1.0,24.0,20.0,0.2330599096135322,2.0938511120817793,0.6253417556108651,447.4534486171407,41
40,4,"[1,14,27,40]",0.35,3.5,1.0,even_idm_leader_d02,0.2,predictive,8.0,1.5,0,5.0,closed symmetric acceleration-command pulse,0.1,4,"[1,14,27,40]",1.0,jerk_saturation,5.0,-35.0,0,idm,[],60.0,0.2,even,8.49889077489861,13.674353219536897,0.007082408979082176,3.5,gap_lower,9.200000000000001,0.5162823390231551,1,5.0,gap_lower,0.4486265400618124,7.5,1,0.29976503313069713,0.0,0.7,1.0,9848336c59f97590,1.0,167,controller_boundary_extension,1.0,24.0,20.0,0.21679742284274883,2.873822740436424,0.47117313485355083,339.95563099594443,41
40,4,"[1,2,3,4]",0.35,4.0,1.0,front_idm_leader_d02,0.2,margin,8.0,1.5,0,5.0,closed symmetric acceleration-command pulse,0.1,4,"[1,2,3,4]",1.0,jerk_saturation,5.0,-40.0,0,idm,[],60.0,0.2,front,11.432442957918592,12.096727966740218,0.009527035798265495,4.0,gap_lower,9.4,0.5951636016629891,1,5.0,gap_lower,0.37964831986635705,7.5,1,0.34526586556937505,2.0262711425781768e-06,0.7,1.0,998f556a028fde87,1.0,191,layout_boundary_extension,1.0,24.0,20.0,0.05608775083775273,2.7262500000013006,0.7241853834514096,457.2977183167437,41
20,2,"[1,20]",0.35,4.0,1.0,even_idm_leader_N20,0.2,margin,8.0,1.5,0,5.0,closed symmetric acceleration-command pulse,0.1,2,"[1,20]",5.0,jerk_saturation,5.0,-40.0,0,idm,[],60.0,0.2,even,22.518404227634612,4.864089222832007,0.018765336856362176,4.5,jerk,32.2,1.0,18,5.0,acceleration_lower,0.0,32.800000000000004,19,1.250977433406633,0.8173770506361514,0.7,0.0,9a0420c1c522c96b,1.0,167,chain_length_boundary_extension,0.0,24.0,20.0,0.06471389604589524,5.852804612778186,0.5249999999965915,450.3680845526922,21
40,4,"[19,20,21,22]",0.35,3.0,0.0,middle_idm_leader_d02,0.2,margin,8.0,1.5,0,5.0,closed symmetric acceleration-command pulse,0.1,4,"[19,20,21,22]",112.0,jerk_saturation,5.0,-30.0,0,idm,[],60.0,0.2,middle,217.9246831287594,-103.33699293918323,0.1816039026072995,4.5,gap_lower,60.0,6.366849646959162,19,5.000000000000004,gap_lower,-5.541763680956494,59.900000000000006,19,4.444444444444445,0.0007635588040015603,0.7,0.0,9a527b9b56a9b7c8,0.0,191,layout_boundary_extension,0.0,24.0,20.0,4.5,127.33699293918323,20.0,8716.987325150376,41
40,4,"[1,2,3,4]",0.35,4.0,1.0,front_idm_leader_d02,0.2,margin,8.0,1.5,0,5.0,closed symmetric acceleration-command pulse,0.1,4,"[1,2,3,4]",1.0,jerk_saturation,5.0,-40.0,0,idm,[],60.0,0.2,front,12.23378475267408,12.096727966740218,0.0101948206272284,4.0,gap_lower,9.4,0.5951636016629891,1,5.0,gap_lower,0.37964831986635705,7.5,1,0.34526586556937505,2.902436905335056e-06,0.7,1.0,9ae75c1d0e540ac9,1.0,131,layout_boundary_extension,1.0,24.0,20.0,0.048130263560488155,2.7262500000013006,0.7982409557641965,489.3513901069632,41
40,4,"[1,14,27,40]",0.35,4.5,0.0,even_idm_internal8_d02,0.2,margin,8.0,1.5,8,5.0,closed symmetric acceleration-command pulse,0.1,4,"[1,14,27,40]",80.0,jerk_saturation,5.0,-45.0,8,idm,[],60.0,0.2,even,179.48620315862922,-86.40957904906664,0.14957183596552434,4.5,gap_lower,45.300000000000004,5.520478952453332,27,5.000000000000004,gap_lower,-4.55737703579173,59.900000000000006,40,2.962962962962963,2.412504789623099,0.7,0.0,9bea5c898e8f1ecb,0.0,191,prediction_boundary_extension,0.0,24.0,20.0,4.5,104.75129706607923,20.0,7179.448126345169,41
40,4,"[1,14,27,40]",0.35,3.5,1.0,even_idm_leader_d02,0.2,margin,8.0,1.5,0,5.0,closed symmetric acceleration-command pulse,0.1,4,"[1,14,27,40]",1.0,jerk_saturation,5.0,-35.0,0,idm,[],60.0,0.2,even,9.975083211483215,14.20792036867158,0.008312569342902679,3.5,gap_lower,9.1,0.489603981566421,1,5.0,gap_lower,0.4666363141647808,7.5,1,0.3376129673180792,0.0,0.7,1.0,9c70fd5da844fb98,1.0,191,controller_boundary_extension,1.0,24.0,20.0,0.10036261441872482,1.9075000000002547,0.5533152395443537,399.0033284593286,41
20,2,"[1,20]",0.35,4.0,1.0,even_idm_leader_N20,0.2,predictive,8.0,1.5,0,5.0,closed symmetric acceleration-command pulse,0.1,2,"[1,20]",1.0,jerk_saturation,5.0,-40.0,0,idm,[],60.0,0.2,even,18.126356917532625,11.555740756002223,0.01510529743127719,4.0,gap_lower,9.5,0.6222129621998889,1,5.0,gap_lower,0.36117558889014545,7.7,1,0.3868298768586307,0.16249997083496126,0.7,1.0,9cfc65bfc2a1b64c,1.0,113,chain_length_boundary_extension,1.0,24.0,20.0,0.21679742285531964,1.4017774971570134,0.36472303207875356,362.52713835065254,21
40,4,"[1,14,27,40]",0.35,4.0,1.0,even_idm_leader_cmd04,0.4,margin,8.0,1.5,0,5.0,closed symmetric acceleration-command pulse,0.1,4,"[1,14,27,40]",1.0,jerk_saturation,5.0,-40.0,0,idm,[],60.0,0.2,even,13.220000654583032,11.91771903438439,0.011016667212152527,4.0,gap_lower,9.3,0.6041140482807805,1,5.0,gap_lower,0.3622518128927802,7.6000000000000005,1,0.4625353964891996,0.0,0.7,1.0,9d20bd9df718271c,1.0,131,prediction_boundary_extension,1.0,24.0,20.0,0.16508808586474819,2.9996499084680863,0.6999999999999851,528.8000261833213,41
80,8,"[1,12,24,35,46,57,69,80]",0.35,4.0,1.0,even_idm_leader_N80,0.2,margin,8.0,1.5,0,5.0,closed symmetric acceleration-command pulse,0.1,8,"[1,12,24,35,46,57,69,80]",1.0,jerk_saturation,5.0,-40.0,0,idm,[],60.0,0.2,even,6.701225538146718,12.096727966740218,0.005584354615122265,4.0,gap_lower,9.4,0.5951636016629891,1,5.0,gap_lower,0.37964831986635705,7.5,1,0.4662909507597271,0.0,0.7,1.0,9e7342fb5650e535,1.0,167,chain_length_boundary_extension,1.0,24.0,20.0,0.24685025391457655,2.827531653976223,0.7500000000000249,536.0980430517375,81
40,4,"[1,14,27,40]",0.35,3.0,1.0,even_idm_leader_d02,0.2,margin,8.0,1.5,0,5.0,closed symmetric acceleration-command pulse,0.1,4,"[1,14,27,40]",1.0,jerk_saturation,5.0,-30.0,0,idm,[],60.0,0.2,even,9.217243446900138,16.115330595552763,0.007681036205750115,3.0,gap_lower,8.8,0.3942334702223619,1,5.0,gap_lower,0.5486383391061478,7.300000000000001,1,0.3415410367315985,0.0,0.7,1.0,9fdbae57d250374a,1.0,113,controller_boundary_extension,1.0,24.0,20.0,0.2035163919795743,2.1399999999996453,0.4926370113886911,368.68973787600555,41
80,8,"[1,12,24,35,46,57,69,80]",0.35,3.0,1.0,even_idm_leader_N80,0.2,margin,8.0,1.5,0,5.0,closed symmetric acceleration-command pulse,0.1,8,"[1,12,24,35,46,57,69,80]",1.0,jerk_saturation,5.0,-30.0,0,idm,[],60.0,0.2,even,4.351464926760674,16.115330595552763,0.003626220772300562,3.0,gap_lower,8.8,0.3942334702223619,1,5.0,gap_lower,0.5486383391061478,7.300000000000001,1,0.3378982647068985,0.0,0.7,1.0,a05f948f8badb99b,1.0,191,chain_length_boundary_extension,1.0,24.0,20.0,0.2167974228425384,2.1399999999996453,0.4550908921523984,348.11719414085394,81
20,2,"[1,20]",0.35,3.5,1.0,even_idm_leader_N20,0.2,margin,8.0,1.5,0,5.0,closed symmetric acceleration-command pulse,0.1,2,"[1,20]",1.0,jerk_saturation,5.0,-35.0,0,idm,[],60.0,0.2,even,16.34539264368653,14.20792036867158,0.013621160536405441,3.5,gap_lower,9.1,0.489603981566421,1,5.0,gap_lower,0.4666363141647808,7.5,1,0.3376129673180792,0.1333333333333305,0.7,1.0,a0a34dc5cff101ab,1.0,97,chain_length_boundary_extension,1.0,24.0,20.0,0.023048883556716675,1.9075000000002547,0.3750462706259299,326.9078528737306,21
40,4,"[1,14,27,40]",0.35,4.0,1.0,even_idm_leader_cmd0,0.0,margin,8.0,1.5,0,5.0,closed symmetric acceleration-command pulse,0.1,4,"[1,14,27,40]",1.0,jerk_saturation,5.0,-40.0,0,idm,[],60.0,0.2,even,13.009213203935769,12.173968247974898,0.010841011003279808,4.0,gap_lower,9.4,0.5913015876012551,1,5.0,gap_lower,0.39184599186182983,7.7,1,0.328971595970654,0.0,0.7,1.0,a0bba4cfb6dd5502,1.0,97,prediction_boundary_extension,1.0,24.0,20.0,0.1588927511128645,3.3873547091255887,0.7026888354043557,520.3685281574308,41
40,4,"[1,14,27,40]",0.35,4.5,1.0,even_idm_leader_d02,0.2,predictive,8.0,1.5,0,5.0,closed symmetric acceleration-command pulse,0.1,4,"[1,14,27,40]",1.0,jerk_saturation,5.0,-45.0,0,idm,[],60.0,0.2,even,11.985988251316442,9.234120354019865,0.009988323542763702,4.5,gap_lower,9.8,0.7382939822990068,1,5.0,gap_lower,0.25002510505065756,8.6,1,0.3291251555648271,0.0,0.7,1.0,a12cc773b971157a,1.0,191,controller_boundary_extension,1.0,24.0,20.0,0.21679742322886475,3.8641688877968363,0.6450731178561142,479.4395300526577,41
40,4,"[1,2,3,4]",0.35,3.5,1.0,front_idm_leader_d02,0.2,margin,8.0,1.5,0,5.0,closed symmetric acceleration-command pulse,0.1,4,"[1,2,3,4]",1.0,jerk_saturation,5.0,-35.0,0,idm,[],60.0,0.2,front,10.744346010551244,14.20792036867158,0.00895362167545937,3.5,gap_lower,9.1,0.489603981566421,1,5.0,gap_lower,0.4666363141647808,7.5,1,0.3376129673180792,1.9588885803181084e-06,0.7,1.0,a2239196d49d259b,1.0,131,layout_boundary_extension,1.0,24.0,20.0,0.21679742284252312,2.9722802255048464,0.7277718391136716,429.7738404220497,41
40,4,"[1,14,27,40]",0.35,4.5,0.0,even_idm_leader_cmd04,0.4,margin,8.0,1.5,0,5.0,closed symmetric acceleration-command pulse,0.1,4,"[1,14,27,40]",67.0,jerk_saturation,5.0,-45.0,0,idm,[],60.0,0.2,even,90.08373932139247,-86.64277662704029,0.07506978276782707,4.5,gap_lower,57.2,5.532138831352015,27,5.000000000000004,gap_lower,-4.536776015884789,56.2,27,2.962962962962963,0.038062729183411435,0.7,0.0,a30e159a5a350809,0.0,113,prediction_boundary_extension,0.0,24.0,20.0,4.5,110.64277662704029,20.0,3603.349572855699,41
40,4,"[1,14,27,40]",0.35,4.0,1.0,even_idm_leader_cmd04,0.4,margin,8.0,1.5,0,5.0,closed symmetric acceleration-command pulse,0.1,4,"[1,14,27,40]",1.0,jerk_saturation,5.0,-40.0,0,idm,[],60.0,0.2,even,14.01295310066573,11.91771903438439,0.01167746091722144,4.0,jerk,25.6,0.639431945447869,13,5.0,gap_lower,0.3622518128927802,7.6000000000000005,1,0.6817995897937813,0.0,0.7,1.0,a31e6f122451a78e,1.0,149,prediction_boundary_extension,1.0,24.0,20.0,0.1870585994208558,2.676660340502167,0.8266766374930192,560.5181240266292,41
40,4,"[37,38,39,40]",0.35,4.0,0.0,rear_idm_leader_d02,0.2,margin,8.0,1.5,0,5.0,closed symmetric acceleration-command pulse,0.1,4,"[37,38,39,40]",142.0,jerk_saturation,5.0,-40.0,0,idm,[],60.0,0.2,rear,325.3613860980619,-55.234584560682464,0.2711344884150516,4.5,gap_lower,60.0,3.961729228034123,37,5.000000000000004,gap_lower,-3.4489678814850593,59.900000000000006,37,3.3333333333333335,0.09375231487676079,0.7,0.0,a327ba3879336bef,0.0,191,layout_boundary_extension,0.0,24.0,20.0,4.5,118.2784541756256,20.0,13014.455443922478,41
40,4,"[1,14,27,40]",0.35,3.0,1.0,even_idm_leader_d02,0.2,margin,8.0,1.5,0,5.0,closed symmetric acceleration-command pulse,0.1,4,"[1,14,27,40]",1.0,jerk_saturation,5.0,-30.0,0,idm,[],60.0,0.2,even,9.002999416581336,16.115330595552763,0.007502499513817779,3.0,gap_lower,8.8,0.3942334702223619,1,5.0,gap_lower,0.5486383391061478,7.300000000000001,1,0.32756199473345443,0.0,0.7,1.0,a3498b6393e1e3ef,1.0,97,controller_boundary_extension,1.0,24.0,20.0,0.1849229487715065,2.1399999999996453,0.5156314519944161,360.1199766632534,41
40,4,"[1,14,27,40]",0.35,4.5,1.0,even_idm_leader_d02,0.2,predictive,8.0,1.5,0,5.0,closed symmetric acceleration-command pulse,0.1,4,"[1,14,27,40]",1.0,jerk_saturation,5.0,-45.0,0,idm,[],60.0,0.2,even,13.359954835726498,9.234120354019865,0.011133295696438748,4.5,gap_lower,9.8,0.7382939822990068,1,5.0,gap_lower,0.25002510505065756,8.6,1,0.4152097053496212,0.0,0.7,1.0,a3ffa424da07dc30,1.0,47,controller_boundary_extension,1.0,24.0,20.0,0.06881393212487398,4.664904943785928,0.6506366304513449,534.3981934290599,41
40,4,"[19,20,21,22]",0.35,3.5,0.0,middle_idm_leader_d02,0.2,margin,8.0,1.5,0,5.0,closed symmetric acceleration-command pulse,0.1,4,"[19,20,21,22]",113.0,jerk_saturation,5.0,-35.0,0,idm,[],60.0,0.2,middle,233.43550630204444,-103.41100330377124,0.19452958858503705,4.5,gap_lower,60.0,6.370550165188562,19,5.000000000000004,gap_lower,-5.54405647856973,59.800000000000004,19,3.8095238095238093,0.0011697412562788096,0.7,0.0,a52d20be08c8bfd2,0.0,149,layout_boundary_extension,0.0,24.0,20.0,4.5,155.88508574036155,20.0,9337.420252081778,41
40,4,"[1,14,27,40]",0.35,4.5,0.0,even_ovm_leader_d02,0.2,margin,8.0,1.5,0,5.0,closed symmetric acceleration-command pulse,0.1,4,"[1,14,27,40]",25.0,jerk_saturation,5.0,-45.0,0,ovm,[],60.0,0.2,even,53.52216102253283,-49.52258617607532,0.04460180085211069,4.5,gap_lower,58.7,3.676129308803766,27,5.0,gap_lower,-2.6920771466704236,57.6,27,2.4566109302120926,0.0,0.7,0.0,a535b0a4f4ebbb8b,0.0,131,prediction_boundary_extension,0.0,24.0,20.0,3.2688919758573975,73.52258617607532,14.227063602972457,2140.886440901313,41
40,4,"[1,14,27,40]",0.35,4.5,1.0,even_idm_leader_d02,0.2,margin,8.0,1.5,0,5.0,closed symmetric acceleration-command pulse,0.1,4,"[1,14,27,40]",3.0,jerk_saturation,5.0,-45.0,0,idm,[],60.0,0.2,even,17.943079079050086,9.80848356489821,0.014952565899208405,4.5,jerk,25.400000000000002,1.0,13,5.0,acceleration_lower,0.18890774126047857,24.6,13,0.8133119667280622,0.0,0.7,0.0,a62140a9f7d16763,1.0,11,controller_boundary_extension,0.0,24.0,20.0,0.28164088348445726,4.387317733052043,1.154220863656711,717.7231631620034,41
40,4,"[19,20,21,22]",0.35,3.5,0.0,middle_idm_leader_d02,0.2,margin,8.0,1.5,0,5.0,closed symmetric acceleration-command pulse,0.1,4,"[19,20,21,22]",115.0,jerk_saturation,5.0,-35.0,0,idm,[],60.0,0.2,middle,230.59525072749648,-103.39105289820256,0.1921627089395804,4.5,gap_lower,60.0,6.369552644910128,19,5.000000000000004,gap_lower,-5.540095239220106,59.5,19,3.8095238095238093,0.0012506254777032869,0.7,0.0,a88d54ebabf89515,0.0,113,layout_boundary_extension,0.0,24.0,20.0,4.5,127.39105289820256,20.0,9223.81002909986,41
80,8,"[1,12,24,35,46,57,69,80]",0.35,4.0,1.0,even_idm_leader_N80,0.2,predictive,8.0,1.5,0,5.0,closed symmetric acceleration-command pulse,0.1,8,"[1,12,24,35,46,57,69,80]",1.0,jerk_saturation,5.0,-40.0,0,idm,[],60.0,0.2,even,5.335984153448959,11.555740756002223,0.0044466534612074655,4.0,gap_lower,9.5,0.6222129621998889,1,5.0,gap_lower,0.36117558889014545,7.7,1,0.3764841140888328,0.0,0.7,1.0,a8adb3c851384d13,1.0,113,chain_length_boundary_extension,1.0,24.0,20.0,0.21679742284252415,3.9301756965726895,0.5499999999991658,426.8787322759167,81
80,8,"[1,12,24,35,46,57,69,80]",0.35,4.0,1.0,even_idm_leader_N80,0.2,margin,8.0,1.5,0,5.0,closed symmetric acceleration-command pulse,0.1,8,"[1,12,24,35,46,57,69,80]",1.0,jerk_saturation,5.0,-40.0,0,idm,[],60.0,0.2,even,6.205106141190461,12.096727966740218,0.005170921784325384,4.0,gap_lower,9.4,0.5951636016629891,1,5.0,gap_lower,0.37964831986635705,7.5,1,0.36658631599227337,0.0,0.7,1.0,a912cfc36d7aebc2,1.0,149,chain_length_boundary_extension,1.0,24.0,20.0,0.08954564944718345,2.579237610960888,0.6499999999999879,496.4084912952369,81
40,4,"[19,20,21,22]",0.35,3.5,0.0,middle_idm_leader_d02,0.2,margin,8.0,1.5,0,5.0,closed symmetric acceleration-command pulse,0.1,4,"[19,20,21,22]",114.0,jerk_saturation,5.0,-35.0,0,idm,[],60.0,0.2,middle,230.8108992043286,-103.37553515133177,0.19234241600360716,4.5,gap_lower,60.0,6.368776757566589,19,5.000000000000004,gap_lower,-5.540938645825093,59.7,19,3.8095238095238093,0.0010132244181577442,0.7,0.0,aac6bc93aec751e0,0.0,167,layout_boundary_extension,0.0,24.0,20.0,4.5,127.37553515133177,20.0,9232.435968173144,41
40,4,"[37,38,39,40]",0.35,3.5,0.0,rear_idm_leader_d02,0.2,margin,8.0,1.5,0,5.0,closed symmetric acceleration-command pulse,0.1,4,"[37,38,39,40]",141.0,jerk_saturation,5.0,-35.0,0,idm,[],60.0,0.2,rear,320.45679473932944,-58.763047271695676,0.2670473289494412,4.5,gap_lower,60.0,4.138152363584784,37,5.000000000000004,gap_lower,-3.606683893625122,59.900000000000006,37,3.8095238095238093,0.13095287285557672,0.7,0.0,aad4e7089376159d,0.0,97,layout_boundary_extension,0.0,24.0,20.0,4.5,156.80137600968874,20.0,12818.271789573178,41
20,2,"[1,20]",0.35,4.0,1.0,even_idm_leader_N20,0.2,margin,8.0,1.5,0,5.0,closed symmetric acceleration-command pulse,0.1,2,"[1,20]",1.0,jerk_saturation,5.0,-40.0,0,idm,[],60.0,0.2,even,20.147728225291257,12.096727966740218,0.016789773521076048,4.0,gap_lower,9.4,0.5951636016629891,1,5.0,gap_lower,0.37964831986635705,7.5,1,0.5444263593111701,0.24166635164294328,0.7,1.0,ab0b71b8aaae3d11,1.0,149,chain_length_boundary_extension,1.0,24.0,20.0,0.21679742289383336,1.9775000000004184,0.30087909801283175,402.95456450582515,21
40,4,"[19,20,21,22]",0.35,3.0,0.0,middle_idm_leader_d02,0.2,margin,8.0,1.5,0,5.0,closed symmetric acceleration-command pulse,0.1,4,"[19,20,21,22]",111.0,jerk_saturation,5.0,-30.0,0,idm,[],60.0,0.2,middle,216.65970043818055,-103.36969694827837,0.18054975036515047,4.5,gap_lower,60.0,6.368484847413919,19,5.000000000000004,gap_lower,-5.543739043536824,59.900000000000006,19,4.444444444444445,0.0009248698702669521,0.7,0.0,ab6db2dc5e5ca5cc,0.0,131,layout_boundary_extension,0.0,24.0,20.0,4.5,127.36969694827837,20.0,8666.388017527222,41
40,4,"[1,14,27,40]",0.35,3.5,1.0,even_idm_leader_d02,0.2,margin,8.0,1.5,0,5.0,closed symmetric acceleration-command pulse,0.1,4,"[1,14,27,40]",1.0,jerk_saturation,5.0,-35.0,0,idm,[],60.0,0.2,even,10.764873807039653,14.20792036867158,0.008970728172533042,3.5,gap_lower,9.1,0.489603981566421,1,5.0,gap_lower,0.4666363141647808,7.5,1,0.36215699884473435,0.0,0.7,1.0,ac0828da217a9b74,1.0,3,controller_boundary_extension,1.0,24.0,20.0,0.20351639197953791,2.4677565206649774,0.5691534617382707,430.5949522815861,41
40,4,"[1,14,27,40]",0.35,4.5,0.0,even_ovm_leader_d02,0.2,margin,8.0,1.5,0,5.0,closed symmetric acceleration-command pulse,0.1,4,"[1,14,27,40]",20.0,jerk_saturation,5.0,-45.0,0,ovm,[],60.0,0.2,even,42.30522382581518,-38.993612127094195,0.03525435318817932,4.5,gap_lower,57.800000000000004,3.1496806063547096,27,5.0,gap_lower,-2.1678855035602416,56.7,27,2.2763754375033947,0.0,0.7,0.0,ac7cac0404b264ba,0.0,167,prediction_boundary_extension,0.0,24.0,20.0,2.821796377527323,62.993612127094195,11.544356534045873,1692.2089530326073,41
40,4,"[1,14,27,40]",0.35,4.5,1.0,even_idm_leader_d02,0.2,margin,8.0,1.5,0,5.0,closed symmetric acceleration-command pulse,0.1,4,"[1,14,27,40]",1.0,jerk_saturation,5.0,-45.0,0,idm,[],60.0,0.2,even,15.818364613060487,9.80848356489821,0.01318197051088374,4.5,gap_lower,9.700000000000001,0.7095758217550895,1,5.0,gap_lower,0.2761419578585306,8.5,1,0.477631985002158,0.0,0.7,1.0,aded9f5b67931dac,1.0,97,controller_boundary_extension,1.0,24.0,20.0,0.19682568917165924,3.941388948421718,0.8263392652981558,632.7345845224195,41
40,4,"[1,14,27,40]",0.35,4.5,1.0,even_idm_leader_d02,0.2,margin,8.0,1.5,0,5.0,closed symmetric acceleration-command pulse,0.1,4,"[1,14,27,40]",1.0,jerk_saturation,5.0,-45.0,0,idm,[],60.0,0.2,even,16.7935443519719,9.80848356489821,0.013994620293309917,4.5,jerk,25.5,0.7290849660774041,13,5.0,gap_lower,0.2761419578585306,8.5,1,0.695397509219815,0.0,0.7,1.0,b090d142a18a6d40,1.0,113,controller_boundary_extension,1.0,24.0,20.0,0.22628387345894477,3.42408004002732,0.95062407160923,671.741774078876,41
40,4,"[1,2,3,4]",0.35,4.0,1.0,front_idm_leader_d02,0.2,margin,8.0,1.5,0,5.0,closed symmetric acceleration-command pulse,0.1,4,"[1,2,3,4]",1.0,jerk_saturation,5.0,-40.0,0,idm,[],60.0,0.2,front,12.377065652164053,12.096727966740218,0.010314221376803377,4.0,gap_lower,9.4,0.5951636016629891,1,5.0,gap_lower,0.37964831986635705,7.5,1,0.34526586556937505,5.624901995441671e-06,0.7,1.0,b1dc106decf7721f,1.0,97,layout_boundary_extension,1.0,24.0,20.0,0.05978876688866992,2.7262500000013006,0.7806915018430232,495.0826260865621,41
20,2,"[1,20]",0.35,3.0,1.0,even_idm_leader_N20,0.2,predictive,8.0,1.5,0,5.0,closed symmetric acceleration-command pulse,0.1,2,"[1,20]",1.0,jerk_saturation,5.0,-30.0,0,idm,[],60.0,0.2,even,11.808005282334992,15.70082118003802,0.009840004401945827,3.0,gap_lower,9.0,0.41495894099809905,1,5.0,gap_lower,0.5337119637701708,7.2,1,0.2958026317942234,0.09444444444443986,0.7,1.0,b1e82e259ff14231,1.0,191,chain_length_boundary_extension,1.0,24.0,20.0,0.021362333529469445,1.480784811338708,0.2786725679384823,236.16010564669986,21
40,4,"[1,14,27,40]",0.35,4.5,1.0,even_idm_leader_cmd04,0.4,margin,8.0,1.5,0,5.0,closed symmetric acceleration-command pulse,0.1,4,"[1,14,27,40]",2.0,jerk_saturation,5.0,-45.0,0,idm,[],60.0,0.2,even,17.982004643513516,9.803562163295283,0.014985003869594598,4.5,jerk,25.8,0.92563139213255,13,5.0,acceleration_lower,0.23281938045842565,25.0,13,0.7830910231689698,0.0,0.7,0.0,b2405317fbaef3f5,1.0,97,prediction_boundary_extension,0.0,24.0,20.0,0.5253652566863521,3.9179902169626644,1.4652891056100863,719.2801857405407,41
40,4,"[19,20,21,22]",0.35,3.0,0.0,middle_idm_leader_d02,0.2,margin,8.0,1.5,0,5.0,closed symmetric acceleration-command pulse,0.1,4,"[19,20,21,22]",104.0,jerk_saturation,5.0,-30.0,0,idm,[],60.0,0.2,middle,210.09161853254218,-103.33117122258746,0.17507634877711847,4.5,gap_lower,60.0,6.366558561129373,19,5.000000000000004,gap_lower,-5.537198723027673,59.900000000000006,19,4.444444444444445,0.0013645710710071689,0.7,0.0,b6472d360c698a7e,0.0,149,layout_boundary_extension,0.0,24.0,20.0,4.5,162.69563439017213,20.0,8403.664741301687,41
40,4,"[19,20,21,22]",0.35,3.0,0.0,middle_idm_leader_d02,0.2,margin,8.0,1.5,0,5.0,closed symmetric acceleration-command pulse,0.1,4,"[19,20,21,22]",110.0,jerk_saturation,5.0,-30.0,0,idm,[],60.0,0.2,middle,216.68995384430008,-103.36839950877268,0.18057496153691674,4.5,gap_lower,60.0,6.368419975438634,19,5.000000000000004,gap_lower,-5.535659356016607,59.900000000000006,19,4.444444444444445,0.0012202971707332545,0.7,0.0,b7579eae394a7e88,0.0,97,layout_boundary_extension,0.0,24.0,20.0,4.5,150.79383273282815,20.0,8667.598153772004,41
80,8,"[1,12,24,35,46,57,69,80]",0.35,3.0,1.0,even_idm_leader_N80,0.2,margin,8.0,1.5,0,5.0,closed symmetric acceleration-command pulse,0.1,8,"[1,12,24,35,46,57,69,80]",1.0,jerk_saturation,5.0,-30.0,0,idm,[],60.0,0.2,even,4.3291354223768135,16.115330595552763,0.0036076128519806783,3.0,gap_lower,8.8,0.3942334702223619,1,5.0,gap_lower,0.5486383391061478,7.300000000000001,1,0.32756199473345443,0.0,0.7,1.0,b775f092453a98bf,1.0,149,chain_length_boundary_extension,1.0,24.0,20.0,0.0811807729993335,2.1399999999996453,0.449999999999978,346.3308337901451,81
40,4,"[1,14,27,40]",0.35,4.0,0.0,even_ovm_leader_d02,0.2,margin,8.0,1.5,0,5.0,closed symmetric acceleration-command pulse,0.1,4,"[1,14,27,40]",19.0,jerk_saturation,5.0,-40.0,0,ovm,[],60.0,0.2,even,39.79835943413284,-37.30005809802856,0.033165299528444034,4.011472269876281,gap_lower,57.5,3.065002904901428,27,5.0,gap_lower,-2.081584200355587,56.300000000000004,27,2.5540159727394856,0.0,0.7,0.0,b7b4307a06f9582d,0.0,191,prediction_boundary_extension,0.0,24.0,20.0,3.1320768803296617,61.30005809802856,11.671364238619933,1591.9343773653136,41
40,4,"[37,38,39,40]",0.35,3.5,0.0,rear_idm_leader_d02,0.2,margin,8.0,1.5,0,5.0,closed symmetric acceleration-command pulse,0.1,4,"[37,38,39,40]",141.0,jerk_saturation,5.0,-35.0,0,idm,[],60.0,0.2,rear,320.16622350064307,-58.80103933585447,0.2668051862505359,4.5,gap_lower,60.0,4.140051966792724,37,5.000000000000004,gap_lower,-3.6083539049675117,59.900000000000006,37,3.8095238095238093,0.13095287285557672,0.7,0.0,b7dc95c4337c4276,0.0,113,layout_boundary_extension,0.0,24.0,20.0,4.5,119.52828695614699,20.0,12806.648940025723,41
40,4,"[1,2,3,4]",0.35,3.5,1.0,front_idm_leader_d02,0.2,margin,8.0,1.5,0,5.0,closed symmetric acceleration-command pulse,0.1,4,"[1,2,3,4]",1.0,jerk_saturation,5.0,-35.0,0,idm,[],60.0,0.2,front,10.472901963222904,14.20792036867158,0.008727418302685754,3.5,gap_lower,9.1,0.489603981566421,1,5.0,gap_lower,0.4666363141647808,7.5,1,0.3376129673180792,2.24335603401674e-06,0.7,1.0,b81a8daa4b95a0a6,1.0,167,layout_boundary_extension,1.0,24.0,20.0,0.21679742284252312,2.9722802255048464,0.6642084266715571,418.91607852891616,41
40,4,"[1,14,27,40]",0.35,3.5,1.0,even_idm_leader_cmd0,0.0,margin,8.0,1.5,0,5.0,closed symmetric acceleration-command pulse,0.1,4,"[1,14,27,40]",1.0,jerk_saturation,5.0,-35.0,0,idm,[],60.0,0.2,even,9.847766558594047,14.229133774006897,0.008206472132161706,3.5,gap_lower,9.200000000000001,0.48854331129965517,1,5.0,gap_lower,0.47291523733791047,7.4,1,0.31422773181852615,0.0,0.7,1.0,b90e17d029b026db,1.0,191,prediction_boundary_extension,1.0,24.0,20.0,0.15889216336338002,2.4862499999976535,0.563361232707102,393.9106623437619,41
20,2,"[1,20]",0.35,4.0,1.0,even_idm_leader_N20,0.2,margin,8.0,1.5,0,5.0,closed symmetric acceleration-command pulse,0.1,2,"[1,20]",1.0,jerk_saturation,5.0,-40.0,0,idm,[],60.0,0.2,even,20.089798440323182,12.096727966740218,0.01674149870026932,4.0,gap_lower,9.4,0.5951636016629891,1,5.0,gap_lower,0.37964831986635705,7.5,1,0.4346531779039875,0.20833333056021117,0.7,1.0,bb86919eae386113,1.0,131,chain_length_boundary_extension,1.0,24.0,20.0,0.024549027370222794,1.9775000000004184,0.35000159965022704,401.79596880646363,21
40,4,"[1,14,27,40]",0.35,3.0,1.0,even_idm_leader_d02,0.2,margin,8.0,1.5,0,5.0,closed symmetric acceleration-command pulse,0.1,4,"[1,14,27,40]",1.0,jerk_saturation,5.0,-30.0,0,idm,[],60.0,0.2,even,8.817238329946495,16.115330595552763,0.007347698608288746,3.0,gap_lower,8.8,0.3942334702223619,1,5.0,gap_lower,0.5486383391061478,7.300000000000001,1,0.3505100789262998,0.0,0.7,1.0,bbdd62df3f14b604,1.0,3,controller_boundary_extension,1.0,24.0,20.0,0.21679742284260536,2.1399999999996453,0.5014793651348448,352.6895331978598,41
80,8,"[1,12,24,35,46,57,69,80]",0.35,4.5,1.0,even_idm_leader_N80,0.2,margin,8.0,1.5,0,5.0,closed symmetric acceleration-command pulse,0.1,8,"[1,12,24,35,46,57,69,80]",1.0,jerk_saturation,5.0,-45.0,0,idm,[],60.0,0.2,even,7.532412304271608,9.80848356489821,0.006277010253559674,4.5,gap_lower,9.700000000000001,0.7095758217550895,1,5.0,gap_lower,0.2761419578585306,8.5,1,0.43620691803869827,0.0,0.7,1.0,bea82d3eed75c6ef,1.0,191,chain_length_boundary_extension,1.0,24.0,20.0,0.24559035548040717,3.3549321644605357,0.7999999999999758,602.5929843417287,81
40,4,"[1,2,3,4]",0.35,3.0,1.0,front_idm_leader_d02,0.2,margin,8.0,1.5,0,5.0,closed symmetric acceleration-command pulse,0.1,4,"[1,2,3,4]",1.0,jerk_saturation,5.0,-30.0,0,idm,[],60.0,0.2,front,8.701093861897572,16.115330595552763,0.007250911551581311,3.0,gap_lower,8.8,0.3942334702223619,1,5.0,gap_lower,0.5486383391061478,7.300000000000001,1,0.32756199473345443,1.3765246483406675e-06,0.7,1.0,bf4201d824020960,1.0,191,layout_boundary_extension,1.0,24.0,20.0,0.20351639197969357,2.302500000000464,0.5633185194199797,348.0437544759029,41
40,4,"[1,14,27,40]",0.35,3.0,1.0,even_idm_leader_d02,0.2,predictive,8.0,1.5,0,5.0,closed symmetric acceleration-command pulse,0.1,4,"[1,14,27,40]",1.0,jerk_saturation,5.0,-30.0,0,idm,[],60.0,0.2,even,6.325962040694852,15.70082118003802,0.005271635033912377,3.0,gap_lower,9.0,0.41495894099809905,1,5.0,gap_lower,0.5337119637701708,7.2,1,0.2832591331061486,0.0,0.7,1.0,bf747d4f6103bfbe,1.0,191,controller_boundary_extension,1.0,24.0,20.0,0.2167974228428391,2.193545243695894,0.3778681371749677,253.03848162779406,41
40,4,"[1,14,27,40]",0.35,4.5,0.0,even_idm_internal8_d02,0.2,margin,8.0,1.5,8,5.0,closed symmetric acceleration-command pulse,0.1,4,"[1,14,27,40]",80.0,jerk_saturation,5.0,-45.0,8,idm,[],60.0,0.2,even,173.63581817411108,-86.2484239886989,0.14469651514509255,4.5,gap_lower,45.400000000000006,5.512421199434945,27,5.000000000000004,gap_lower,-4.516352783546734,44.300000000000004,27,2.962962962962963,2.4161392656182152,0.7,0.0,c00e704823f20a66,0.0,149,prediction_boundary_extension,0.0,24.0,20.0,4.5,104.91767833361124,20.0,6945.432726964443,41
80,8,"[1,12,24,35,46,57,69,80]",0.35,3.0,1.0,even_idm_leader_N80,0.2,predictive,8.0,1.5,0,5.0,closed symmetric acceleration-command pulse,0.1,8,"[1,12,24,35,46,57,69,80]",1.0,jerk_saturation,5.0,-30.0,0,idm,[],60.0,0.2,even,3.1595350504806072,15.70082118003802,0.002632945875400506,3.0,gap_lower,9.0,0.41495894099809905,1,5.0,gap_lower,0.5337119637701708,7.2,1,0.2832591331061486,0.0,0.7,1.0,c10f7618b9e52668,1.0,131,chain_length_boundary_extension,1.0,24.0,20.0,0.21679742284252326,2.6505619652886594,0.3826993173495694,252.76280403844856,81
80,8,"[1,12,24,35,46,57,69,80]",0.35,3.5,1.0,even_idm_leader_N80,0.2,margin,8.0,1.5,0,5.0,closed symmetric acceleration-command pulse,0.1,8,"[1,12,24,35,46,57,69,80]",1.0,jerk_saturation,5.0,-35.0,0,idm,[],60.0,0.2,even,5.258788406536664,14.20792036867158,0.004382323672113887,3.5,gap_lower,9.1,0.489603981566421,1,5.0,gap_lower,0.4666363141647808,7.5,1,0.35006176490554164,0.0,0.7,1.0,c44e8a66ed64e534,1.0,191,chain_length_boundary_extension,1.0,24.0,20.0,0.21679742284252318,2.8281814805941963,0.5099657196128575,420.7030725229331,81
40,4,"[1,14,27,40]",0.35,4.5,1.0,even_idm_leader_d02,0.2,predictive,8.0,1.5,0,5.0,closed symmetric acceleration-command pulse,0.1,4,"[1,14,27,40]",1.0,jerk_saturation,5.0,-45.0,0,idm,[],60.0,0.2,even,12.94730428721673,9.234120354019865,0.010789420239347276,4.5,gap_lower,9.8,0.7382939822990068,1,5.0,gap_lower,0.25002510505065756,8.6,1,0.34836282501176713,0.0,0.7,1.0,c4bd5448ef163268,1.0,29,controller_boundary_extension,1.0,24.0,20.0,0.1849229487717877,4.603861480260093,0.6731811515377721,517.8921714886692,41
40,4,"[1,14,27,40]",0.35,4.5,1.0,even_idm_leader_cmd0,0.0,margin,8.0,1.5,0,5.0,closed symmetric acceleration-command pulse,0.1,4,"[1,14,27,40]",1.0,jerk_saturation,5.0,-45.0,0,idm,[],60.0,0.2,even,14.811770833346923,9.934305214609594,0.012343142361122437,4.5,gap_lower,9.700000000000001,0.7032847392695203,1,5.0,gap_lower,0.2878588485332994,8.6,1,0.4007682194368398,0.0,0.7,1.0,c4c56afc0cdac3b0,1.0,167,prediction_boundary_extension,1.0,24.0,20.0,0.15889229040772113,3.5607315125138257,0.7237252403191583,592.470833333877,41
40,4,"[1,14,27,40]",0.35,4.0,1.0,even_idm_leader_d02,0.2,margin,8.0,1.5,0,5.0,closed symmetric acceleration-command pulse,0.1,4,"[1,14,27,40]",1.0,jerk_saturation,5.0,-40.0,0,idm,[],60.0,0.2,even,13.156939145831439,12.096727966740218,0.010964115954859532,4.0,gap_lower,9.4,0.5951636016629891,1,5.0,gap_lower,0.37964831986635705,7.5,1,0.4665944947169258,0.0,0.7,1.0,c507158fb92ede64,1.0,149,controller_boundary_extension,1.0,24.0,20.0,0.20351639197954327,3.2308609482629436,0.6078359489826219,526.2775658332575,41
40,4,"[1,14,27,40]",0.35,3.5,1.0,even_ovm_leader_d02,0.2,margin,8.0,1.5,0,5.0,closed symmetric acceleration-command pulse,0.1,4,"[1,14,27,40]",9.0,jerk_saturation,5.0,-35.0,0,ovm,[],60.0,0.2,even,22.574051380228628,-12.21713346100529,0.018811709483523856,3.5,gap_lower,56.7,1.8108566730502644,27,5.0,gap_lower,-0.8210820374733278,55.6,27,2.0343110246040355,0.0,0.7,0.0,c67e932a797f608f,0.0,113,prediction_boundary_extension,0.0,24.0,20.0,2.1075186912564448,36.054496333834095,7.699507466581348,902.9620552091451,41
40,4,"[1,2,3,4]",0.35,4.0,1.0,front_idm_leader_d02,0.2,margin,8.0,1.5,0,5.0,closed symmetric acceleration-command pulse,0.1,4,"[1,2,3,4]",1.0,jerk_saturation,5.0,-40.0,0,idm,[],60.0,0.2,front,12.649856409956517,12.096727966740218,0.010541547008297096,4.0,gap_lower,9.4,0.5951636016629891,1,5.0,gap_lower,0.37964831986635705,7.5,1,0.34526586556937505,5.81421493410043e-06,0.7,1.0,c6f4d906aa6a0a82,1.0,113,layout_boundary_extension,1.0,24.0,20.0,0.05915517065484042,2.7262500000013006,0.8006374120757549,505.99425639826063,41
40,4,"[1,14,27,40]",0.35,3.0,1.0,even_idm_leader_d02,0.2,margin,8.0,1.5,0,5.0,closed symmetric acceleration-command pulse,0.1,4,"[1,14,27,40]",1.0,jerk_saturation,5.0,-30.0,0,idm,[],60.0,0.2,even,8.738069373651479,16.115330595552763,0.0072817244780428985,3.0,gap_lower,8.8,0.3942334702223619,1,5.0,gap_lower,0.5486383391061478,7.300000000000001,1,0.32756199473345443,0.0,0.7,1.0,c78e84e73e397b02,1.0,29,controller_boundary_extension,1.0,24.0,20.0,0.11212065302659793,2.1399999999996453,0.52005114003531,349.52277494605914,41
40,4,"[1,14,27,40]",0.35,4.5,1.0,even_idm_leader_d02,0.2,margin,8.0,1.5,0,5.0,closed symmetric acceleration-command pulse,0.1,4,"[1,14,27,40]",1.0,jerk_saturation,5.0,-45.0,0,idm,[],60.0,0.2,even,14.240159229054845,9.80848356489821,0.011866799357545704,4.5,gap_lower,9.700000000000001,0.7095758217550895,1,5.0,gap_lower,0.2761419578585306,8.5,1,0.3585290750924407,0.0,0.7,1.0,c87eb20e42e1c09f,1.0,191,controller_boundary_extension,1.0,24.0,20.0,0.10076748468297973,3.1590098506686672,0.7162461923310168,569.6063691621938,41
40,4,"[19,20,21,22]",0.35,4.0,0.0,middle_idm_leader_d02,0.2,margin,8.0,1.5,0,5.0,closed symmetric acceleration-command pulse,0.1,4,"[19,20,21,22]",113.0,jerk_saturation,5.0,-40.0,0,idm,[],60.0,0.2,middle,235.34234630665492,-103.32025842484684,0.19611862192221244,4.5,gap_lower,60.0,6.366012921242342,19,5.000000000000004,gap_lower,-5.537068457522253,59.900000000000006,19,3.3333333333333335,0.0005726856666707173,0.7,0.0,c960c13d9234ae50,0.0,191,layout_boundary_extension,0.0,24.0,20.0,4.5,127.32025842484684,20.0,9413.693852266197,41
40,4,"[19,20,21,22]",0.35,4.0,0.0,middle_idm_leader_d02,0.2,margin,8.0,1.5,0,5.0,closed symmetric acceleration-command pulse,0.1,4,"[19,20,21,22]",114.0,jerk_saturation,5.0,-40.0,0,idm,[],60.0,0.2,middle,236.67230222909248,-103.31419662577865,0.19722691852424373,4.5,gap_lower,60.0,6.365709831288933,19,5.000000000000004,gap_lower,-5.536500804510273,59.900000000000006,19,3.3333333333333335,0.0007832833900961825,0.7,0.0,c96eeb71a5a2a3e3,0.0,131,layout_boundary_extension,0.0,24.0,20.0,4.5,127.31419662577865,20.0,9466.892089163699,41
40,4,"[1,14,27,40]",0.35,3.5,0.0,even_idm_internal8_d02,0.2,margin,8.0,1.5,8,5.0,closed symmetric acceleration-command pulse,0.1,4,"[1,14,27,40]",77.0,jerk_saturation,5.0,-35.0,8,idm,[],60.0,0.2,even,163.8746972264624,-85.31717517661798,0.13656224768871864,4.5,gap_lower,45.0,5.465858758830899,27,5.000000000000004,gap_lower,-4.6118398438498325,59.900000000000006,40,3.8095238095238093,3.1376834194477423,0.7,0.0,c9dfe41c5a4e819a,0.0,97,prediction_boundary_extension,0.0,24.0,20.0,4.5,106.01367449483094,20.0,6554.987889058495,41
40,4,"[1,14,27,40]",0.35,4.5,0.0,even_ovm_leader_d02,0.2,margin,8.0,1.5,0,5.0,closed symmetric acceleration-command pulse,0.1,4,"[1,14,27,40]",20.0,jerk_saturation,5.0,-45.0,0,ovm,[],60.0,0.2,even,43.68542853148749,-39.06314134741547,0.036404523776239574,4.5,gap_lower,57.1,3.153157067370773,27,5.0,gap_lower,-2.168804657767327,56.0,27,2.356146160826896,0.0,0.7,0.0,c9f5df12eb9b0209,0.0,149,prediction_boundary_extension,0.0,24.0,20.0,3.1606392763621765,63.06314134741547,12.025214161230139,1747.4171412594997,41
40,4,"[1,14,27,40]",0.35,4.5,0.0,even_ovm_leader_d02,0.2,margin,8.0,1.5,0,5.0,closed symmetric acceleration-command pulse,0.1,4,"[1,14,27,40]",20.0,jerk_saturation,5.0,-45.0,0,ovm,[],60.0,0.2,even,43.17101032398914,-39.75631464712416,0.035975841936657614,4.5,gap_lower,57.800000000000004,3.1878157323562077,27,5.0,gap_lower,-2.2041436960595804,56.6,27,2.3568370688074345,0.0,0.7,0.0,cc0d02768b64bc1e,0.0,113,prediction_boundary_extension,0.0,24.0,20.0,3.033318321250048,63.75631464712416,11.603935271897402,1726.8404129595656,41
20,2,"[1,20]",0.35,4.5,1.0,even_idm_leader_N20,0.2,predictive,8.0,1.5,0,5.0,closed symmetric acceleration-command pulse,0.1,2,"[1,20]",1.0,jerk_saturation,5.0,-45.0,0,idm,[],60.0,0.2,even,21.8173514916574,9.234120354019865,0.018181126243047834,4.5,gap_lower,9.8,0.7382939822990068,1,5.0,gap_lower,0.25002510505065756,8.6,1,0.5439290292148939,0.22222212199194022,0.7,1.0,cd48df52206a848f,1.0,131,chain_length_boundary_extension,1.0,24.0,20.0,0.02350297502621668,1.1439325018855016,0.22762326284841805,436.34702983314804,21
40,4,"[1,14,27,40]",0.35,3.0,1.0,even_idm_leader_cmd04,0.4,margin,8.0,1.5,0,5.0,closed symmetric acceleration-command pulse,0.1,4,"[1,14,27,40]",1.0,jerk_saturation,5.0,-30.0,0,idm,[],60.0,0.2,even,9.009107393457034,15.979445394536441,0.007507589494547529,3.0,gap_lower,8.700000000000001,0.40102773027317795,1,5.0,gap_lower,0.5399746311901266,7.2,1,0.4071869233011106,0.0,0.7,1.0,ce8aa27f77d2bb5f,1.0,149,prediction_boundary_extension,1.0,24.0,20.0,0.12106937418949398,2.3662500000145883,0.549999999999983,360.3642957382814,41
40,4,"[1,14,27,40]",0.35,4.0,0.0,even_idm_internal8_d02,0.2,margin,8.0,1.5,8,5.0,closed symmetric acceleration-command pulse,0.1,4,"[1,14,27,40]",79.0,jerk_saturation,5.0,-40.0,8,idm,[],60.0,0.2,even,168.97908729617515,-84.83718751942075,0.14081590608014596,4.5,gap_lower,44.900000000000006,5.441859375971037,27,5.000000000000004,gap_lower,-4.552563078248827,59.900000000000006,40,3.3333333333333335,2.712999257325779,0.7,0.0,d0faa87f1e5c0eb6,0.0,191,prediction_boundary_extension,0.0,24.0,20.0,4.5,104.64233375083558,20.0,6759.163491847006,41
40,4,"[1,14,27,40]",0.35,3.5,1.0,even_idm_leader_d02,0.2,predictive,8.0,1.5,0,5.0,closed symmetric acceleration-command pulse,0.1,4,"[1,14,27,40]",1.0,jerk_saturation,5.0,-35.0,0,idm,[],60.0,0.2,even,8.90455954111339,13.674353219536897,0.007420466284261159,3.5,gap_lower,9.200000000000001,0.5162823390231551,1,5.0,gap_lower,0.4486265400618124,7.5,1,0.29976503313069713,0.0,0.7,1.0,d1a24dc74486328e,1.0,131,controller_boundary_extension,1.0,24.0,20.0,0.07923635907416438,3.143640921945405,0.5111671807911691,356.1823816445356,41
40,4,"[1,14,27,40]",0.35,3.5,1.0,even_idm_leader_cmd04,0.4,margin,8.0,1.5,0,5.0,closed symmetric acceleration-command pulse,0.1,4,"[1,14,27,40]",1.0,jerk_saturation,5.0,-35.0,0,idm,[],60.0,0.2,even,10.735772801519024,14.05906780402114,0.008946477334599186,3.5,gap_lower,9.0,0.497046609798943,1,5.0,gap_lower,0.4527388364141952,7.300000000000001,1,0.38235309462831424,0.0,0.7,1.0,d1c34d7a8e480648,1.0,167,prediction_boundary_extension,1.0,24.0,20.0,0.14187506801066302,1.5698165354039588,0.5749999999999922,429.430912060761,41
40,4,"[1,14,27,40]",0.35,4.5,1.0,even_idm_leader_d02,0.2,margin,8.0,1.5,0,5.0,closed symmetric acceleration-command pulse,0.1,4,"[1,14,27,40]",1.0,jerk_saturation,5.0,-45.0,0,idm,[],60.0,0.2,even,15.940103182900696,9.80848356489821,0.013283419319083913,4.5,gap_lower,9.700000000000001,0.7095758217550895,1,5.0,gap_lower,0.2761419578585306,8.5,1,0.5412348200440933,0.0,0.7,1.0,d1fb9c148bc12cab,1.0,47,controller_boundary_extension,1.0,24.0,20.0,0.1595783891982252,4.47804501876243,0.7999999999999794,637.6041273160279,41
40,4,"[1,14,27,40]",0.35,3.0,1.0,even_idm_leader_cmd04,0.4,margin,8.0,1.5,0,5.0,closed symmetric acceleration-command pulse,0.1,4,"[1,14,27,40]",1.0,jerk_saturation,5.0,-30.0,0,idm,[],60.0,0.2,even,8.662094585986868,15.979445394536441,0.007218412154989056,3.0,gap_lower,8.700000000000001,0.40102773027317795,1,5.0,gap_lower,0.5399746311901266,7.2,1,0.3643409132088327,0.0,0.7,1.0,d20157165246c380,1.0,167,prediction_boundary_extension,1.0,24.0,20.0,0.13798199611574347,2.3662500000145883,0.5250000000000021,346.4837834394747,41
40,4,"[1,14,27,40]",0.35,3.5,1.0,even_idm_leader_d02,0.2,margin,8.0,1.5,0,5.0,closed symmetric acceleration-command pulse,0.1,4,"[1,14,27,40]",1.0,jerk_saturation,5.0,-35.0,0,idm,[],60.0,0.2,even,11.00575479183015,14.20792036867158,0.009171462326525125,3.5,gap_lower,9.1,0.489603981566421,1,5.0,gap_lower,0.4666363141647808,7.5,1,0.35551587789672856,0.0,0.7,1.0,d274c368bd957d62,1.0,79,controller_boundary_extension,1.0,24.0,20.0,0.15889212827988486,2.720900571327661,0.5767658882412547,440.230191673206,41
20,2,"[1,20]",0.35,3.5,1.0,even_idm_leader_N20,0.2,predictive,8.0,1.5,0,5.0,closed symmetric acceleration-command pulse,0.1,2,"[1,20]",1.0,jerk_saturation,5.0,-35.0,0,idm,[],60.0,0.2,even,14.93569922551228,13.674353219536897,0.012446416021260233,3.5,gap_lower,9.200000000000001,0.5162823390231551,1,5.0,gap_lower,0.4486265400618124,7.5,1,0.30530883686624644,0.09523809523808915,0.7,1.0,d3061c391141b5b2,1.0,113,chain_length_boundary_extension,1.0,24.0,20.0,0.03185273708073543,1.811683327521223,0.3500647788762983,298.7139845102456,21
40,4,"[1,14,27,40]",0.35,3.5,1.0,even_idm_leader_cmd04,0.4,margin,8.0,1.5,0,5.0,closed symmetric acceleration-command pulse,0.1,4,"[1,14,27,40]",1.0,jerk_saturation,5.0,-35.0,0,idm,[],60.0,0.2,even,11.581064058653974,14.05906780402114,0.009650886715544978,3.5,gap_lower,9.0,0.497046609798943,1,5.0,gap_lower,0.4527388364141952,7.300000000000001,1,0.5016700128828269,0.0,0.7,1.0,d3108afcf44bfeb1,1.0,113,prediction_boundary_extension,1.0,24.0,20.0,0.15554868540518432,1.9865840174854839,0.6749999999999794,463.24256234615893,41
40,4,"[1,14,27,40]",0.35,3.5,1.0,even_idm_leader_d02,0.2,margin,8.0,1.5,0,5.0,closed symmetric acceleration-command pulse,0.1,4,"[1,14,27,40]",1.0,jerk_saturation,5.0,-35.0,0,idm,[],60.0,0.2,even,11.471573427727574,14.20792036867158,0.009559644523106313,3.5,gap_lower,9.1,0.489603981566421,1,5.0,gap_lower,0.4666363141647808,7.5,1,0.4173409991409911,0.0,0.7,1.0,d3b7db930241400a,1.0,11,controller_boundary_extension,1.0,24.0,20.0,0.12142880816415845,2.883385122791708,0.6584664336761819,458.862937109103,41
20,2,"[1,20]",0.35,3.5,1.0,even_idm_leader_N20,0.2,margin,8.0,1.5,0,5.0,closed symmetric acceleration-command pulse,0.1,2,"[1,20]",1.0,jerk_saturation,5.0,-35.0,0,idm,[],60.0,0.2,even,16.749833471861752,14.20792036867158,0.013958194559884793,3.5,gap_lower,9.1,0.489603981566421,1,5.0,gap_lower,0.4666363141647808,7.5,1,0.37413752029549674,0.19047617343800635,0.7,1.0,d443e1f14d66f65d,1.0,113,chain_length_boundary_extension,1.0,24.0,20.0,0.21679742284342815,1.9075000000002547,0.3806122448988454,334.996669437235,21
40,4,"[37,38,39,40]",0.35,4.5,0.0,rear_idm_leader_d02,0.2,margin,8.0,1.5,0,5.0,closed symmetric acceleration-command pulse,0.1,4,"[37,38,39,40]",144.0,jerk_saturation,5.0,-45.0,0,idm,[],60.0,0.2,rear,336.235635044209,-56.84143689224474,0.2801963625368408,4.5,gap_lower,60.0,4.042071844612236,37,5.000000000000004,gap_lower,-3.5258281695608567,59.900000000000006,37,2.962962962962963,0.09074179057147091,0.7,0.0,d45660fc762112f5,0.0,131,layout_boundary_extension,0.0,24.0,20.0,4.5,116.67733406863056,20.0,13449.42540176836,41
40,4,"[1,14,27,40]",0.35,3.0,1.0,even_ovm_leader_d02,0.2,margin,8.0,1.5,0,5.0,closed symmetric acceleration-command pulse,0.1,4,"[1,14,27,40]",5.0,jerk_saturation,5.0,-30.0,0,ovm,[],60.0,0.2,even,17.512333268383767,1.30132435738426,0.014593611056986472,3.2352681824671556,gap_lower,55.400000000000006,1.134933782130787,27,5.0,gap_lower,-0.15966551486888308,53.900000000000006,27,1.6921258556065197,0.0,0.7,0.0,d5574bfadaa7391b,0.0,97,prediction_boundary_extension,0.0,24.0,20.0,2.0,17.617302397472088,7.102247933134922,700.4933307353507,41
40,4,"[1,14,27,40]",0.35,4.5,0.0,even_idm_internal8_d02,0.2,margin,8.0,1.5,8,5.0,closed symmetric acceleration-command pulse,0.1,4,"[1,14,27,40]",79.0,jerk_saturation,5.0,-45.0,8,idm,[],60.0,0.2,even,182.167144968547,-88.2522204174497,0.15180595414045586,4.5,gap_lower,45.800000000000004,5.612611020872485,27,5.000000000000004,gap_lower,-4.629506486463285,42.6,27,2.962962962962963,2.4407832365386812,0.7,0.0,d63420129c9a2f21,0.0,97,prediction_boundary_extension,0.0,24.0,20.0,4.5,106.13178469670586,20.0,7286.685798741881,41
40,4,"[1,14,27,40]",0.35,3.0,1.0,even_idm_leader_d02,0.2,margin,8.0,1.5,0,5.0,closed symmetric acceleration-command pulse,0.1,4,"[1,14,27,40]",1.0,jerk_saturation,5.0,-30.0,0,idm,[],60.0,0.2,even,8.872373764018487,16.115330595552763,0.007393644803348739,3.0,gap_lower,8.8,0.3942334702223619,1,5.0,gap_lower,0.5486383391061478,7.300000000000001,1,0.3333840976110578,0.0,0.7,1.0,d694520378939ed1,1.0,61,controller_boundary_extension,1.0,24.0,20.0,0.13374649561585833,2.1399999999996453,0.4530116970062785,354.89495056073946,41
20,2,"[1,20]",0.35,4.0,1.0,even_idm_leader_N20,0.2,predictive,8.0,1.5,0,5.0,closed symmetric acceleration-command pulse,0.1,2,"[1,20]",1.0,jerk_saturation,5.0,-40.0,0,idm,[],60.0,0.2,even,18.388199426012264,11.555740756002223,0.015323499521676887,4.0,gap_lower,9.5,0.6222129621998889,1,5.0,gap_lower,0.36117558889014545,7.7,1,0.44758457341012736,0.19166658655985694,0.7,1.0,d6c60085b02e2fec,1.0,167,chain_length_boundary_extension,1.0,24.0,20.0,0.02923760883959972,1.198285531706233,0.2750002974300294,367.7639885202453,21
40,4,"[19,20,21,22]",0.35,4.5,0.0,middle_idm_leader_d02,0.2,margin,8.0,1.5,0,5.0,closed symmetric acceleration-command pulse,0.1,4,"[19,20,21,22]",103.0,jerk_saturation,5.0,-45.0,0,idm,[],60.0,0.2,middle,226.63638838701627,-103.36547186712023,0.18886365698918023,4.5,gap_lower,60.0,6.368273593356012,19,5.000000000000004,gap_lower,-5.538771445727102,59.900000000000006,19,2.962962962962963,0.0007882324829708936,0.7,0.0,d78e92a207ebf4d9,0.0,167,layout_boundary_extension,0.0,24.0,20.0,4.5,127.36547186712023,20.0,9065.45553548065,41
40,4,"[1,14,27,40]",0.35,4.5,1.0,even_idm_leader_d02,0.2,predictive,8.0,1.5,0,5.0,closed symmetric acceleration-command pulse,0.1,4,"[1,14,27,40]",1.0,jerk_saturation,5.0,-45.0,0,idm,[],60.0,0.2,even,13.521089432141277,9.234120354019865,0.011267574526784398,4.5,gap_lower,9.8,0.7382939822990068,1,5.0,gap_lower,0.25002510505065756,8.6,1,0.5052748175823062,0.0,0.7,1.0,d82620d27f41b71b,1.0,149,controller_boundary_extension,1.0,24.0,20.0,0.21679742284258186,4.627186027187349,0.6249999735129421,540.8435772856511,41
40,4,"[37,38,39,40]",0.35,3.0,0.0,rear_idm_leader_d02,0.2,margin,8.0,1.5,0,5.0,closed symmetric acceleration-command pulse,0.1,4,"[37,38,39,40]",139.0,jerk_saturation,5.0,-30.0,0,idm,[],60.0,0.2,rear,308.87097505663735,-58.48838430004126,0.25739247921386443,4.5,gap_lower,60.0,4.124419215002063,37,5.000000000000004,gap_lower,-3.5954272441233677,59.900000000000006,37,4.444444444444445,0.147223025664108,0.7,0.0,d96ea0c0fcca7912,0.0,97,layout_boundary_extension,0.0,24.0,20.0,4.5,150.79383273282815,20.0,12354.839002265493,41
20,2,"[1,20]",0.35,4.5,0.0,even_idm_leader_N20,0.2,margin,8.0,1.5,0,5.0,closed symmetric acceleration-command pulse,0.1,2,"[1,20]",15.0,jerk_saturation,5.0,-45.0,0,idm,[],60.0,0.2,even,36.08993712741763,-22.95822560417301,0.030074947606181353,4.5,gap_lower,40.5,2.3479112802086504,20,5.000000000000004,gap_lower,-1.3567532057973324,39.7,20,2.0232609449807706,1.0837200312695359,0.7,0.0,d980f653422ab22d,0.0,113,chain_length_boundary_extension,0.0,24.0,20.0,0.5000000666442267,34.64509150589345,4.278659709546467,721.7987425483525,21
80,8,"[1,12,24,35,46,57,69,80]",0.35,4.5,1.0,even_idm_leader_N80,0.2,margin,8.0,1.5,0,5.0,closed symmetric acceleration-command pulse,0.1,8,"[1,12,24,35,46,57,69,80]",1.0,jerk_saturation,5.0,-45.0,0,idm,[],60.0,0.2,even,7.6634587588516325,9.80848356489821,0.00638621563237636,4.5,gap_lower,9.700000000000001,0.7095758217550895,1,5.0,gap_lower,0.2761419578585306,8.5,1,0.4272732763499184,0.0,0.7,1.0,d988c483de959af6,1.0,97,chain_length_boundary_extension,1.0,24.0,20.0,0.2488521333507932,3.3919169700344014,0.8499999999999979,613.0767007081306,81
40,4,"[1,2,3,4]",0.35,4.5,1.0,front_idm_leader_d02,0.2,margin,8.0,1.5,0,5.0,closed symmetric acceleration-command pulse,0.1,4,"[1,2,3,4]",1.0,jerk_saturation,5.0,-45.0,0,idm,[],60.0,0.2,front,14.370642972080622,9.80848356489821,0.011975535810067186,4.5,gap_lower,9.700000000000001,0.7095758217550895,1,5.0,gap_lower,0.2761419578585306,8.5,1,0.3585290750924407,5.87876141209007e-06,0.7,1.0,d9cb90c8552fbd9d,1.0,113,layout_boundary_extension,1.0,24.0,20.0,0.2167974229774156,2.6424917373906283,0.9157405947856887,574.8257188832249,41
40,4,"[19,20,21,22]",0.35,4.0,0.0,middle_idm_leader_d02,0.2,margin,8.0,1.5,0,5.0,closed symmetric acceleration-command pulse,0.1,4,"[19,20,21,22]",115.0,jerk_saturation,5.0,-40.0,0,idm,[],60.0,0.2,middle,234.68154114285875,-103.32835173102372,0.1955679509523823,4.5,gap_lower,60.0,6.366417586551186,19,5.000000000000004,gap_lower,-5.537447684115648,59.900000000000006,19,3.3333333333333335,0.0008866380873246982,0.7,0.0,db100dac44008893,0.0,167,layout_boundary_extension,0.0,24.0,20.0,4.5,127.32835173102372,20.0,9387.26164571435,41
80,8,"[1,12,24,35,46,57,69,80]",0.35,3.0,1.0,even_idm_leader_N80,0.2,predictive,8.0,1.5,0,5.0,closed symmetric acceleration-command pulse,0.1,8,"[1,12,24,35,46,57,69,80]",1.0,jerk_saturation,5.0,-30.0,0,idm,[],60.0,0.2,even,3.2837278731152937,15.70082118003802,0.0027364398942627444,3.0,gap_lower,9.0,0.41495894099809905,1,5.0,gap_lower,0.5337119637701708,7.2,1,0.2832591331061486,0.0,0.7,1.0,db39f2924169d9ef,1.0,149,chain_length_boundary_extension,1.0,24.0,20.0,0.21679742284252337,2.7376589185880107,0.38268975747785916,262.6982298492235,81
40,4,"[1,14,27,40]",0.35,3.0,1.0,even_ovm_leader_d02,0.2,margin,8.0,1.5,0,5.0,closed symmetric acceleration-command pulse,0.1,4,"[1,14,27,40]",2.0,jerk_saturation,5.0,-30.0,0,ovm,[],60.0,0.2,even,14.673459887484498,5.435350037491332,0.012227883239570414,3.0,acceleration_upper,55.0,1.0,26,5.0,acceleration_upper,0.0,54.900000000000006,26,1.2871783827931553,0.0,0.7,0.0,db627db63e48b36d,1.0,149,prediction_boundary_extension,0.0,24.0,20.0,1.2237839637836874,15.144601027200224,3.9422351734760817,586.9383954993799,41
40,4,"[1,14,27,40]",0.35,3.0,1.0,even_idm_leader_d02,0.2,margin,8.0,1.5,0,5.0,closed symmetric acceleration-command pulse,0.1,4,"[1,14,27,40]",1.0,jerk_saturation,5.0,-30.0,0,idm,[],60.0,0.2,even,8.589446237281186,16.115330595552763,0.007157871864400988,3.0,gap_lower,8.8,0.3942334702223619,1,5.0,gap_lower,0.5486383391061478,7.300000000000001,1,0.32756199473345443,0.0,0.7,1.0,dca30c51ec5000ce,1.0,167,controller_boundary_extension,1.0,24.0,20.0,0.11114879009438881,2.1399999999996453,0.4701891323010976,343.57784949124743,41
20,2,"[1,20]",0.35,3.5,1.0,even_idm_leader_N20,0.2,margin,8.0,1.5,0,5.0,closed symmetric acceleration-command pulse,0.1,2,"[1,20]",1.0,jerk_saturation,5.0,-35.0,0,idm,[],60.0,0.2,even,16.749487474348605,14.20792036867158,0.013957906228623836,3.5,gap_lower,9.1,0.489603981566421,1,5.0,gap_lower,0.4666363141647808,7.5,1,0.33945076771511296,0.1666666666613748,0.7,1.0,dd700fcdf10bbc99,1.0,131,chain_length_boundary_extension,1.0,24.0,20.0,0.02362726142621668,1.9075000000002547,0.35001686247304775,334.9897494869721,21
40,4,"[1,14,27,40]",0.35,4.5,1.0,even_idm_leader_d02,0.2,predictive,8.0,1.5,0,5.0,closed symmetric acceleration-command pulse,0.1,4,"[1,14,27,40]",1.0,jerk_saturation,5.0,-45.0,0,idm,[],60.0,0.2,even,13.20875592492086,9.234120354019865,0.011007296604100717,4.5,gap_lower,9.8,0.7382939822990068,1,5.0,gap_lower,0.25002510505065756,8.6,1,0.4083185282539048,0.0,0.7,1.0,dd958152990954dd,1.0,3,controller_boundary_extension,1.0,24.0,20.0,0.0786441112074525,4.516201999001794,0.6502121030881867,528.3502369968344,41
40,4,"[1,14,27,40]",0.35,4.0,1.0,even_idm_leader_d02,0.2,margin,8.0,1.5,0,5.0,closed symmetric acceleration-command pulse,0.1,4,"[1,14,27,40]",1.0,jerk_saturation,5.0,-40.0,0,idm,[],60.0,0.2,even,12.570068873330639,12.096727966740218,0.010475057394442199,4.0,gap_lower,9.4,0.5951636016629891,1,5.0,gap_lower,0.37964831986635705,7.5,1,0.38029011500878757,0.0,0.7,1.0,ddf0437455f70ddd,1.0,167,controller_boundary_extension,1.0,24.0,20.0,0.12308519242388252,2.795555249504446,0.6266723451521798,502.8027549332256,41
40,4,"[1,14,27,40]",0.35,3.0,1.0,even_idm_leader_cmd04,0.4,margin,8.0,1.5,0,5.0,closed symmetric acceleration-command pulse,0.1,4,"[1,14,27,40]",1.0,jerk_saturation,5.0,-30.0,0,idm,[],60.0,0.2,even,9.021199020612078,15.979445394536441,0.007517665850510066,3.0,gap_lower,8.700000000000001,0.40102773027317795,1,5.0,gap_lower,0.5399746311901266,7.2,1,0.3643409132088327,0.0,0.7,1.0,de037038afa64e70,1.0,131,prediction_boundary_extension,1.0,24.0,20.0,0.1477343718595118,2.3662500000145883,0.549999999999983,360.84796082448315,41
40,4,"[1,14,27,40]",0.35,4.5,1.0,even_idm_leader_d02,0.2,predictive,8.0,1.5,0,5.0,closed symmetric acceleration-command pulse,0.1,4,"[1,14,27,40]",1.0,jerk_saturation,5.0,-45.0,0,idm,[],60.0,0.2,even,13.848130746937022,9.234120354019865,0.011540108955780852,4.5,gap_lower,9.8,0.7382939822990068,1,5.0,gap_lower,0.25002510505065756,8.6,1,0.5269395806800267,0.0,0.7,1.0,e00516b903dda8ae,1.0,113,controller_boundary_extension,1.0,24.0,20.0,0.08134618430043009,4.783403150262359,0.6499999964822365,553.9252298774809,41
80,8,"[1,12,24,35,46,57,69,80]",0.35,3.0,1.0,even_idm_leader_N80,0.2,predictive,8.0,1.5,0,5.0,closed symmetric acceleration-command pulse,0.1,8,"[1,12,24,35,46,57,69,80]",1.0,jerk_saturation,5.0,-30.0,0,idm,[],60.0,0.2,even,3.3726745449912245,15.70082118003802,0.00281056212082602,3.0,gap_lower,9.0,0.41495894099809905,1,5.0,gap_lower,0.5337119637701708,7.2,1,0.2832591331061486,0.0,0.7,1.0,e07a9897b1ddee1f,1.0,97,chain_length_boundary_extension,1.0,24.0,20.0,0.04814901026675444,3.1732923691879478,0.42364841944838716,269.81396359929795,81
40,4,"[1,14,27,40]",0.35,4.5,1.0,even_idm_leader_d02,0.2,predictive,8.0,1.5,0,5.0,closed symmetric acceleration-command pulse,0.1,4,"[1,14,27,40]",2.0,jerk_saturation,5.0,-45.0,0,idm,[],60.0,0.2,even,14.29652722638375,9.234120354019865,0.011913772688653125,4.5,gap_lower,9.8,0.7382939822990068,1,5.0,gap_lower,0.25002510505065756,8.6,1,0.5817980132231307,0.0,0.7,0.0,e0d05ef89e5a6470,1.0,11,controller_boundary_extension,0.0,24.0,20.0,0.10191673649209043,5.507779225495199,0.6308726327125846,571.86108905535,41
40,4,"[1,14,27,40]",0.35,3.0,1.0,even_idm_leader_cmd0,0.0,margin,8.0,1.5,0,5.0,closed symmetric acceleration-command pulse,0.1,4,"[1,14,27,40]",1.0,jerk_saturation,5.0,-30.0,0,idm,[],60.0,0.2,even,9.274508668824058,16.244003254589472,0.007728757224020049,3.0,gap_lower,8.9,0.38779983727052636,1,5.0,gap_lower,0.5585233928582174,7.1000000000000005,1,0.31481000501346773,0.0,0.7,1.0,e0dc3dc97df7e5da,1.0,113,prediction_boundary_extension,1.0,24.0,20.0,0.09365896774104822,2.637499999999818,0.5342009413676436,370.98034675296236,41
80,8,"[1,12,24,35,46,57,69,80]",0.35,4.5,1.0,even_idm_leader_N80,0.2,margin,8.0,1.5,0,5.0,closed symmetric acceleration-command pulse,0.1,8,"[1,12,24,35,46,57,69,80]",1.0,jerk_saturation,5.0,-45.0,0,idm,[],60.0,0.2,even,8.120192883342154,9.80848356489821,0.006766827402785129,4.5,gap_lower,9.700000000000001,0.7095758217550895,1,5.0,gap_lower,0.2761419578585306,8.5,1,0.6018769523687455,0.0,0.7,1.0,e15260706095a09e,1.0,167,chain_length_boundary_extension,1.0,24.0,20.0,0.2495816812502891,3.1701766381622747,0.8999999999999879,649.6154306673724,81
40,4,"[1,14,27,40]",0.35,4.0,1.0,even_idm_leader_d02,0.2,predictive,8.0,1.5,0,5.0,closed symmetric acceleration-command pulse,0.1,4,"[1,14,27,40]",1.0,jerk_saturation,5.0,-40.0,0,idm,[],60.0,0.2,even,9.944824902439104,11.555740756002223,0.00828735408536592,4.0,gap_lower,9.5,0.6222129621998889,1,5.0,gap_lower,0.36117558889014545,7.7,1,0.31221111491224046,0.0,0.7,1.0,e26facdbad90aef0,1.0,191,controller_boundary_extension,1.0,24.0,20.0,0.21679742284373704,3.252410152648963,0.5427133786412455,397.7929960975641,41
40,4,"[19,20,21,22]",0.35,3.0,0.0,middle_idm_leader_d02,0.2,margin,8.0,1.5,0,5.0,closed symmetric acceleration-command pulse,0.1,4,"[19,20,21,22]",112.0,jerk_saturation,5.0,-30.0,0,idm,[],60.0,0.2,middle,215.53557827720297,-103.31997963373175,0.17961298189766914,4.5,gap_lower,60.0,6.365998981686587,19,5.000000000000004,gap_lower,-5.534658386886233,59.6,19,4.444444444444445,0.00105016033420608,0.7,0.0,e2d94a9fc9e965b0,0.0,167,layout_boundary_extension,0.0,24.0,20.0,4.5,127.31997963373175,20.0,8621.423131088119,41
40,4,"[1,14,27,40]",0.35,3.5,1.0,even_idm_leader_d02,0.2,predictive,8.0,1.5,0,5.0,closed symmetric acceleration-command pulse,0.1,4,"[1,14,27,40]",1.0,jerk_saturation,5.0,-35.0,0,idm,[],60.0,0.2,even,8.600172704983137,13.674353219536897,0.007166810587485948,3.5,gap_lower,9.200000000000001,0.5162823390231551,1,5.0,gap_lower,0.4486265400618124,7.5,1,0.29976503313069713,0.0,0.7,1.0,e34242b5de695451,1.0,29,controller_boundary_extension,1.0,24.0,20.0,0.1224489795918787,3.119685743446098,0.49029361049628406,344.0069081993255,41
40,4,"[19,20,21,22]",0.35,4.5,0.0,middle_idm_leader_d02,0.2,margin,8.0,1.5,0,5.0,closed symmetric acceleration-command pulse,0.1,4,"[19,20,21,22]",117.0,jerk_saturation,5.0,-45.0,0,idm,[],60.0,0.2,middle,246.8362488458252,-103.37954971017854,0.20569687403818765,4.5,gap_lower,60.0,6.3689774855089265,19,5.000000000000004,gap_lower,-5.544285342993936,59.900000000000006,19,2.962962962962963,0.0006963650791415485,0.7,0.0,e54b117dea7a098a,0.0,131,layout_boundary_extension,0.0,24.0,20.0,4.5,127.37954971017854,20.0,9873.449953833007,41
40,4,"[19,20,21,22]",0.35,4.0,0.0,middle_idm_leader_d02,0.2,margin,8.0,1.5,0,5.0,closed symmetric acceleration-command pulse,0.1,4,"[19,20,21,22]",106.0,jerk_saturation,5.0,-40.0,0,idm,[],60.0,0.2,middle,226.73417186108628,-103.32661280865923,0.1889451432175719,4.5,gap_lower,60.0,6.366330640432961,19,5.000000000000004,gap_lower,-5.536998053793715,59.900000000000006,19,3.3333333333333335,0.001151919545336592,0.7,0.0,e60582a2e2dac651,0.0,149,layout_boundary_extension,0.0,24.0,20.0,4.5,153.84789975290278,20.0,9069.36687444345,41
40,4,"[1,14,27,40]",0.35,4.0,1.0,even_idm_leader_cmd0,0.0,margin,8.0,1.5,0,5.0,closed symmetric acceleration-command pulse,0.1,4,"[1,14,27,40]",1.0,jerk_saturation,5.0,-40.0,0,idm,[],60.0,0.2,even,12.470879205253123,12.173968247974898,0.010392399337710936,4.0,gap_lower,9.4,0.5913015876012551,1,5.0,gap_lower,0.39184599186182983,7.7,1,0.328971595970654,0.0,0.7,1.0,e6193b99e3d2d7cc,1.0,167,prediction_boundary_extension,1.0,24.0,20.0,0.1588925731540226,2.9910969387833575,0.6425632033512443,498.83516821012495,41
40,4,"[19,20,21,22]",0.35,4.5,0.0,middle_idm_leader_d02,0.2,margin,8.0,1.5,0,5.0,closed symmetric acceleration-command pulse,0.1,4,"[19,20,21,22]",117.0,jerk_saturation,5.0,-45.0,0,idm,[],60.0,0.2,middle,248.35116800192745,-103.37622432331314,0.2069593066682729,4.5,gap_lower,60.0,6.368811216165657,19,5.000000000000004,gap_lower,-5.543475602305639,59.900000000000006,19,2.962962962962963,0.0010236226134436618,0.7,0.0,e78e4e6896558965,0.0,149,layout_boundary_extension,0.0,24.0,20.0,4.5,147.5826248642834,20.0,9934.046720077098,41
40,4,"[1,14,27,40]",0.35,3.5,1.0,even_idm_leader_d02,0.2,margin,8.0,1.5,0,5.0,closed symmetric acceleration-command pulse,0.1,4,"[1,14,27,40]",1.0,jerk_saturation,5.0,-35.0,0,idm,[],60.0,0.2,even,11.2594359182054,14.20792036867158,0.009382863265171166,3.5,gap_lower,9.1,0.489603981566421,1,5.0,gap_lower,0.4666363141647808,7.5,1,0.403241731877434,0.0,0.7,1.0,e7913abc3fcac1f5,1.0,113,controller_boundary_extension,1.0,24.0,20.0,0.12101613888258438,2.510671886239436,0.5574020978882892,450.37743672821597,41
80,8,"[1,12,24,35,46,57,69,80]",0.35,3.5,1.0,even_idm_leader_N80,0.2,margin,8.0,1.5,0,5.0,closed symmetric acceleration-command pulse,0.1,8,"[1,12,24,35,46,57,69,80]",1.0,jerk_saturation,5.0,-35.0,0,idm,[],60.0,0.2,even,5.429323085876897,14.20792036867158,0.004524435904897413,3.5,gap_lower,9.1,0.489603981566421,1,5.0,gap_lower,0.4666363141647808,7.5,1,0.39677392179763227,0.0,0.7,1.0,e8c0cfd77801a39b,1.0,113,chain_length_boundary_extension,1.0,24.0,20.0,0.09439339500463093,2.5185461864197123,0.6249999998297184,434.3458468701517,81
20,2,"[1,20]",0.35,4.5,1.0,even_idm_leader_N20,0.2,margin,8.0,1.5,0,5.0,closed symmetric acceleration-command pulse,0.1,2,"[1,20]",13.0,jerk_saturation,5.0,-45.0,0,idm,[],60.0,0.2,even,34.96696504548181,-19.47836236947657,0.029139137537901504,4.5,gap_lower,40.6,2.1739181184738285,20,5.0,gap_lower,-1.181957787331513,39.900000000000006,20,1.8775201392821748,1.0079390554227003,0.7,0.0,e98407337f61455c,0.0,191,chain_length_boundary_extension,0.0,24.0,20.0,0.5000000063998036,29.828712178221508,4.160118851164146,699.3393009096361,21
40,4,"[1,2,3,4]",0.35,4.0,1.0,front_idm_leader_d02,0.2,margin,8.0,1.5,0,5.0,closed symmetric acceleration-command pulse,0.1,4,"[1,2,3,4]",1.0,jerk_saturation,5.0,-40.0,0,idm,[],60.0,0.2,front,11.92654549297582,12.096727966740218,0.009938787910813183,4.0,gap_lower,9.4,0.5951636016629891,1,5.0,gap_lower,0.37964831986635705,7.5,1,0.34526586556937505,3.312790775330162e-06,0.7,1.0,eb85740d1f925e7d,1.0,167,layout_boundary_extension,1.0,24.0,20.0,0.06117097671099909,2.7262500000013006,0.7537893067538946,477.06181971903277,41
40,4,"[1,14,27,40]",0.35,3.0,0.0,even_idm_internal8_d02,0.2,margin,8.0,1.5,8,5.0,closed symmetric acceleration-command pulse,0.1,4,"[1,14,27,40]",75.0,jerk_saturation,5.0,-30.0,8,idm,[],60.0,0.2,even,152.9950845351019,-83.73570588877274,0.1274959037792516,4.5,gap_lower,44.6,5.386785294438637,27,5.000000000000004,gap_lower,-4.5665202147219635,59.900000000000006,40,4.444444444444445,3.6224732802962145,0.7,0.0,eb8caae230a8f1ee,0.0,131,prediction_boundary_extension,0.0,24.0,20.0,4.5,104.95127088405623,20.0,6119.803381404076,41
80,8,"[1,12,24,35,46,57,69,80]",0.35,3.0,1.0,even_idm_leader_N80,0.2,margin,8.0,1.5,0,5.0,closed symmetric acceleration-command pulse,0.1,8,"[1,12,24,35,46,57,69,80]",1.0,jerk_saturation,5.0,-30.0,0,idm,[],60.0,0.2,even,4.476480503145326,16.115330595552763,0.003730400419287771,3.0,gap_lower,8.8,0.3942334702223619,1,5.0,gap_lower,0.5486383391061478,7.300000000000001,1,0.34639512603475076,0.0,0.7,1.0,ebf8783126e75bd0,1.0,113,chain_length_boundary_extension,1.0,24.0,20.0,0.20351639197953247,2.1399999999996453,0.47499999999998366,358.11844025162605,81
40,4,"[37,38,39,40]",0.35,3.0,0.0,rear_idm_leader_d02,0.2,margin,8.0,1.5,0,5.0,closed symmetric acceleration-command pulse,0.1,4,"[37,38,39,40]",139.0,jerk_saturation,5.0,-30.0,0,idm,[],60.0,0.2,rear,306.12623769697404,-56.33876680060775,0.2551051980808117,4.5,gap_lower,60.0,4.0169383400303875,37,5.000000000000004,gap_lower,-3.5033869791394885,59.900000000000006,37,4.444444444444445,0.13055776020008933,0.7,0.0,ec0aadd560a3f9e5,0.0,131,layout_boundary_extension,0.0,24.0,20.0,4.5,102.94760390936983,20.0,12245.049507878963,41
20,2,"[1,20]",0.35,4.5,1.0,even_idm_leader_N20,0.2,predictive,8.0,1.5,0,5.0,closed symmetric acceleration-command pulse,0.1,2,"[1,20]",4.0,jerk_saturation,5.0,-45.0,0,idm,[],60.0,0.2,even,22.890102280289636,5.095799122009453,0.019075085233574696,4.5,jerk,32.6,1.0,18,5.0,acceleration_lower,0.0,33.0,19,1.0503959961630405,0.4523716242955105,0.7,1.0,ec0f071bd26781af,1.0,113,chain_length_boundary_extension,1.0,24.0,20.0,0.03173204137813367,1.9522256217505856,0.1546364457435736,457.8020456057927,21
40,4,"[1,14,27,40]",0.35,4.5,1.0,even_idm_leader_d02,0.2,margin,8.0,1.5,0,5.0,closed symmetric acceleration-command pulse,0.1,4,"[1,14,27,40]",1.0,jerk_saturation,5.0,-45.0,0,idm,[],60.0,0.2,even,15.3011862007412,9.80848356489821,0.012750988500617667,4.5,gap_lower,9.700000000000001,0.7095758217550895,1,5.0,gap_lower,0.2761419578585306,8.5,1,0.5187406963090572,0.0,0.7,1.0,ec7f4f8be6373063,1.0,167,controller_boundary_extension,1.0,24.0,20.0,0.15390099748989527,3.46245961680836,0.7749999999995865,612.047448029648,41
80,8,"[1,12,24,35,46,57,69,80]",0.35,3.5,1.0,even_idm_leader_N80,0.2,margin,8.0,1.5,0,5.0,closed symmetric acceleration-command pulse,0.1,8,"[1,12,24,35,46,57,69,80]",1.0,jerk_saturation,5.0,-35.0,0,idm,[],60.0,0.2,even,5.563399917149171,14.20792036867158,0.004636166597624309,3.5,gap_lower,9.1,0.489603981566421,1,5.0,gap_lower,0.4666363141647808,7.5,1,0.40495531104779137,0.0,0.7,1.0,ed42fdcc5fe279fd,1.0,167,chain_length_boundary_extension,1.0,24.0,20.0,0.12244897959183675,2.885455777751872,0.549999999999983,445.0719933719337,81
40,4,"[1,14,27,40]",0.35,3.5,0.0,even_idm_internal8_d02,0.2,margin,8.0,1.5,8,5.0,closed symmetric acceleration-command pulse,0.1,4,"[1,14,27,40]",73.0,jerk_saturation,5.0,-35.0,8,idm,[],60.0,0.2,even,163.70518350749688,-85.39558352425115,0.1364209862562474,4.5,gap_lower,45.0,5.469779176212557,27,5.000000000000004,gap_lower,-4.5743755001095305,59.900000000000006,40,3.8095238095238093,3.114043489508337,0.7,0.0,ed9befc5d79f361e,0.0,131,prediction_boundary_extension,0.0,24.0,20.0,4.5,105.1491594597429,20.0,6548.207340299876,41
40,4,"[1,14,27,40]",0.35,3.5,1.0,even_idm_leader_d02,0.2,margin,8.0,1.5,0,5.0,closed symmetric acceleration-command pulse,0.1,4,"[1,14,27,40]",1.0,jerk_saturation,5.0,-35.0,0,idm,[],60.0,0.2,even,10.830743326080722,14.20792036867158,0.009025619438400601,3.5,gap_lower,9.1,0.489603981566421,1,5.0,gap_lower,0.4666363141647808,7.5,1,0.3691493265269616,0.0,0.7,1.0,ee375f2c5d71fc82,1.0,61,controller_boundary_extension,1.0,24.0,20.0,0.14036411603906493,1.9531779052463776,0.5261339762374355,433.22973304322886,41
40,4,"[1,14,27,40]",0.35,3.0,1.0,even_idm_leader_d02,0.2,predictive,8.0,1.5,0,5.0,closed symmetric acceleration-command pulse,0.1,4,"[1,14,27,40]",1.0,jerk_saturation,5.0,-30.0,0,idm,[],60.0,0.2,even,6.9010457085979855,15.70082118003802,0.005750871423831654,3.0,gap_lower,9.0,0.41495894099809905,1,5.0,gap_lower,0.5337119637701708,7.2,1,0.2839893068349745,0.0,0.7,1.0,ee6cffc89eeeb2a2,1.0,61,controller_boundary_extension,1.0,24.0,20.0,0.21679742321266818,2.4390882658661894,0.3818224429697281,276.0418283439194,41
40,4,"[1,14,27,40]",0.35,4.0,1.0,even_idm_leader_d02,0.2,predictive,8.0,1.5,0,5.0,closed symmetric acceleration-command pulse,0.1,4,"[1,14,27,40]",1.0,jerk_saturation,5.0,-40.0,0,idm,[],60.0,0.2,even,10.426753536484858,11.555740756002223,0.00868896128040405,4.0,gap_lower,9.5,0.6222129621998889,1,5.0,gap_lower,0.36117558889014545,7.7,1,0.3149197190169648,0.0,0.7,1.0,eecfe894db040f9a,1.0,167,controller_boundary_extension,1.0,24.0,20.0,0.21679742287917322,3.618963295300432,0.5505280359314071,417.07014145939434,41
40,4,"[1,14,27,40]",0.35,4.0,1.0,even_idm_leader_cmd04,0.4,margin,8.0,1.5,0,5.0,closed symmetric acceleration-command pulse,0.1,4,"[1,14,27,40]",1.0,jerk_saturation,5.0,-40.0,0,idm,[],60.0,0.2,even,13.366410567642035,11.91771903438439,0.011138675473035028,4.0,gap_lower,9.3,0.6041140482807805,1,5.0,gap_lower,0.3622518128927802,7.6000000000000005,1,0.46722549781894723,0.0,0.7,1.0,ef2df87912ad0e5d,1.0,97,prediction_boundary_extension,1.0,24.0,20.0,0.21077664379571878,2.826630684852944,0.7720259749525091,534.6564227056814,41
80,8,"[1,12,24,35,46,57,69,80]",0.35,3.5,1.0,even_idm_leader_N80,0.2,margin,8.0,1.5,0,5.0,closed symmetric acceleration-command pulse,0.1,8,"[1,12,24,35,46,57,69,80]",1.0,jerk_saturation,5.0,-35.0,0,idm,[],60.0,0.2,even,5.202041711268256,14.20792036867158,0.004335034759390214,3.5,gap_lower,9.1,0.489603981566421,1,5.0,gap_lower,0.4666363141647808,7.5,1,0.3376129673180792,0.0,0.7,1.0,ef50aedca3ab671e,1.0,149,chain_length_boundary_extension,1.0,24.0,20.0,0.08466381469790492,2.420913314854374,0.5076588175587915,416.1633369014605,81
20,2,"[1,20]",0.35,4.5,1.0,even_idm_leader_N20,0.2,margin,8.0,1.5,0,5.0,closed symmetric acceleration-command pulse,0.1,2,"[1,20]",6.0,jerk_saturation,5.0,-45.0,0,idm,[],60.0,0.2,even,26.646166526002844,4.730281808554224,0.022205138771669037,4.5,acceleration_lower,31.900000000000002,1.0,18,5.0,acceleration_lower,0.0,31.900000000000002,18,1.2736359071550183,1.0700164923159379,0.7,0.0,f0df444b12a0a244,1.0,131,chain_length_boundary_extension,0.0,24.0,20.0,0.07861280692534851,6.987417668482749,0.6100002785361198,532.9233305200569,21
40,4,"[1,14,27,40]",0.35,4.5,1.0,even_idm_leader_d02,0.2,margin,8.0,1.5,0,5.0,closed symmetric acceleration-command pulse,0.1,4,"[1,14,27,40]",1.0,jerk_saturation,5.0,-45.0,0,idm,[],60.0,0.2,even,16.7172030247321,9.80848356489821,0.013931002520610084,4.5,jerk,25.3,0.8748420375869159,13,5.0,gap_lower,0.2761419578585306,8.5,1,0.7218416044571441,0.0,0.7,1.0,f159984aadec8a24,1.0,149,controller_boundary_extension,1.0,24.0,20.0,0.17746867152267112,3.403519052641741,0.945407502433401,668.688120989284,41
40,4,"[1,14,27,40]",0.35,3.0,0.0,even_idm_internal8_d02,0.2,margin,8.0,1.5,8,5.0,closed symmetric acceleration-command pulse,0.1,4,"[1,14,27,40]",70.0,jerk_saturation,5.0,-30.0,8,idm,[],60.0,0.2,even,138.52486531054026,-81.38635223725036,0.11543738775878355,4.5,gap_lower,60.0,5.269317611862518,40,5.000000000000004,gap_lower,-4.584407854380106,59.900000000000006,40,4.444444444444445,3.6420740536370793,0.7,0.0,f160a5573d81e471,0.0,113,prediction_boundary_extension,0.0,24.0,20.0,4.5,105.38635223725036,20.0,5540.99461242161,41
40,4,"[1,14,27,40]",0.35,4.5,0.0,even_idm_internal8_d02,0.2,margin,8.0,1.5,8,5.0,closed symmetric acceleration-command pulse,0.1,4,"[1,14,27,40]",79.0,jerk_saturation,5.0,-45.0,8,idm,[],60.0,0.2,even,179.29345524085147,-86.87970990094472,0.14941121270070956,4.5,gap_lower,45.5,5.543985495047236,27,5.000000000000004,gap_lower,-4.566439796214477,59.900000000000006,40,2.962962962962963,2.4182556677346203,0.7,0.0,f179a763c2a867eb,0.0,167,prediction_boundary_extension,0.0,24.0,20.0,4.5,104.96461068260693,20.0,7171.738209634059,41
40,4,"[1,14,27,40]",0.35,3.5,1.0,even_idm_leader_d02,0.2,margin,8.0,1.5,0,5.0,closed symmetric acceleration-command pulse,0.1,4,"[1,14,27,40]",1.0,jerk_saturation,5.0,-35.0,0,idm,[],60.0,0.2,even,10.845525122818344,14.20792036867158,0.00903793760234862,3.5,gap_lower,9.1,0.489603981566421,1,5.0,gap_lower,0.4666363141647808,7.5,1,0.34220459270104947,0.0,0.7,1.0,f33be28d98d24914,1.0,47,controller_boundary_extension,1.0,24.0,20.0,0.21679742284252596,2.8067275773711913,0.6243589750410159,433.82100491273377,41
40,4,"[1,14,27,40]",0.35,4.5,1.0,even_idm_leader_d02,0.2,predictive,8.0,1.5,0,5.0,closed symmetric acceleration-command pulse,0.1,4,"[1,14,27,40]",1.0,jerk_saturation,5.0,-45.0,0,idm,[],60.0,0.2,even,13.30515316388983,9.234120354019865,0.011087627636574858,4.5,gap_lower,9.8,0.7382939822990068,1,5.0,gap_lower,0.25002510505065756,8.6,1,0.48706847514506535,0.0,0.7,1.0,f42a8b0894a1ce80,1.0,61,controller_boundary_extension,1.0,24.0,20.0,0.2167974228425309,4.209420176690969,0.6004452253590529,532.2061265555932,41
40,4,"[1,14,27,40]",0.35,3.0,1.0,even_idm_leader_cmd04,0.4,margin,8.0,1.5,0,5.0,closed symmetric acceleration-command pulse,0.1,4,"[1,14,27,40]",1.0,jerk_saturation,5.0,-30.0,0,idm,[],60.0,0.2,even,8.287534026098156,15.979445394536441,0.0069062783550817965,3.0,gap_lower,8.700000000000001,0.40102773027317795,1,5.0,gap_lower,0.5399746311901266,7.2,1,0.3643409132088327,0.0,0.7,1.0,f4388003d191576f,1.0,191,prediction_boundary_extension,1.0,24.0,20.0,0.2262838734589451,2.3662500000145883,0.499999999999968,331.50136104392624,41
40,4,"[1,14,27,40]",0.35,4.0,1.0,even_idm_leader_d02,0.2,margin,8.0,1.5,0,5.0,closed symmetric acceleration-command pulse,0.1,4,"[1,14,27,40]",1.0,jerk_saturation,5.0,-40.0,0,idm,[],60.0,0.2,even,13.949833065239142,12.096727966740218,0.011624860887699285,4.0,gap_lower,9.4,0.5951636016629891,1,5.0,gap_lower,0.37964831986635705,7.5,1,0.5403850634806991,0.0,0.7,1.0,f49c21e68a54f3c1,1.0,11,controller_boundary_extension,1.0,24.0,20.0,0.15653757284246209,3.6952640418445526,0.8089672348992849,557.9933226095657,41
40,4,"[1,14,27,40]",0.35,4.5,1.0,even_idm_leader_cmd0,0.0,margin,8.0,1.5,0,5.0,closed symmetric acceleration-command pulse,0.1,4,"[1,14,27,40]",1.0,jerk_saturation,5.0,-45.0,0,idm,[],60.0,0.2,even,15.479762539185725,9.934305214609594,0.012899802115988105,4.5,gap_lower,9.700000000000001,0.7032847392695203,1,5.0,gap_lower,0.2878588485332994,8.6,1,0.497084202265003,0.0,0.7,1.0,f5d59663547bff38,1.0,149,prediction_boundary_extension,1.0,24.0,20.0,0.0907489425596996,3.7991076837594733,0.703058977622895,619.190501567429,41
40,4,"[1,2,3,4]",0.35,3.0,1.0,front_idm_leader_d02,0.2,margin,8.0,1.5,0,5.0,closed symmetric acceleration-command pulse,0.1,4,"[1,2,3,4]",1.0,jerk_saturation,5.0,-30.0,0,idm,[],60.0,0.2,front,8.78422804350458,16.115330595552763,0.007320190036253816,3.0,gap_lower,8.8,0.3942334702223619,1,5.0,gap_lower,0.5486383391061478,7.300000000000001,1,0.32756199473345443,2.383268852983949e-06,0.7,1.0,f7ab0bd555dbd02d,1.0,149,layout_boundary_extension,1.0,24.0,20.0,0.20351639197969357,2.302500000000464,0.5620713989495627,351.3691217401832,41
40,4,"[1,14,27,40]",0.35,4.0,1.0,even_idm_leader_d02,0.2,predictive,8.0,1.5,0,5.0,closed symmetric acceleration-command pulse,0.1,4,"[1,14,27,40]",1.0,jerk_saturation,5.0,-40.0,0,idm,[],60.0,0.2,even,10.925967961602925,11.555740756002223,0.009104973301335771,4.0,gap_lower,9.5,0.6222129621998889,1,5.0,gap_lower,0.36117558889014545,7.7,1,0.33430781890768974,0.0,0.7,1.0,f8a02e78dd0fecfc,1.0,79,controller_boundary_extension,1.0,24.0,20.0,0.21679742359975318,3.891505955874038,0.6070584419526597,437.038718464117,41
40,4,"[1,2,3,4]",0.35,3.0,1.0,front_idm_leader_d02,0.2,margin,8.0,1.5,0,5.0,closed symmetric acceleration-command pulse,0.1,4,"[1,2,3,4]",1.0,jerk_saturation,5.0,-30.0,0,idm,[],60.0,0.2,front,9.663435081762097,16.115330595552763,0.008052862568135082,3.0,gap_lower,8.8,0.3942334702223619,1,5.0,gap_lower,0.5486383391061478,7.300000000000001,1,0.32756199473345443,3.944558274484835e-06,0.7,1.0,f8c79384701ba2bf,1.0,113,layout_boundary_extension,1.0,24.0,20.0,0.20351639197969357,2.302500000000464,0.6007470863002986,386.5374032704839,41
40,4,"[1,14,27,40]",0.35,3.5,0.0,even_idm_internal8_d02,0.2,margin,8.0,1.5,8,5.0,closed symmetric acceleration-command pulse,0.1,4,"[1,14,27,40]",78.0,jerk_saturation,5.0,-35.0,8,idm,[],60.0,0.2,even,162.607376054267,-85.69901502130811,0.13550614671188918,4.5,gap_lower,45.0,5.484950751065406,27,5.000000000000004,gap_lower,-4.596426784765707,59.900000000000006,40,3.8095238095238093,3.1274264176081026,0.7,0.0,f9d7c5d772958df2,0.0,113,prediction_boundary_extension,0.0,24.0,20.0,4.5,105.65547836383361,20.0,6504.29504217068,41
20,2,"[1,20]",0.35,3.0,1.0,even_idm_leader_N20,0.2,margin,8.0,1.5,0,5.0,closed symmetric acceleration-command pulse,0.1,2,"[1,20]",1.0,jerk_saturation,5.0,-30.0,0,idm,[],60.0,0.2,even,13.685717931565154,16.115330595552763,0.011404764942970961,3.0,gap_lower,8.8,0.3942334702223619,1,5.0,gap_lower,0.5486383391061478,7.300000000000001,1,0.38752802376588213,0.16111111110886217,0.7,1.0,fcaabed0c306f186,1.0,167,chain_length_boundary_extension,1.0,24.0,20.0,0.022015115623650994,2.1399999999996453,0.25187375915261256,273.71435863130307,21
80,8,"[1,12,24,35,46,57,69,80]",0.35,3.0,1.0,even_idm_leader_N80,0.2,predictive,8.0,1.5,0,5.0,closed symmetric acceleration-command pulse,0.1,8,"[1,12,24,35,46,57,69,80]",1.0,jerk_saturation,5.0,-30.0,0,idm,[],60.0,0.2,even,3.3132028912831744,15.70082118003802,0.0027610024094026453,3.0,gap_lower,9.0,0.41495894099809905,1,5.0,gap_lower,0.5337119637701708,7.2,1,0.29123696769579904,0.0,0.7,1.0,fcd4eb37c312e355,1.0,191,chain_length_boundary_extension,1.0,24.0,20.0,0.21679742284252326,2.981355879374121,0.40802072079545226,265.05623130265394,81
40,4,"[37,38,39,40]",0.35,4.5,0.0,rear_idm_leader_d02,0.2,margin,8.0,1.5,0,5.0,closed symmetric acceleration-command pulse,0.1,4,"[37,38,39,40]",142.0,jerk_saturation,5.0,-45.0,0,idm,[],60.0,0.2,rear,329.22489248474096,-57.47573087455521,0.27435407707061743,4.5,gap_lower,60.0,4.073786543727761,37,5.000000000000004,gap_lower,-3.5529055555999647,59.900000000000006,37,2.962962962962963,0.09444519432353754,0.7,0.0,fcf484b8da5b6e1a,0.0,167,layout_boundary_extension,0.0,24.0,20.0,4.5,101.23360396741339,20.0,13168.995699389638,41
40,4,"[1,14,27,40]",0.35,3.0,0.0,even_idm_internal8_d02,0.2,margin,8.0,1.5,8,5.0,closed symmetric acceleration-command pulse,0.1,4,"[1,14,27,40]",72.0,jerk_saturation,5.0,-30.0,8,idm,[],60.0,0.2,even,144.32181972719314,-81.8186821392924,0.1202681831059943,4.5,gap_lower,60.0,5.29093410696462,40,5.000000000000004,gap_lower,-4.60387548162466,59.900000000000006,40,4.444444444444445,3.6515555920322433,0.7,0.0,fdb59dfa36ecbe10,0.0,97,prediction_boundary_extension,0.0,24.0,20.0,4.5,105.8186821392924,20.0,5772.872789087726,41
40,4,"[1,14,27,40]",0.35,3.5,1.0,even_idm_leader_d02,0.2,predictive,8.0,1.5,0,5.0,closed symmetric acceleration-command pulse,0.1,4,"[1,14,27,40]",1.0,jerk_saturation,5.0,-35.0,0,idm,[],60.0,0.2,even,8.851630478294263,13.674353219536897,0.007376358731911886,3.5,gap_lower,9.200000000000001,0.5162823390231551,1,5.0,gap_lower,0.4486265400618124,7.5,1,0.29976503313069713,0.0,0.7,1.0,fe07e9d1330045de,1.0,97,controller_boundary_extension,1.0,24.0,20.0,0.07014640764941082,3.330693428251834,0.5158995282628354,354.0652191317705,41
