N_followers,alpha_mps2,case_id,command_delay_s,controller,disturbance_location,hdv_model,layout,mean_loss_m_per_follower_median,mean_loss_m_per_follower_q25,mean_loss_m_per_follower_q75,min_gap_m_median,min_gap_m_q25,min_gap_m_q75,normalized_loss_median,normalized_loss_q25,normalized_loss_q75,peak_constraint_usage_median,peak_constraint_usage_q25,peak_constraint_usage_q75,peak_jerk_mps3_median,peak_jerk_mps3_q25,peak_jerk_mps3_q75,pulse_internal_gain_median,pulse_internal_gain_q25,pulse_internal_gain_q75,success_rate,success_wilson_high,success_wilson_low,successes,terminal_gap_error_m_median,terminal_gap_error_m_q25,terminal_gap_error_m_q75,terminal_speed_error_mps_median,terminal_speed_error_mps_q25,terminal_speed_error_mps_q75,throughput_loss_vehicle_m_median,throughput_loss_vehicle_m_q25,throughput_loss_vehicle_m_q75,trials
40,2.5,even_idm_leader_d02,0.2,acc,0,idm,even,259.78076219111347,250.7376769118858,263.09609576259857,-2.461292669011552,-2.506173217414048,-2.4106836301930814,0.21648396849259455,0.20894806409323818,0.21924674646883216,1.3230646334505776,1.3205341815096543,1.3253086608707023,5.000000000000004,5.000000000000004,5.000000000000004,5.333333333333333,5.333333333333333,5.333333333333333,0.0,0.2425007574992425,0.0,0,99.66099519579717,87.93629840132061,122.0770431152299,20.0,20.0,20.0,10391.230487644538,10029.507076475433,10523.843830503944,12
40,2.5,even_idm_leader_cmd04,0.4,margin,0,idm,even,7.202787007246907,7.012530954150096,7.310541580087563,17.768573398377953,17.768573398377953,17.768573398377953,0.006002322506039089,0.00584377579512508,0.006092117983406302,0.3115713300811024,0.3115713300811024,0.3115713300811024,5.0,5.0,5.0,0.35790496768155816,0.35790496768155816,0.35790496768155816,1.0,0.9999999999999999,0.6096569663469354,6,1.7049999999999272,1.7049999999999272,1.7049999999999272,0.499999999999968,0.49999999999987743,0.5187499999999936,288.1114802898763,280.5012381660039,292.4216632035025,6
40,1.8,even_idm_leader_d02,0.2,acc,0,idm,even,152.998944379384,110.10335045622773,167.64348600395513,-2.463291553697413,-2.5323498785710683,-2.357893815436709,0.12749912031615335,0.09175279204685645,0.13970290500329596,1.3231645776848706,1.3178946907718354,1.3266174939285533,5.000000000000004,5.000000000000004,5.000000000000004,7.4074074074074066,7.4074074074074066,7.4074074074074066,0.0,0.2425007574992425,0.0,0,116.91275558722958,89.61240091697415,126.67577401023183,20.0,20.0,20.0,6119.95777517536,4404.134018249109,6705.739440158205,12
40,1.8,middle_idm_leader_d02,0.2,margin,0,idm,middle,104.05497954912595,85.54799267274088,115.96570077570739,-86.90275128518397,-92.07489621185354,-80.28978572887016,0.08671248295760496,0.07128999389395074,0.09663808397975616,5.545137564259198,5.2144892864435075,5.803744810592677,5.000000000000004,5.000000000000004,5.000000000000004,7.4074074074074066,7.4074074074074066,7.4074074074074066,0.0,0.2425007574992425,0.0,0,109.15834682500656,98.54788621118004,123.41851742392373,20.0,20.0,20.0,4162.1991819650375,3421.9197069096354,4638.628031028296,12
20,1.8,even_idm_leader_N20,0.2,margin,0,idm,even,7.764908392507731,7.739941984004958,7.774679989960559,20.118271619165995,20.118271619165995,20.118271619165995,0.006470756993756444,0.006449951653337466,0.006478899991633799,0.1949187838400666,0.1949187838400666,0.1949187838400666,5.0,5.0,5.0,0.3297484226603448,0.3247469032735031,0.33710942071833605,1.0,0.9999999999999999,0.6096569663469354,6,1.599499999999125,1.599499999999125,1.599499999999125,0.15178963119034528,0.15060481605289322,0.1582139605207331,155.29816785015464,154.79883968009918,155.49359979921115,6
40,0.25,even_idm_leader_d02,0.2,human,0,idm,even,0.3761140447127978,0.37284446910454655,0.38387248894242687,23.592930630971644,23.590872024838642,23.59782869513661,0.0003134283705939982,0.0003107037242537888,0.0003198937407853557,0.08080218984714313,0.07913134497617809,0.0869481745321135,5.0,5.0,5.0,0.707338965958679,0.6803881080123256,0.7378187125948253,1.0,1.0,0.7574992425007574,12,0.059140731310478145,0.05220155718514263,0.06451008407101,0.029721286307905714,0.027588094013863973,0.033254081130419166,15.044561788511913,14.913778764181863,15.354899557697074,12
40,2.0,even_idm_leader_d02,0.2,human,0,idm,even,239.20176953291934,228.85986950589674,246.70894702295237,-2.4716477384143367,-2.552445668284008,-2.418243396068741,0.19933480794409944,0.1907165579215806,0.20559078918579365,1.3235823869207168,1.3209121698034372,1.3276222834142004,5.000000000000004,5.000000000000004,5.000000000000004,6.666666666666667,6.666666666666667,6.666666666666667,0.0,0.2425007574992425,0.0,0,103.6665917646821,91.33966510338263,115.39936697134443,20.0,20.0,20.0,9568.070781316774,9154.394780235869,9868.357880918094,12
40,2.1,even_idm_internal8_d02,0.2,margin,8,idm,even,8.092355427439337,6.649275889242143,8.727267268059492,14.452105524839936,14.335445002546452,16.475504990873688,0.006743629522866113,0.0055410632410351195,0.0072727227233829106,1.0,1.0,1.0000000000000002,5.0,5.0,5.000000000000001,1.3207626015099798,1.0433344250002472,1.329546926089327,1.0,0.9999999999999999,0.6096569663469354,6,3.121501290277905,2.7798689946777415,3.439025986841628,0.5961619671959468,0.4696493340399499,0.639321786366069,323.6942170975734,265.9710355696857,349.09069072237975,6
20,2.0,even_idm_leader_N20,0.2,predictive,0,idm,even,6.458760414512542,6.438024131328368,6.468051341512722,19.272922396420682,19.272922396420682,19.272922396420682,0.005382300345427119,0.0053650201094403065,0.005390042784593934,0.23635388017896589,0.23635388017896589,0.23635388017896589,5.0,5.0,5.0,0.2543345005143447,0.2505699986642247,0.25997995126124884,1.0,0.9999999999999999,0.6096569663469354,6,2.024738549558947,1.979725368032632,2.1425259827318257,0.17500000000000426,0.17500000000000426,0.17500000000000426,129.17520829025085,128.76048262656735,129.36102683025445,6
40,0.0,even_idm_leader_d02,0.2,human,0,idm,even,0.0,0.0,0.0,24.0,24.0,24.0,0.0,0.0,0.0,3.0811654457797164e-16,3.0542957854740404e-16,3.0932975757230254e-16,1.5405827228898582e-15,1.5271478927370201e-15,1.5466487878615127e-15,0.0,0.0,0.0,1.0,1.0,0.7574992425007574,12,0.0,0.0,0.0,0.0,0.0,0.0,0.0,0.0,0.0,12
20,2.5,even_idm_leader_N20,0.2,predictive,0,idm,even,9.295305260244586,9.266037191647456,9.303206196441206,17.44987155700528,17.44987155700528,17.44987155700528,0.007746087716870489,0.007721697659706213,0.007752671830367673,0.32750642214973597,0.32750642214973597,0.32750642214973597,5.0,5.0,5.0,0.2705289190240568,0.26715182009468136,0.2762532103043763,1.0,0.9999999999999999,0.6096569663469354,6,1.4612982444176623,1.4163284293110223,1.4968153224232879,0.34999999999999964,0.3499999999999952,0.3500000000000014,185.90610520489173,185.32074383294912,186.06412392882413,6
40,2.0,even_idm_leader_d02,0.2,predictive,0,idm,even,3.5170043867973018,3.471119011224331,3.603813516071801,19.272922396420682,19.272922396420682,19.272922396420682,0.0029308369889977518,0.002892599176020276,0.003003177930059834,0.23635388017896589,0.23635388017896589,0.23635388017896589,5.0,5.0,5.0,0.249984159893175,0.249984159893175,0.2510491534266392,1.0,1.0,0.7574992425007574,12,1.3371322640495862,1.3135015146622209,1.3609854539243145,0.20000000000000995,0.20000000000000995,0.2058461679449506,140.68017547189208,138.84476044897326,144.15254064287203,12
40,1.0,even_idm_leader_d02,0.2,acc,0,idm,even,2.7351146391065306,2.594837559820983,2.8579216093146007,22.238414899703095,22.219152932393108,22.247030622322853,0.002279262199255442,0.0021623646331841526,0.0023816013410955005,0.4260524990731095,0.4260524990731095,0.4260524990731095,5.0,5.0,5.0,0.8778495915594012,0.8778495915594012,0.8778495915594012,1.0,1.0,0.7574992425007574,12,0.6581754514546816,0.6121081104058703,0.7377859464885503,0.3664085792824263,0.31547900192656186,0.4040454019083688,109.40458556426123,103.79350239283932,114.31686437258402,12
40,2.0,even_ovm_leader_d02,0.2,margin,0,ovm,even,8.612715454728429,8.304533457316188,9.193366576897784,16.153116588541963,14.836758471621536,17.064585687536166,0.007177262878940358,0.00692044454776349,0.007661138814081488,0.39234417057290183,0.3467707156231917,0.4581620764189232,5.0,5.0,5.0,0.8203747995930535,0.7077526078612403,0.9684613524893146,0.0,0.3903430336530645,0.0,0,6.934223490883511,6.453548249227708,8.354569809028845,1.7416148019294226,1.556268069571991,2.001638265381427,344.50861818913717,332.1813382926475,367.7346630759114,6
40,0.25,front_idm_leader_d02,0.2,margin,0,idm,front,0.0,0.0,0.0,23.4375,23.4375,23.4375,0.0,0.0,0.0,0.028125,0.028125,0.028125,5.0,5.0,5.0,0.0,0.0,0.0,1.0,1.0,0.7574992425007574,12,0.5625,0.5625,0.5625,0.0,0.0,0.0,0.0,0.0,0.0,12
40,1.9,even_idm_leader_d02,0.2,margin,0,idm,even,5.547195894622838,5.49449586399871,5.64947657058854,19.858526954864345,19.858526954864345,19.858526954864345,0.004622663245519031,0.004578746553332259,0.004707897142157117,0.2157434402332361,0.2157434402332361,0.2157434402332361,5.0,5.0,5.0,0.3157433198713496,0.3157433198713496,0.3175768714647934,1.0,1.0,0.7574992425007574,12,1.9705261221434398,1.934169115475754,1.9804569186127878,0.42499999999999005,0.3999999999999906,0.4294538922580111,221.88783578491353,219.77983455994843,225.97906282354162,12
80,2.2,even_idm_leader_N80,0.2,wave,0,idm,even,78.85376497907822,74.32809438994107,88.71217108905432,-31.87262295521623,-33.36090667754349,-30.62572208008301,0.06571147081589851,0.06194007865828422,0.0739268092408786,2.793631147760811,2.731286104004151,2.8680453338771748,5.000000000000004,5.000000000000004,5.000000000000004,6.0606060606060606,6.0606060606060606,6.0606060606060606,0.0,0.3903430336530645,0.0,0,92.59329707386226,90.0133778748091,95.02443685271625,20.0,20.0,20.0,6308.301198326257,5946.247551195285,7096.973687124346,6
40,2.1,even_idm_leader_d02,0.2,wave,0,idm,even,144.8671783893088,95.54266806235916,155.27338289511488,-32.91987275359383,-33.02746780403251,-25.88584368213766,0.12072264865775734,0.07961889005196597,0.12939448574592904,2.8459936376796913,2.4942921841068832,2.851373390201626,5.000000000000004,5.000000000000004,5.000000000000004,6.349206349206349,6.349206349206349,6.349206349206349,0.0,0.2425007574992425,0.0,0,90.64681861036712,78.50212841030836,100.77917217790645,20.0,20.0,20.0,5794.687135572352,3821.7067224943667,6210.935315804594,12
80,2.5,even_idm_leader_N80,0.2,predictive,0,idm,even,2.5955749385620184,2.5589180582175906,2.630844847569052,17.44987155700528,17.44987155700528,17.44987155700528,0.002162979115468348,0.0021324317151813254,0.002192370706307543,0.32750642214973597,0.32750642214973597,0.32750642214973597,5.0,5.0,5.0,0.2690256371656261,0.2666430711583966,0.27266881760565953,1.0,0.9999999999999999,0.6096569663469354,6,2.423017882439325,2.3530573151436727,2.523541955549206,0.3340198003398065,0.32089893340844267,0.3484777504146841,207.64599508496144,204.71344465740722,210.46758780552418,6
20,1.0,even_idm_leader_N20,0.2,margin,0,idm,even,5.160293739359922,5.1441561837861975,5.174697156496342,22.041091224490145,22.041091224490145,22.041091224490145,0.004300244782799935,0.004286796819821831,0.004312247630413618,0.15796767347454377,0.15796767347454377,0.15796767347454377,5.0,5.0,5.0,0.38928651380845025,0.3840061445930078,0.3981110555047221,1.0,0.9999999999999999,0.6096569663469354,6,1.6660544434195685,1.6187732946494293,1.7566871692759776,0.1750453452137286,0.13136206406547046,0.2000000000006068,103.20587478719844,102.88312367572394,103.49394312992683,6
40,2.0,even_idm_leader_d02,0.2,margin,0,idm,even,5.765844918756187,5.713206438250698,5.86282371533538,19.56003271057392,19.56003271057392,19.56003271057392,0.004804870765630156,0.004761005365208916,0.004885686429446149,0.22199836447130394,0.22199836447130394,0.22199836447130394,5.0,5.0,5.0,0.3165806789364443,0.3165806789364443,0.3181088377916943,1.0,1.0,0.7574992425007574,12,2.3075000000003456,2.3075000000003456,2.3075000000003456,0.42499999999999005,0.4006863593041299,0.42866463642969155,230.63379675024748,228.52825753002793,234.51294861341518,12
40,2.0,even_idm_leader_d02,0.2,wave,0,idm,even,108.87998424678533,44.10687471159628,136.46754517627744,-29.117078952978623,-32.89871392839401,-1.857761698245728,0.09073332020565444,0.036755728926330236,0.1137229543135645,2.6558539476489313,1.2928880849122866,2.844935696419701,5.000000000000004,5.000000000000004,5.000000000000004,6.666666666666667,6.666666666666667,6.666666666666667,0.08333333333333333,0.35388592179859524,0.014864709450773478,1,93.10102233073715,48.47344638368412,102.29195320376769,20.0,20.0,20.0,4355.199369871413,1764.2749884638515,5458.701807051097,12
40,2.5,rear_idm_leader_d02,0.2,margin,0,idm,rear,284.48943756148094,280.9033587380038,288.3127741214202,-57.21797403477544,-57.472835603934534,-56.626349841714784,0.23707453130123413,0.2340861322816698,0.24026064510118347,4.060898701738772,4.03131749208574,4.073641780196726,5.000000000000004,5.000000000000004,5.000000000000004,5.333333333333333,5.333333333333333,5.333333333333333,0.0,0.2425007574992425,0.0,0,111.40212054996928,99.02210524908081,140.6402868383993,20.0,20.0,20.0,11379.577502459237,11236.13434952015,11532.510964856807,12
40,0.0,even_idm_leader_d02,0.2,margin,0,idm,even,0.0,0.0,0.0,24.0,24.0,24.0,0.0,0.0,0.0,3.0811654457797164e-16,3.0542957854740404e-16,3.0932975757230254e-16,1.5405827228898582e-15,1.5271478927370201e-15,1.5466487878615127e-15,0.0,0.0,0.0,1.0,1.0,0.7574992425007574,12,0.0,0.0,0.0,0.0,0.0,0.0,0.0,0.0,0.0,12
40,1.7,front_idm_leader_d02,0.2,margin,0,idm,front,6.469429676841959,6.37154618234286,6.657060503734814,20.398261426893157,20.398261426893157,20.398261426893157,0.005391191397368299,0.0053096218186190515,0.005547550419779011,0.1949187838400666,0.1949187838400666,0.1949187838400666,5.0,5.0,5.0,0.32347790797516185,0.32347790797516185,0.32347790797516185,1.0,1.0,0.7574992425007574,12,2.854250000015554,2.854250000015554,2.854250000015554,0.40002790295466006,0.3946091853709719,0.41347626760567646,258.77718707367836,254.86184729371445,266.2824201493925,12
40,2.1,even_idm_leader_cmd04,0.4,margin,0,idm,even,5.983038273234062,5.800677514895203,6.066370769386556,19.164326437784013,19.164326437784013,19.164326437784013,0.004985865227695052,0.004833897929079336,0.0050553089744887975,0.24178367811079937,0.24178367811079937,0.24178367811079937,5.0,5.0,5.0,0.36259899702053916,0.36259899702053916,0.36259899702053916,1.0,0.9999999999999999,0.6096569663469354,6,2.0053075182797215,1.8978425798004537,2.007152261919856,0.48392857142100176,0.4749999999756538,0.49821428570644155,239.3215309293625,232.02710059580812,242.65483077546224,6
40,1.8,rear_idm_leader_d02,0.2,margin,0,idm,rear,191.78817086410274,180.84383802424136,208.89122395597127,-51.67009624570203,-52.74615556602025,-50.368867306667106,0.1598234757200856,0.15070319835353446,0.1740760199633094,3.783504812285101,3.718443365333355,3.837307778301012,5.000000000000004,5.000000000000004,5.000000000000004,7.4074074074074066,7.4074074074074066,7.4074074074074066,0.0,0.2425007574992425,0.0,0,108.66753335437124,97.66695788076991,123.41851742392373,20.0,20.0,20.0,7671.526834564109,7233.753520969654,8355.648958238851,12
40,0.0,even_idm_leader_d02,0.2,wave,0,idm,even,0.0,0.0,0.0,24.0,24.0,24.0,0.0,0.0,0.0,3.0811654457797164e-16,3.0542957854740404e-16,3.0932975757230254e-16,1.5405827228898582e-15,1.5271478927370201e-15,1.5466487878615127e-15,0.0,0.0,0.0,1.0,1.0,0.7574992425007574,12,0.0,0.0,0.0,0.0,0.0,0.0,0.0,0.0,0.0,12
40,0.0,front_idm_leader_d02,0.2,margin,0,idm,front,0.0,0.0,0.0,24.0,24.0,24.0,0.0,0.0,0.0,3.0811654457797164e-16,3.0542957854740404e-16,3.0932975757230254e-16,1.5405827228898582e-15,1.5271478927370201e-15,1.5466487878615127e-15,0.0,0.0,0.0,1.0,1.0,0.7574992425007574,12,0.0,0.0,0.0,0.0,0.0,0.0,0.0,0.0,0.0,12
40,0.0,even_idm_leader_d02,0.2,acc,0,idm,even,0.0,0.0,0.0,24.0,24.0,24.0,0.0,0.0,0.0,3.0811654457797164e-16,3.0542957854740404e-16,3.0932975757230254e-16,1.5405827228898582e-15,1.5271478927370201e-15,1.5466487878615127e-15,0.0,0.0,0.0,1.0,1.0,0.7574992425007574,12,0.0,0.0,0.0,0.0,0.0,0.0,0.0,0.0,0.0,12
40,0.25,even_idm_leader_d02,0.2,acc,0,idm,even,0.40236560786992565,0.3985813001785068,0.40830673395164613,23.5896905918192,23.585813311384292,23.599471694136287,0.00033530467322493806,0.000332151083482089,0.00034025561162637176,0.11045353428495491,0.11045353428495491,0.11045353428495491,5.0,5.0,5.0,0.8070695198907742,0.8070695198907742,0.8070695198907742,1.0,1.0,0.7574992425007574,12,0.07087841902864511,0.062020928925797136,0.07681504430077268,0.03645122544743984,0.03342578726792311,0.04089151047814532,16.094624314797024,15.94325200714027,16.332269358065844,12
80,1.0,even_idm_leader_N80,0.2,predictive,0,idm,even,0.9041581908909492,0.8922105174036444,0.9216997482632149,21.882056486128107,21.882056486128107,21.882056486128107,0.000753465159075791,0.0007435087645030372,0.0007680831235526791,0.14285753923608713,0.14285753923608713,0.14285753923608713,5.0,5.0,5.0,0.23368102391949225,0.2333332177228229,0.2372266874033683,1.0,0.9999999999999999,0.6096569663469354,6,1.3034589678485986,1.2958042847856461,1.3078225102945993,0.14000480220400924,0.12870109874444768,0.14241634042620444,72.33265527127594,71.37684139229157,73.73597986105719,6
20,0.0,even_idm_leader_N20,0.2,margin,0,idm,even,0.0,0.0,0.0,24.0,24.0,24.0,0.0,0.0,0.0,3.0436411107557075e-16,3.0034975833101663e-16,3.071038931925405e-16,1.5218205553778536e-15,1.5017487916550829e-15,1.5355194659627026e-15,0.0,0.0,0.0,1.0,0.9999999999999999,0.6096569663469354,6,0.0,0.0,0.0,0.0,0.0,0.0,0.0,0.0,0.0,6
40,2.5,even_idm_leader_d02,0.2,margin,0,idm,even,7.379570336052607,7.3099147833037375,7.482694711181222,17.940824239627887,17.940824239627887,17.940824239627887,0.006149641946710506,0.006091595652753115,0.00623557892598435,0.30295878801860565,0.30295878801860565,0.30295878801860565,5.0,5.0,5.0,0.3329445331574059,0.3329445331574059,0.3400555512254878,1.0,1.0,0.7574992425007574,12,1.9137499999919783,1.9137499999919783,1.9137499999919783,0.44397178569067286,0.42499999999999005,0.44776481879170227,295.18281344210425,292.3965913321495,299.30778844724887,12
40,2.1,even_idm_leader_d02,0.2,acc,0,idm,even,215.51414710569014,197.2070041899476,222.33822362382028,-2.470134061548782,-2.5187443952821127,-2.41793467626284,0.17959512258807514,0.16433917015828967,0.18528185301985023,1.323506703077439,1.3208967338131419,1.3259372197641055,5.000000000000004,5.000000000000004,5.000000000000004,6.349206349206349,6.349206349206349,6.349206349206349,0.0,0.2425007574992425,0.0,0,101.74250717808269,89.82803243286531,113.78532094432806,20.0,20.0,20.0,8620.565884227606,7888.2801675979035,8893.528944952814,12
40,0.25,even_idm_internal8_d02,0.2,margin,8,idm,even,0.053053672674821285,0.04642210844545745,0.05385665212132765,23.663773744164267,23.66011508152513,23.66826953836323,4.421139389568441e-05,3.8685090371214547e-05,4.4880543434439705e-05,1.0,1.0,1.0,5.0,5.0,5.0,0.8714980453335197,0.868784897054077,0.873833006788009,1.0,0.9999999999999999,0.6096569663469354,6,0.0009441324939984952,0.00042085030332827955,0.001414300341281205,0.00010635342039577722,6.310904292128328e-05,0.00015363316248340197,2.1221469069928514,1.8568843378182982,2.1542660848531057,6
40,0.0,even_idm_leader_cmd04,0.4,margin,0,idm,even,0.0,0.0,0.0,24.0,24.0,24.0,0.0,0.0,0.0,3.0898324511317082e-16,3.079885610981825e-16,3.0941718029409417e-16,1.544916225565854e-15,1.5399428054909127e-15,1.5470859014704707e-15,0.0,0.0,0.0,1.0,0.9999999999999999,0.6096569663469354,6,0.0,0.0,0.0,0.0,0.0,0.0,0.0,0.0,0.0,6
40,0.25,even_idm_leader_d02,0.2,margin,0,idm,even,0.0,0.0,0.0,23.4375,23.4375,23.4375,0.0,0.0,0.0,0.028125,0.028125,0.028125,5.0,5.0,5.0,0.0,0.0,0.0,1.0,1.0,0.7574992425007574,12,0.5625,0.5625,0.5625,0.0,0.0,0.0,0.0,0.0,0.0,12
20,2.0,even_idm_leader_N20,0.2,wave,0,idm,even,47.41547309715857,30.44689650275547,57.66308144713312,-11.12548135497832,-15.213576827325529,0.7148239617165686,0.03951289424763214,0.025372413752296222,0.04805256787261093,1.7562740677489161,1.1642588019141715,1.9606788413662766,5.0000000000000036,5.0,5.000000000000004,6.4128872066358555,4.747573715862835,6.666666666666667,0.16666666666666666,0.563509436563646,0.03005258587173032,1,78.94474651186763,33.846257107693404,99.87698143550026,4.932265783107425,4.020901907235556,5.294881884092314,948.3094619431713,608.9379300551094,1153.2616289426624,6
40,2.1,even_idm_leader_cmd0,0.0,margin,0,idm,even,6.065022387455057,5.903124309359884,6.137691013617658,19.3695272593217,19.3695272593217,19.3695272593217,0.005054185322879215,0.004919270257799903,0.005114742511348049,0.23152363703391501,0.23152363703391501,0.23152363703391501,5.0,5.0,5.0,0.29364557248179435,0.29364557248179435,0.29364557248179435,1.0,0.9999999999999999,0.6096569663469354,6,2.6330000000007203,2.6330000000007203,2.6330000000007203,0.3792613119809314,0.361478436693063,0.39149816896767664,242.6008954982023,236.12497237439533,245.50764054470636,6
40,1.7,even_idm_leader_d02,0.2,predictive,0,idm,even,2.9293693662845843,2.90058411230872,2.9995304683987536,20.126428094831113,20.126428094831113,20.126428094831113,0.002441141138570487,0.0024171534269239337,0.0024996087236656282,0.19367859525844439,0.19367859525844439,0.19367859525844439,5.0,5.0,5.0,0.24508576040922214,0.24508576040922214,0.24576856205713027,1.0,1.0,0.7574992425007574,12,1.3055922773159239,1.2953152341584229,1.3200922675292048,0.17500000000000426,0.17500000000000426,0.180848260882156,117.17477465138337,116.0233644923488,119.98121873595015,12
40,1.9,middle_idm_leader_d02,0.2,margin,0,idm,middle,125.14855638643849,108.92710795834493,132.33244683224174,-95.22798377910917,-96.82096224053812,-90.80781078823327,0.1042904636553654,0.09077258996528745,0.1102770390268681,5.961399188955458,5.740390539411664,6.041048112026906,5.000000000000004,5.000000000000004,5.000000000000004,7.017543859649123,7.017543859649123,7.017543859649123,0.0,0.2425007574992425,0.0,0,112.77596659282187,105.61821275723446,120.36451740205203,20.0,20.0,20.0,5005.942255457539,4357.0843183337975,5293.297873289669,12
40,0.0,middle_idm_leader_d02,0.2,margin,0,idm,middle,0.0,0.0,0.0,24.0,24.0,24.0,0.0,0.0,0.0,3.0808265054904343e-16,3.0542957854740404e-16,3.0932975757230254e-16,1.540413252745217e-15,1.5271478927370201e-15,1.5466487878615127e-15,0.0,0.0,0.0,1.0,1.0,0.7574992425007574,12,0.0,0.0,0.0,0.0,0.0,0.0,0.0,0.0,0.0,12
40,1.5,even_idm_leader_d02,0.2,wave,0,idm,even,4.2478900518749985,3.8770646058936635,4.603316987333416,21.546420964520223,21.527424749588626,21.546420964520223,0.0035399083765624987,0.0032308871715780534,0.003836097489444513,0.6910652464529088,0.6910652464529088,0.6910652464529088,5.0,5.0,5.0,0.7855481259587296,0.7855481259587296,0.7855481259587296,1.0,1.0,0.7574992425007574,12,0.8158643063217426,0.6576142425905189,0.8529983438064477,0.44528630250320766,0.3381913742375886,0.4832212491330923,169.91560207499992,155.08258423574654,184.13267949333664,12
40,0.0,even_idm_leader_cmd0,0.0,margin,0,idm,even,0.0,0.0,0.0,24.0,24.0,24.0,0.0,0.0,0.0,3.0898324511317082e-16,3.079885610981825e-16,3.0941718029409417e-16,1.544916225565854e-15,1.5399428054909127e-15,1.5470859014704707e-15,0.0,0.0,0.0,1.0,0.9999999999999999,0.6096569663469354,6,0.0,0.0,0.0,0.0,0.0,0.0,0.0,0.0,0.0,6
40,1.0,rear_idm_leader_d02,0.2,margin,0,idm,rear,2.6359943299351323,2.5061670049541305,2.9354058554950884,22.23212623794104,22.19987647388064,22.260443151404804,0.00219666194161261,0.002088472504128442,0.002446171546245907,0.30642947983240315,0.30155222372542884,0.32225995301708327,5.0,5.0,5.0,0.8608604310143436,0.8336316579462254,0.8954857838051561,1.0,1.0,0.7574992425007574,12,0.5909573750484043,0.5254930969804334,0.675006205130245,0.3061969867841885,0.27065863493985987,0.37387268210389735,105.43977319740529,100.24668019816522,117.41623421980354,12
80,2.2,even_idm_leader_N80,0.2,predictive,0,idm,even,2.13003807962778,2.054220152734984,2.1649018271196243,18.552015762797367,18.552015762797367,18.552015762797367,0.0017750317330231498,0.0017118501272791534,0.0018040848559330205,0.2723992118601316,0.2723992118601316,0.2723992118601316,5.0,5.0,5.0,0.25979252959307064,0.2575566637404807,0.2636383880855955,1.0,0.9999999999999999,0.6096569663469354,6,2.0478907214429114,1.9353779401038196,2.262036827005261,0.28055246389431154,0.25565346386535825,0.28983720242854005,170.40304637022237,164.3376122187987,173.19214616956998,6
40,1.5,rear_idm_leader_d02,0.2,margin,0,idm,rear,67.4423453613591,34.183427815619915,108.4150480747755,-32.13795344455249,-41.796043235691684,-13.846481839742271,0.056201954467799256,0.028486189846349926,0.09034587339564623,2.8068976722276244,1.9815915191111664,3.289802161784584,5.000000000000004,5.0000000000000036,5.000000000000004,8.88888888888889,6.965294334133431,8.88888888888889,0.08333333333333333,0.35388592179859524,0.014864709450773478,1,67.59931012317793,37.84648183974227,89.4780779633546,20.0,15.671912251800219,20.0,2697.693814454364,1367.3371126247966,4336.60192299102,12
40,1.9,front_idm_leader_d02,0.2,margin,0,idm,front,6.797275376608384,6.690534080487271,6.983720592346374,19.858526954864345,19.858526954864345,19.858526954864345,0.005664396147173654,0.005575445067072725,0.005819767160288644,0.2157434402332361,0.2157434402332361,0.2157434402332361,5.0,5.0,5.0,0.3157433198713496,0.3157433198713496,0.3157433198713496,1.0,1.0,0.7574992425007574,12,2.9747802255089937,2.9747802255089937,2.9747802255089937,0.4162205152981091,0.4074439496148168,0.42443341895613784,271.89101506433536,267.62136321949083,279.3488236938549,12
80,2.0,even_idm_leader_N80,0.2,wave,0,idm,even,39.35490663544179,32.35931560393385,66.02489647012091,-19.55306497424923,-27.83403467276606,-18.88863589774884,0.03279575552953483,0.02696609633661154,0.0550207470584341,2.1776532487124616,2.144431794887442,2.591701733638303,5.000000000000004,5.000000000000004,5.000000000000004,6.666666666666667,6.666666666666667,6.666666666666667,0.0,0.3903430336530645,0.0,0,69.79341565443485,57.94180647439773,87.41592880860014,20.0,20.0,20.0,3148.392530835343,2588.745248314708,5281.991717609673,6
40,1.9,even_idm_leader_d02,0.2,acc,0,idm,even,181.13903195962337,146.1850161530453,187.09831744155244,-2.4665765713061063,-2.5278191390581135,-2.3652217737215295,0.15094919329968615,0.12182084679420442,0.15591526453462703,1.3233288285653053,1.3182610886860764,1.3263909569529058,5.000000000000004,5.000000000000004,5.000000000000004,7.017543859649123,7.017543859649123,7.017543859649123,0.0,0.2425007574992425,0.0,0,103.18370511435188,93.91795790023671,116.05014684725393,20.0,20.0,20.0,7245.561278384935,5847.400646121812,7483.932697662099,12
40,2.5,front_idm_leader_d02,0.2,margin,0,idm,front,8.159423610370474,8.02821166635877,8.380907025015706,17.940824239627887,17.940824239627887,17.940824239627887,0.006799519675308728,0.006690176388632308,0.006984089187513086,0.30295878801860565,0.30295878801860565,0.30295878801860565,5.0,5.0,5.0,0.3329445331574059,0.3329445331574059,0.3329445331574059,1.0,1.0,0.7574992425007574,12,2.983819241997253,2.983819241997253,2.983819241997253,0.5211679905796984,0.5136576760537377,0.5411676491855255,326.3769444148189,321.1284666543508,335.2362810006282,12
40,2.0,even_idm_internal8_d02,0.2,margin,8,idm,even,6.867888870591545,5.8607922930177345,7.42202863180994,15.708952714433078,15.655036471227524,17.47671028173726,0.005723240725492955,0.004883993577514778,0.006185023859841618,1.0,1.0,1.0000000000000002,5.0,5.0,5.000000000000001,1.202250117570435,0.9532980770704687,1.2213185255480115,1.0,0.9999999999999999,0.6096569663469354,6,2.9923435713023423,2.8152082248970203,3.1333141239600337,0.5155424765433541,0.4437227667107848,0.5509088665930371,274.7155548236618,234.43169172070932,296.8811452723976,6
40,1.8,even_idm_leader_d02,0.2,predictive,0,idm,even,3.1240639952861824,3.0926997578567588,3.257717172924559,19.848370192974244,19.848370192974244,19.848370192974244,0.0026033866627384857,0.0025772497982139656,0.0027147643107704655,0.2075814903512878,0.2075814903512878,0.2075814903512878,5.0,5.0,5.0,0.2407364782618002,0.2407364782618002,0.24146355578582315,1.0,1.0,0.7574992425007574,12,1.3084087187440332,1.304567591357923,1.324180371147932,0.17500000000000426,0.17500000000000426,0.1996460372419966,124.9625598114473,123.70799031427035,130.30868691698237,12
40,1.7,even_idm_leader_cmd0,0.0,margin,0,idm,even,5.154677397499176,5.044677178536615,5.247223325271419,20.532852342178046,20.532852342178046,20.532852342178046,0.004295564497915981,0.004203897648780512,0.004372686104392848,0.1949187838400666,0.1949187838400666,0.1949187838400666,5.0,5.0,5.0,0.3039147381425787,0.3039147381425787,0.3039147381425787,1.0,0.9999999999999999,0.6096569663469354,6,2.6554999999909796,2.6554999999909796,2.6554999999909796,0.32960665238555187,0.32496424284052416,0.3423039924679241,206.18709589996706,201.78708714146458,209.8889330108567,6
20,2.2,even_idm_leader_N20,0.2,margin,0,idm,even,9.440228665460104,9.412843195530083,9.448092183266779,18.90519299544539,18.90519299544539,18.90519299544539,0.007866857221216755,0.007844035996275069,0.007873410152722315,0.2547403502277305,0.2547403502277305,0.2547403502277305,5.0,5.0,5.0,0.3241442470259759,0.319012600989265,0.33113068381405353,1.0,0.9999999999999999,0.6096569663469354,6,2.136500000000069,2.136500000000069,2.136500000000069,0.20084339786913752,0.20027373998440545,0.20419079618402858,188.8045733092021,188.25686391060168,188.96184366533558,6
40,1.5,even_ovm_leader_d02,0.2,margin,0,ovm,even,6.551399747465505,6.407380113992843,6.836334828489942,18.857353105216987,18.376077922362995,19.2573574864507,0.005459499789554588,0.005339483428327369,0.005696945690408285,0.25713234473915064,0.23713212567746497,0.2873616189913878,5.0,5.0,5.0,0.7115948475064534,0.6468201560044623,0.7939728027620809,0.16666666666666666,0.563509436563646,0.03005258587173032,1,4.992002953237318,4.304976829261406,5.322950615872756,1.1742458213871902,1.121853502377797,1.2260686236628962,262.05598989862017,256.2952045597137,273.4533931395977,6
40,1.5,even_idm_leader_cmd0,0.0,margin,0,idm,even,4.676168473078642,4.545605276055141,4.73532226721769,21.017591806340647,21.017591806340647,21.017591806340647,0.003896807060898868,0.003788004396712617,0.003946101889348075,0.18004402927351704,0.18004402927351704,0.18004402927351704,5.0,5.0,5.0,0.31110560405746274,0.31110560405746274,0.31110560405746274,1.0,0.9999999999999999,0.6096569663469354,6,2.3037499999927604,2.3037499999927604,2.3037499999927604,0.3084275060465096,0.3005151731322826,0.3225753294894771,187.04673892314565,181.8242110422056,189.4128906887076,6
40,1.8,even_idm_leader_d02,0.2,human,0,idm,even,195.6908673689829,184.41959580171542,212.91592846971457,-2.48880620419639,-2.56382163852588,-2.420378673122606,0.16307572280748575,0.1536829965014295,0.1774299403914288,1.3244403102098197,1.3210189336561304,1.328191081926294,5.000000000000004,5.000000000000004,5.000000000000004,7.4074074074074066,7.4074074074074066,7.4074074074074066,0.0,0.2425007574992425,0.0,0,108.66753335437124,97.66695788076991,123.41851742392373,20.0,20.0,20.0,7827.634694759316,7376.783832068616,8516.637138788583,12
40,2.1,rear_idm_leader_d02,0.2,margin,0,idm,rear,247.7636572391678,238.76397732921762,253.12252590973566,-55.80532845240734,-55.93223493540799,-54.48292697416096,0.20646971436597317,0.19896998110768138,0.21093543825811303,3.990266422620367,3.9241463487080477,3.996611746770399,5.000000000000004,5.000000000000004,5.000000000000004,6.349206349206349,6.349206349206349,6.349206349206349,0.0,0.2425007574992425,0.0,0,121.55079674661329,93.1415355070053,130.836517354127,20.0,20.0,20.0,9910.546289566711,9550.559093168706,10124.901036389425,12
40,2.0,middle_idm_leader_d02,0.2,margin,0,idm,middle,134.89391336483237,128.97316860741412,149.250861267644,-98.41949469967199,-98.87098464877677,-95.70071262608782,0.11241159447069363,0.10747764050617845,0.12437571772303667,6.1209747349836,5.98503563130439,6.14354923243884,5.000000000000004,5.000000000000004,5.000000000000004,6.666666666666667,6.666666666666667,6.666666666666667,0.0,0.2425007574992425,0.0,0,113.53491017650911,109.78902415481053,122.59937525610525,20.0,20.0,20.0,5395.756534593294,5158.926744296565,5970.034450705761,12
80,1.5,even_idm_leader_N80,0.2,margin,0,idm,even,2.359113229093719,2.307862415986053,2.3880576577382513,20.903158065760977,20.903158065760977,20.903158065760977,0.0019659276909114324,0.0019232186799883772,0.00199004804811521,0.18004402927351704,0.18004402927351704,0.18004402927351704,5.0,5.0,5.0,0.34281196553102844,0.34133460735243504,0.34647828938109504,1.0,0.9999999999999999,0.6096569663469354,6,2.140000000000782,2.140000000000782,2.198212662173802,0.41249999999999076,0.3999999999999915,0.42499999999999005,188.7290583274975,184.62899327888422,191.04461261906013,6
40,1.0,front_idm_leader_d02,0.2,margin,0,idm,front,5.633255736465391,5.5526403989103255,5.8091870084536374,22.041091224490145,22.041091224490145,22.041091224490145,0.004694379780387826,0.004627200332425271,0.004840989173711364,0.15796767347454377,0.15796767347454377,0.15796767347454377,5.0,5.0,5.0,0.38330523773824393,0.38330523773824393,0.38330523773824393,1.0,1.0,0.7574992425007574,12,2.802500000000009,2.802500000000009,2.802500000000009,0.35671493575793534,0.3496025221239245,0.3780950136637973,225.33022945861563,222.10561595641303,232.36748033814547,12
40,1.0,middle_idm_leader_d02,0.2,margin,0,idm,middle,3.1700015981880982,3.0835403406367146,3.399338581073365,22.21012193971427,22.14325120787141,22.25477250526787,0.0026416679984900817,0.0025696169505305955,0.0028327821508944704,0.30642947983240315,0.30155222372542884,0.32225995301708327,5.0,5.0,5.0,0.8608604310143436,0.8336316579462254,0.8954857838051561,1.0,1.0,0.7574992425007574,12,2.3679461696697217,2.2944426218443823,2.457035080086655,0.449999999999978,0.449999999999978,0.449999999999978,126.80006392752392,123.3416136254686,135.9735432429346,12
40,1.9,even_idm_leader_d02,0.2,predictive,0,idm,even,3.319443480212457,3.2000376903622234,3.4003788289658425,19.577656259410332,19.577656259410332,19.577656259410332,0.002766202900177047,0.0026666980753018528,0.0028336490241382016,0.22111718702948338,0.22111718702948338,0.22111718702948338,5.0,5.0,5.0,0.24560556476260004,0.24560556476260004,0.24662471168753558,1.0,1.0,0.7574992425007574,12,1.3125180386409454,1.3047362502804987,1.3309755353890154,0.1875000000000071,0.17500000000000426,0.20000000000000995,132.77773920849828,128.00150761448896,136.0151531586337,12
20,2.5,even_idm_leader_N20,0.2,margin,0,idm,even,11.145519148953804,11.11543710338615,11.156210549541147,17.940824239627887,17.940824239627887,17.940824239627887,0.00928793262412817,0.00926286425282179,0.009296842124617623,0.30295878801860565,0.30295878801860565,0.30295878801860565,5.0,5.0,5.0,0.33999255563547737,0.33400680803185234,0.34739896376356966,1.0,0.9999999999999999,0.6096569663469354,6,1.9137499999919783,1.9137499999919783,1.9137499999919783,0.2625888792414308,0.250057085163899,0.2750000090235325,222.91038297907608,222.30874206772302,223.12421099082292,6
80,0.25,even_idm_leader_N80,0.2,wave,0,idm,even,0.1776149604231153,0.17340188922719096,0.18050758999908134,23.63545048406307,23.63545048406307,23.63545048406307,0.00014801246701926277,0.00014450157435599249,0.00015042299166590113,0.12363052410794312,0.12363052410794312,0.12363052410794312,5.0,5.0,5.0,0.7078878072353424,0.7078878072353424,0.7078878072353424,1.0,0.9999999999999999,0.6096569663469354,6,0.04323786384071582,0.042112602489936535,0.04367405729563245,0.01837674991585736,0.015908253017001606,0.019535372680437035,14.209196833849226,13.872151138175278,14.440607199926509,6
20,2.5,even_idm_leader_N20,0.2,wave,0,idm,even,194.6995533148035,191.5638217219527,203.55485115476927,-33.26344821412747,-33.644472161897355,-33.16783744230339,0.16224962776233626,0.15963651810162727,0.16962904262897438,2.8631724107063734,2.8583918721151695,2.8822236080948676,5.000000000000004,5.000000000000004,5.000000000000004,5.333333333333333,5.333333333333333,5.333333333333333,0.0,0.3903430336530645,0.0,0,130.87202474561695,115.0488617944408,146.85489398200616,14.803611222440214,14.465340544831472,16.32062350498957,3893.99106629607,3831.2764344390544,4071.0970230953853,6
40,2.1,middle_idm_leader_d02,0.2,margin,0,idm,middle,147.1780678847474,144.30006609807543,163.99745058756213,-99.96020964701552,-100.17938133802083,-98.23529272514675,0.12264838990395618,0.12025005508172952,0.13666454215630175,6.198010482350776,6.1117646362573375,6.208969066901042,5.000000000000004,5.000000000000004,5.000000000000004,6.349206349206349,6.349206349206349,6.349206349206349,0.0,0.2425007574992425,0.0,0,122.43017037520217,117.08127905962354,130.836517354127,20.0,20.0,20.0,5887.122715389896,5772.002643923018,6559.898023502484,12
80,1.8,even_idm_leader_N80,0.2,predictive,0,idm,even,1.50375531093203,1.4841652204020412,1.5781558336808303,19.848370192974244,19.848370192974244,19.848370192974244,0.0012531294257766916,0.0012368043503350342,0.0013151298614006918,0.2075814903512878,0.2075814903512878,0.2075814903512878,5.0,5.0,5.0,0.24232634828577376,0.2407364782618002,0.24600771096993534,1.0,0.9999999999999999,0.6096569663469354,6,1.433151751276256,1.389925400055219,1.4696888246222528,0.17500000000000426,0.17500000000000426,0.19150483496543913,120.3004248745624,118.7332176321633,126.2524666944664,6
40,2.5,even_idm_internal8_d02,0.2,margin,8,idm,even,82.94088630523473,21.023091346071837,144.98014246452843,-77.28955109263225,-87.71334780302521,-10.341542393033313,0.06911740525436227,0.017519242788393195,0.120816785387107,5.064477554631612,1.9845516736990936,5.5856673901512615,5.000000000000004,5.000000000000003,5.000000000000004,5.333333333333333,2.440322772908255,5.333333333333333,0.3333333333333333,0.7000116786584712,0.09676933255921683,2,100.94690078242846,27.367206169851748,103.18699642398857,20.0,5.573074957368762,20.0,3317.635452209389,840.9236538428734,5799.205698581137,6
40,1.9,even_idm_leader_d02,0.2,human,0,idm,even,221.7253175678674,209.94348462269542,232.29093266518765,-2.4880590066183537,-2.564459704433496,-2.4052073647704777,0.18477109797322283,0.17495290385224616,0.19357577722098968,1.3244029503309176,1.3202603682385239,1.328222985221675,5.000000000000004,5.000000000000004,5.000000000000004,7.017543859649123,7.017543859649123,7.017543859649123,0.0,0.2425007574992425,0.0,0,106.52041774844284,91.87740901919823,120.36451740205203,20.0,20.0,20.0,8869.012702714695,8397.739384907816,9291.637306607507,12
40,1.8,even_idm_internal8_d02,0.2,margin,8,idm,even,5.228681783576289,4.619838382371418,5.556131545216067,18.010725508031452,17.92897636034438,19.20134815572921,0.004357234819646907,0.0038498653186428474,0.004630109621013389,1.0,1.0,1.0000000000000002,5.0,5.0,5.000000000000001,0.9958566161941692,0.897757319974881,1.0218055868393465,1.0,0.9999999999999999,0.6096569663469354,6,2.751986672341104,2.52111353946637,2.774433599711159,0.4249465946359532,0.40600970402517955,0.43190972389216586,209.14727134305156,184.79353529485667,222.24526180864268,6
40,1.7,even_idm_leader_d02,0.2,acc,0,idm,even,112.38714751842363,70.26346834773432,139.53386733394038,-2.3788923806158806,-2.4657755962862318,-1.9164962867741977,0.09365595626535303,0.0585528902897786,0.11627822277828367,1.318944619030794,1.2958248143387099,1.3232887798143116,5.000000000000004,5.000000000000004,5.000000000000004,7.843137254901961,7.843137254901961,7.843137254901961,0.0,0.2425007574992425,0.0,0,82.38154352539291,69.24307854819443,90.67791356431354,20.0,20.0,20.0,4495.485900736945,2810.5387339093727,5581.354693357615,12
40,2.5,even_idm_leader_d02,0.2,predictive,0,idm,even,5.336048789258712,5.264573994744037,5.406005851500568,17.44987155700528,17.44987155700528,17.44987155700528,0.00444670732438226,0.00438714499562003,0.004505004876250474,0.32750642214973597,0.32750642214973597,0.32750642214973597,5.0,5.0,5.0,0.2666430711583966,0.2666430711583966,0.26834136368794953,1.0,1.0,0.7574992425007574,12,2.056230245737339,1.9876488527274176,2.20677375186348,0.3380780904670093,0.33146880460950534,0.34697077830853473,213.44195157034846,210.58295978976145,216.24023406002271,12
40,2.0,even_idm_leader_d02,0.2,acc,0,idm,even,200.07090852764134,176.06649319045823,205.2868138588349,-2.4685995798387914,-2.524663888420079,-2.411914018914361,0.16672575710636778,0.1467220776587152,0.1710723448823624,1.3234299789919395,1.3205957009457179,1.326233194421004,5.000000000000004,5.000000000000004,5.000000000000004,6.666666666666667,6.666666666666667,6.666666666666667,0.0,0.2425007574992425,0.0,0,109.5847444502594,98.60333896302865,117.91943219988488,20.0,20.0,20.0,8002.8363411056525,7042.659727618329,8211.472554353397,12
40,1.0,even_idm_leader_cmd0,0.0,margin,0,idm,even,3.565243697669603,3.423756124238703,3.6772181237568553,22.034208599529606,22.034208599529606,22.034208599529606,0.0029710364147246694,0.002853130103532253,0.003064348436464046,0.14285724680060036,0.14285724680060036,0.14285724680060036,5.0,5.0,5.0,0.31666663634981757,0.31666663634981757,0.31666663634981757,1.0,0.9999999999999999,0.6096569663469354,6,2.6349999999997635,2.6349999999997635,2.6349999999997635,0.2693578244222632,0.25866987187081936,0.2844976530039247,142.60974790678412,136.95024496954812,147.08872495027418,6
40,0.25,even_idm_leader_d02,0.2,predictive,0,idm,even,0.0,0.0,0.0,23.4375,23.4375,23.4375,0.0,0.0,0.0,0.028125,0.028125,0.028125,5.0,5.0,5.0,0.0,0.0,0.0,1.0,1.0,0.7574992425007574,12,0.5625,0.5625,0.5625,0.0,0.0,0.0,0.0,0.0,0.0,12
40,1.5,middle_idm_leader_d02,0.2,margin,0,idm,middle,8.96938256289642,7.405003845242505,20.109063605999683,12.813753795313843,-4.929440803873071,16.89206236112195,0.00747448546908035,0.006170836537702087,0.016757553004999735,0.8071324895873498,0.5640875298346351,1.4464720401936535,5.0,5.0,5.000000000000002,1.9815729811444793,1.2010749071578144,5.333972495860728,0.5,0.7462218296065778,0.2537781703934222,6,5.1236001211897815,4.056269339039233,16.05738178496246,0.8784100254844684,0.6378608595011865,6.4044164430394686,358.7753025158568,296.20015380970017,804.3625442399873,12
20,0.0,even_idm_leader_N20,0.2,wave,0,idm,even,0.0,0.0,0.0,24.0,24.0,24.0,0.0,0.0,0.0,3.0436411107557075e-16,3.0034975833101663e-16,3.071038931925405e-16,1.5218205553778536e-15,1.5017487916550829e-15,1.5355194659627026e-15,0.0,0.0,0.0,1.0,0.9999999999999999,0.6096569663469354,6,0.0,0.0,0.0,0.0,0.0,0.0,0.0,0.0,0.0,6
20,2.0,even_idm_leader_N20,0.2,margin,0,idm,even,8.495045844499886,8.467067852556598,8.501764810817305,19.56003271057392,19.56003271057392,19.56003271057392,0.007079204870416572,0.0070558898771304985,0.007084804009014421,0.22199836447130394,0.22199836447130394,0.22199836447130394,5.0,5.0,5.0,0.3220486990081941,0.3173321480188435,0.3290218236052785,1.0,0.9999999999999999,0.6096569663469354,6,2.3075000000003456,2.3075000000003456,2.3075000000003456,0.17591307713792936,0.17525525364782268,0.26908459984861377,169.90091688999772,169.34135705113198,170.0352962163461,6
40,1.7,rear_idm_leader_d02,0.2,margin,0,idm,rear,164.00138360023882,145.92539293281706,186.60544791874077,-48.82243511124794,-50.836677256721444,-46.59344706724271,0.1366678196668657,0.12160449411068089,0.15550453993228394,3.6411217555623976,3.5296723533621353,3.741833862836072,5.000000000000004,5.000000000000004,5.000000000000004,7.843137254901961,7.843137254901961,7.843137254901961,0.0,0.2425007574992425,0.0,0,112.50674053977554,95.8708845180766,122.78684972577214,20.0,20.0,20.0,6560.055344009554,5837.015717312683,7464.217916749629,12
40,0.0,rear_idm_leader_d02,0.2,margin,0,idm,rear,0.0,0.0,0.0,24.0,24.0,24.0,0.0,0.0,0.0,3.0811654457797164e-16,3.0542957854740404e-16,3.0932975757230254e-16,1.5405827228898582e-15,1.5271478927370201e-15,1.5466487878615127e-15,0.0,0.0,0.0,1.0,1.0,0.7574992425007574,12,0.0,0.0,0.0,0.0,0.0,0.0,0.0,0.0,0.0,12
80,1.5,even_idm_leader_N80,0.2,predictive,0,idm,even,1.2374592569997733,1.2058107129809597,1.2755823510510473,20.59906245446058,20.59906245446058,20.59906245446058,0.001031216047499811,0.0010048422608174663,0.0010629852925425395,0.17004687727697104,0.17004687727697104,0.17004687727697104,5.0,5.0,5.0,0.2222220090665543,0.2222220090665543,0.22504467289746996,1.0,0.9999999999999999,0.6096569663469354,6,1.3210241097810353,1.3044434108707463,1.3333935025075476,0.16974788926399675,0.1546288337826347,0.17246278601343867,98.99674055998187,96.46485703847677,102.0465880840838,6
40,1.8,front_idm_leader_d02,0.2,margin,0,idm,front,6.669137850838142,6.564968218479463,6.854879494007877,20.118271619165995,20.118271619165995,20.118271619165995,0.005557614875698452,0.005470806848732886,0.005712399578339897,0.1949187838400666,0.1949187838400666,0.1949187838400666,5.0,5.0,5.0,0.3239786377755459,0.3239786377755459,0.3239786377755459,1.0,1.0,0.7574992425007574,12,2.972280225506438,2.972280225506438,2.972280225506438,0.41211218481466716,0.40296742813232544,0.4216753935095898,266.7655140335257,262.59872873917857,274.19517976031506,12
80,1.8,even_idm_leader_N80,0.2,margin,0,idm,even,2.7140018347472203,2.6619810669237816,2.7649084328198104,20.118271619165995,20.118271619165995,20.118271619165995,0.002261668195622684,0.0022183175557698182,0.0023040903606831756,0.1949187838400666,0.1949187838400666,0.1949187838400666,5.0,5.0,5.0,0.3268166442318253,0.3239786377755459,0.332070896763813,1.0,0.9999999999999999,0.6096569663469354,6,2.0696588234462183,2.0396383905912785,2.3668017487860027,0.42499999999999005,0.4062499999999911,0.42499999999999005,217.12014677977766,212.95848535390252,221.19267462558486,6
20,2.2,even_idm_leader_N20,0.2,predictive,0,idm,even,7.743043136486401,7.718728072748194,7.756233050876372,18.552015762797367,18.552015762797367,18.552015762797367,0.006452535947072,0.006432273393956828,0.0064635275423969765,0.2723992118601316,0.2723992118601316,0.2723992118601316,5.0,5.0,5.0,0.2617113901259972,0.258108333711877,0.2673957019389497,1.0,0.9999999999999999,0.6096569663469354,6,2.2812524373707106,2.259417165252046,2.3309871848865384,0.20000000000000995,0.20000000000000995,0.20000000000000995,154.860862729728,154.37456145496387,155.12466101752744,6
40,1.8,even_idm_leader_d02,0.2,wave,0,idm,even,8.882173013206138,6.7458457237632095,44.70835522477434,20.49854423912118,-2.7726059412780053,21.01273272579344,0.007401810844338448,0.005621538103136007,0.03725696268731195,0.8108967007441591,0.8108967007441591,1.3386302970639004,5.0,5.0,5.000000000000004,0.9458938495464883,0.7942805054877989,7.4074074074074066,0.3333333333333333,0.609382412602386,0.13811783989736134,4,2.8548315405292257,1.510888299896159,40.60148062306678,1.8222371149434604,0.9360268887902015,20.0,355.2869205282455,269.8338289505284,1788.3342089909734,12
40,1.5,even_idm_leader_d02,0.2,human,0,idm,even,69.07229701813846,34.981665079859354,110.87746763446673,-2.330960488546282,-2.47609635940681,3.6998831075244922,0.05756024751511539,0.029151387566549457,0.09239788969538892,1.316548024427314,1.1130497519625184,1.3238048179703403,5.000000000000004,5.0000000000000036,5.000000000000004,8.88888888888889,6.965294334133431,8.88888888888889,0.08333333333333333,0.35388592179859524,0.014864709450773478,1,67.59931012317793,29.16220068718482,89.4780779633546,20.0,15.671912251800219,20.0,2762.8918807255386,1399.2666031943743,4435.0987053786685,12
40,1.9,rear_idm_leader_d02,0.2,margin,0,idm,rear,217.48935870022098,206.01877456210522,228.02932731704507,-53.58377137324949,-54.26274947054779,-52.366128019168286,0.18124113225018412,0.1716823121350877,0.19002443943087088,3.8791885686624745,3.8183064009584147,3.9131374735273896,5.000000000000004,5.000000000000004,5.000000000000004,7.017543859649123,7.017543859649123,7.017543859649123,0.0,0.2425007574992425,0.0,0,106.52041774844284,91.87740901919823,120.36451740205203,20.0,20.0,20.0,8699.574348008839,8240.750982484209,9121.173092681802,12
40,1.9,even_ovm_leader_d02,0.2,margin,0,ovm,even,8.212366154678602,7.991194691584042,8.759728065446133,16.827875831643752,15.5531847323673,17.47858810437279,0.006843638462232169,0.006659328909653368,0.007299773387871779,0.35860620841781243,0.3260705947813605,0.42234076338163506,5.0,5.0,5.0,0.7878897341296602,0.698577060750253,0.928821017116898,0.0,0.3903430336530645,0.0,0,6.5360059535383925,6.01677273100556,7.827298831475048,1.5944896736931948,1.4507671576463101,1.7386290459783034,328.4946461871441,319.64778766336167,350.3891226178454,6
40,2.5,even_idm_leader_d02,0.2,human,0,idm,even,289.3438085894885,285.34086984374534,293.1888615286737,-2.497652710446104,-2.5681779943040546,-2.403220491495272,0.2411198404912404,0.2377840582031211,0.24432405127389478,1.3248826355223051,1.3201610245747637,1.3284088997152028,5.000000000000004,5.000000000000004,5.000000000000004,5.333333333333333,5.333333333333333,5.333333333333333,0.0,0.2425007574992425,0.0,0,111.40212054996928,99.02210524908081,140.6402868383993,20.0,20.0,20.0,11573.75234357954,11413.634793749812,11727.554461146949,12
40,1.7,even_idm_leader_d02,0.2,wave,0,idm,even,6.3771609515974435,5.451686222329304,8.153489372334874,21.072344316677444,20.420722111047542,21.194869123199226,0.00531430079299787,0.004543071851941086,0.006794574476945729,0.7722007508944968,0.7722007508944968,0.7722007508944968,5.0,5.0,5.0,0.8018083504020121,0.7907956668683235,1.017281466081235,0.5833333333333334,0.8067425380947535,0.3195073356553728,7,1.3726874053193967,0.9698695794062502,2.540437359367349,0.8333873150929509,0.5723324445523694,1.6651467375291533,255.08643806389773,218.06744889317216,326.139574893395,12
20,0.25,even_idm_leader_N20,0.2,wave,0,idm,even,0.543783862994176,0.5422740179707302,0.5452829683591593,23.63545048406307,23.63545048406307,23.63545048406307,0.00045315321916181335,0.00045189501497560844,0.0004544024736326327,0.12363052410794312,0.12363052410794312,0.12363052410794312,5.0,5.0,5.0,0.7078878072353424,0.7078878072353424,0.7078878072353424,1.0,0.9999999999999999,0.6096569663469354,6,0.03050230561115086,0.030416461730908395,0.030671662997093563,0.008706123847449732,0.008691280153175107,0.008750034030185816,10.87567725988352,10.845480359414601,10.905659367183185,6
40,1.7,even_idm_internal8_d02,0.2,margin,8,idm,even,4.633102792458224,4.134204528046302,4.877507527462982,18.878197280888052,18.812671913037583,19.876463827766322,0.0038609189937151866,0.0034451704400385863,0.004064589606219152,1.0,1.0,1.0000000000000002,5.0,5.0,5.000000000000001,0.9117082329721402,0.8761616743852527,0.9382465981112889,1.0,0.9999999999999999,0.6096569663469354,6,2.5670951386571232,2.548852718190105,2.6881630579649,0.41219347292042663,0.39870781504009223,0.4249792882290748,185.32411169832898,165.3681811218521,195.1003010985193,6
40,1.0,even_idm_leader_d02,0.2,wave,0,idm,even,1.963497986688759,1.9209052466111691,2.013061413622459,22.41719531546063,22.41719531546063,22.41719531546063,0.0016362483222406325,0.0016007543721759743,0.0016775511780187157,0.47616499802648427,0.47616499802648427,0.47616499802648427,5.0,5.0,5.0,0.7636366299609705,0.7636366299609705,0.7636366299609705,1.0,1.0,0.7574992425007574,12,0.27588752811043094,0.2658611244902289,0.3066801979195901,0.14496260230337832,0.12994540788997444,0.1635740051069865,78.53991946755036,76.83620986444677,80.52245654489835,12
40,0.0,even_ovm_leader_d02,0.2,margin,0,ovm,even,0.0,0.0,0.0,24.0,24.0,24.0,0.0,0.0,0.0,6.965167763125937e-16,6.960274254654219e-16,6.995747073048887e-16,3.4825838815629685e-15,3.48013712732711e-15,3.4978735365244437e-15,0.0,0.0,0.0,1.0,0.9999999999999999,0.6096569663469354,6,0.0,0.0,0.0,0.0,0.0,0.0,0.0,0.0,0.0,6
40,1.0,even_idm_leader_d02,0.2,margin,0,idm,even,3.703863102230915,3.6511669323729734,3.7536320847284066,22.041091224490145,22.041091224490145,22.041091224490145,0.0030865525851924295,0.0030426391103108115,0.003128026737273672,0.15796767347454377,0.15796767347454377,0.15796767347454377,5.0,5.0,5.0,0.38330523773824393,0.38330523773824393,0.38446468461262445,1.0,1.0,0.7574992425007574,12,2.1460435422834507,2.0564025291861583,2.2189416279180136,0.389625935751889,0.3559901200626445,0.4091093770301546,148.1545240892366,146.04667729491894,150.14528338913627,12
40,2.5,even_ovm_leader_d02,0.2,margin,0,ovm,even,11.899959077885066,11.376106552432939,13.214538008451498,10.205072887999876,6.88765063124265,11.639457435384358,0.009916632564904222,0.009480088793694115,0.011012115007042916,0.715485706391209,0.6195967447983721,0.9215083449735996,5.0,5.0,5.0,1.1313307300001683,1.0036045478300042,1.414554773750373,0.0,0.3903430336530645,0.0,0,11.935804696301801,11.303213524172989,15.131206252442198,2.9609436804161486,2.5263997851467996,3.6183626696251476,475.99836311540264,455.0442620973175,528.5815203380599,6
40,2.5,even_idm_leader_d02,0.2,wave,0,idm,even,204.2153741049347,190.6285023951799,208.7364373951848,-33.20274891782867,-33.25966369676786,-33.14859349208728,0.1701794784207789,0.15885708532931664,0.17394703116265398,2.8601374458914335,2.8574296746043637,2.862983184838393,5.000000000000004,5.000000000000004,5.000000000000004,5.333333333333333,5.333333333333333,5.333333333333333,0.0,0.2425007574992425,0.0,0,85.59256053207378,76.40646277143077,92.85284733003702,20.0,20.0,20.0,8168.614964197388,7625.140095807198,8349.457495807392,12
40,1.5,even_idm_leader_d02,0.2,acc,0,idm,even,14.559667724308486,8.413708007409992,58.97387136765873,7.686528010476401,-2.3685943871808455,20.65374654557023,0.01213305643692374,0.007011423339508327,0.04914489280638227,1.0299377157211305,0.6217650735345163,1.3184297193590424,5.000000000000004,5.0,5.000000000000004,6.242689599652399,0.9961526289251242,8.88888888888889,0.08333333333333333,0.35388592179859524,0.014864709450773478,1,16.3134719895236,3.0434081573453398,60.394574843075134,14.046051599217899,2.0263447170919404,20.0,582.3867089723395,336.5483202963997,2358.954854706349,12
40,1.0,even_idm_leader_d02,0.2,predictive,0,idm,even,1.8208525293744127,1.7858026902624367,1.8554795293037445,21.882056486128107,21.882056486128107,21.882056486128107,0.0015173771078120105,0.0014881689085520305,0.0015462329410864538,0.14285753923608713,0.14285753923608713,0.14285753923608713,5.0,5.0,5.0,0.2333332177228229,0.2333332177228229,0.23381158816855319,1.0,1.0,0.7574992425007574,12,1.1585969387929254,1.1585969387929254,1.1585969387929254,0.12500000000001066,0.12500000000001066,0.13019626009758412,72.8341011749765,71.43210761049747,74.21918117214977,12
40,1.0,even_idm_leader_d02,0.2,human,0,idm,even,2.637343205835095,2.507100845897104,2.936907930122077,22.23212623794104,22.19987647388064,22.260443151404804,0.0021977860048625793,0.0020892507049142532,0.0024474232751017307,0.30642947983240315,0.30155222372542884,0.32225995301708327,5.0,5.0,5.0,0.8608604310143436,0.8336316579462254,0.8954857838051561,1.0,1.0,0.7574992425007574,12,0.5909573750484043,0.5254930969804334,0.675006205130245,0.3061969867841885,0.27065863493985987,0.37387268210389735,105.4937282334038,100.28403383588416,117.47631720488307,12
20,0.25,even_idm_leader_N20,0.2,margin,0,idm,even,0.0,0.0,0.0,23.4375,23.4375,23.4375,0.0,0.0,0.0,0.028125,0.028125,0.028125,5.0,5.0,5.0,0.0,0.0,0.0,1.0,0.9999999999999999,0.6096569663469354,6,0.5625,0.5625,0.5625,0.0,0.0,0.0,0.0,0.0,0.0,6
80,0.25,even_idm_leader_N80,0.2,margin,0,idm,even,0.0,0.0,0.0,23.4375,23.4375,23.4375,0.0,0.0,0.0,0.028125,0.028125,0.028125,5.0,5.0,5.0,0.0,0.0,0.0,1.0,0.9999999999999999,0.6096569663469354,6,0.5625,0.5625,0.5625,0.0,0.0,0.0,0.0,0.0,0.0,6
20,1.5,even_idm_leader_N20,0.2,margin,0,idm,even,6.4463992538276695,6.426813254314954,6.451394706203932,20.903158065760977,20.903158065760977,20.903158065760977,0.005371999378189725,0.005355677711929129,0.005376162255169943,0.18004402927351704,0.18004402927351704,0.18004402927351704,5.0,5.0,5.0,0.344248881610763,0.34133460735243504,0.35189960162191825,1.0,0.9999999999999999,0.6096569663469354,6,2.140000000000782,2.140000000000782,2.140000000000782,0.12731428375300347,0.125751142517319,0.13649954472904646,128.9279850765534,128.5362650862991,129.02789412407864,6
40,1.5,even_idm_leader_d02,0.2,margin,0,idm,even,4.563282673042262,4.509170150319303,4.664186811148034,20.903158065760977,20.903158065760977,20.903158065760977,0.003802735560868552,0.0037576417919327524,0.003886822342623362,0.18004402927351704,0.18004402927351704,0.18004402927351704,5.0,5.0,5.0,0.34133460735243504,0.34133460735243504,0.3417455605859038,1.0,1.0,0.7574992425007574,12,2.140000000000782,2.140000000000782,2.140299579449561,0.4059399680477629,0.39999999999998437,0.4206996949751298,182.5313069216905,180.3668060127721,186.56747244592137,12
40,1.9,even_idm_leader_cmd0,0.0,margin,0,idm,even,5.558392999621793,5.390007203213436,5.654208521968642,20.008608001059713,20.008608001059713,20.008608001059713,0.004631994166351495,0.00449167266934453,0.0047118404349738695,0.2157434402332361,0.2157434402332361,0.2157434402332361,5.0,5.0,5.0,0.29823703934855367,0.29823703934855367,0.29823703934855367,1.0,0.9999999999999999,0.6096569663469354,6,2.329749999994192,2.329749999994192,2.329749999994192,0.35028421688709166,0.3369692113282632,0.36500691622951287,222.33571998487173,215.60028812853744,226.1683408787457,6
40,0.0,even_idm_leader_d02,0.2,predictive,0,idm,even,0.0,0.0,0.0,24.0,24.0,24.0,0.0,0.0,0.0,3.0811654457797164e-16,3.0542957854740404e-16,3.0932975757230254e-16,1.5405827228898582e-15,1.5271478927370201e-15,1.5466487878615127e-15,0.0,0.0,0.0,1.0,1.0,0.7574992425007574,12,0.0,0.0,0.0,0.0,0.0,0.0,0.0,0.0,0.0,12
40,2.0,rear_idm_leader_d02,0.2,margin,0,idm,rear,234.92761939306916,224.6903223836157,242.27502268037466,-55.012047290992896,-55.14508284516928,-53.62733146268504,0.19577301616089096,0.18724193531967975,0.20189585223364556,3.9506023645496446,3.8813665731342524,3.957254142258464,5.000000000000004,5.000000000000004,5.000000000000004,6.666666666666667,6.666666666666667,6.666666666666667,0.0,0.2425007574992425,0.0,0,103.6665917646821,91.33966510338263,115.39936697134443,20.0,20.0,20.0,9397.104775722766,8987.612895344628,9691.000907214988,12
40,1.8,even_idm_leader_cmd0,0.0,margin,0,idm,even,5.267207632218163,5.160178945886026,5.363883751851565,20.24543240660705,20.24543240660705,20.24543240660705,0.004389339693515136,0.004300149121571689,0.004469903126542971,0.1949187838400666,0.1949187838400666,0.1949187838400666,5.0,5.0,5.0,0.29629195513215,0.29629195513215,0.29629195513215,1.0,0.9999999999999999,0.6096569663469354,6,2.6369999999992615,2.6369999999992615,2.6369999999992615,0.3404424904517622,0.3292014318090519,0.3501204495963055,210.68830528872653,206.40715783544107,214.55535007406263,6
40,0.25,even_idm_leader_cmd0,0.0,margin,0,idm,even,0.0,0.0,0.0,23.4375,23.4375,23.4375,0.0,0.0,0.0,0.028125,0.028125,0.028125,5.0,5.0,5.0,0.0,0.0,0.0,1.0,0.9999999999999999,0.6096569663469354,6,0.5625,0.5625,0.5625,0.0,0.0,0.0,0.0,0.0,0.0,6
20,1.5,even_idm_leader_N20,0.2,wave,0,idm,even,5.944827989618635,5.8101624002627315,6.1121734587039676,21.546420964520223,21.546420964520223,21.546420964520223,0.004954023324682196,0.004841802000218944,0.005093477882253308,0.6910652464529088,0.6910652464529088,0.6910652464529088,5.0,5.0,5.0,0.7855481259587296,0.7855481259587296,0.7855481259587296,1.0,0.9999999999999999,0.6096569663469354,6,0.10561965356669134,0.09728700042725791,0.11983423920187875,0.047598026834210216,0.043578595123370256,0.05772661833164605,118.8965597923727,116.20324800525464,122.24346917407937,6
40,2.1,front_idm_leader_d02,0.2,margin,0,idm,front,7.015369240379922,6.902582048627964,7.202118034591127,19.221536821795013,19.221536821795013,19.221536821795013,0.005846141033649935,0.0057521517071899685,0.00600176502882594,0.23892315891024934,0.23892315891024934,0.23892315891024934,5.0,5.0,5.0,0.3173783908256328,0.3173783908256328,0.3173783908256328,1.0,1.0,0.7574992425007574,12,2.3587499999998727,2.3587499999998727,2.3587499999998727,0.43094933046996076,0.4231501478776307,0.4330818911537113,280.6147696151969,276.1032819451185,288.0847213836451,12
40,1.9,even_idm_leader_d02,0.2,wave,0,idm,even,49.03884308692898,9.444747633763917,101.77682429013007,-2.1024849925283036,-27.876232009056825,20.09519403188518,0.04086570257244082,0.007870623028136597,0.08481402024177505,1.3051242496264153,0.8477208482227265,2.5938116004528413,5.000000000000004,5.0,5.000000000000004,7.017543859649123,0.9991542630793755,7.017543859649123,0.08333333333333333,0.35388592179859524,0.014864709450773478,1,46.1976823353159,3.605808335830176,71.74064022654841,20.0,2.5891136141971156,20.0,1961.5537234771593,377.7899053505567,4071.0729716052024,12
20,0.25,even_idm_leader_N20,0.2,predictive,0,idm,even,0.0,0.0,0.0,23.4375,23.4375,23.4375,0.0,0.0,0.0,0.028125,0.028125,0.028125,5.0,5.0,5.0,0.0,0.0,0.0,1.0,0.9999999999999999,0.6096569663469354,6,0.5625,0.5625,0.5625,0.0,0.0,0.0,0.0,0.0,0.0,6
80,2.2,even_idm_leader_N80,0.2,margin,0,idm,even,3.201821463312639,3.1521793162008214,3.2412932942600294,18.90519299544539,18.90519299544539,18.90519299544539,0.0026681845527605323,0.002626816096834018,0.002701077745216691,0.2547403502277305,0.2547403502277305,0.2547403502277305,5.0,5.0,5.0,0.3220537750554275,0.3181025637066063,0.3269304196817867,1.0,0.9999999999999999,0.6096569663469354,6,2.136500000000069,2.136500000000069,2.136500000000069,0.42499999999999005,0.42499999999999005,0.443749999999981,256.1457170650111,252.1743452960657,259.30346354080234,6
40,0.25,even_idm_leader_cmd04,0.4,margin,0,idm,even,0.0,0.0,0.0,23.4375,23.4375,23.4375,0.0,0.0,0.0,0.028125,0.028125,0.028125,5.0,5.0,5.0,0.0,0.0,0.0,1.0,0.9999999999999999,0.6096569663469354,6,0.5625,0.5625,0.5625,0.0,0.0,0.0,0.0,0.0,0.0,6
40,2.1,even_idm_leader_d02,0.2,margin,0,idm,even,6.019822272429051,5.974627202872071,6.1334596669099515,19.221536821795013,19.221536821795013,19.221536821795013,0.005016518560357543,0.004978856002393391,0.005111216389091627,0.23892315891024934,0.23892315891024934,0.23892315891024934,5.0,5.0,5.0,0.3173783908256328,0.3173783908256328,0.3191047113063074,1.0,1.0,0.7574992425007574,12,2.148000000000593,2.148000000000593,2.148000000000593,0.42499999999999005,0.4187499999999904,0.427367826163894,240.79289089716204,238.9850881148828,245.33838667639807,12
20,1.0,even_idm_leader_N20,0.2,predictive,0,idm,even,3.3124731025136476,3.3001293391195174,3.3188049808282427,21.882056486128107,21.882056486128107,21.882056486128107,0.0027603942520947064,0.002750107782599598,0.0027656708173568684,0.14285753923608713,0.14285753923608713,0.14285753923608713,5.0,5.0,5.0,0.23616672650552556,0.23355210497776824,0.24162825374993288,1.0,0.9999999999999999,0.6096569663469354,6,1.1585969387929254,1.1585969387929254,1.1585969387929254,0.12500000000001066,0.12500000000001066,0.12500000000001066,66.24946205027295,66.00258678239035,66.37609961656484,6
80,0.0,even_idm_leader_N80,0.2,wave,0,idm,even,0.0,0.0,0.0,24.0,24.0,24.0,0.0,0.0,0.0,3.102177080173935e-16,3.090095217198685e-16,5.368249321612628e-16,1.5510885400869676e-15,1.5450476085993421e-15,2.6841246608063143e-15,0.0,0.0,0.0,1.0,0.9999999999999999,0.6096569663469354,6,0.0,0.0,0.0,0.0,0.0,0.0,0.0,0.0,0.0,6
20,0.0,even_idm_leader_N20,0.2,predictive,0,idm,even,0.0,0.0,0.0,24.0,24.0,24.0,0.0,0.0,0.0,3.0436411107557075e-16,3.0034975833101663e-16,3.071038931925405e-16,1.5218205553778536e-15,1.5017487916550829e-15,1.5355194659627026e-15,0.0,0.0,0.0,1.0,0.9999999999999999,0.6096569663469354,6,0.0,0.0,0.0,0.0,0.0,0.0,0.0,0.0,0.0,6
40,1.7,even_idm_leader_d02,0.2,human,0,idm,even,167.45871016177284,149.06778628085695,190.30236593880122,-2.4630691551409463,-2.5125819242514638,-2.372490675929722,0.13954892513481068,0.12422315523404746,0.158585304949001,1.3231534577570474,1.318624533796486,1.3256290962125732,5.000000000000004,5.000000000000004,5.000000000000004,7.843137254901961,7.843137254901961,7.843137254901961,0.0,0.2425007574992425,0.0,0,112.50674053977554,95.8708845180766,122.78684972577214,20.0,20.0,20.0,6698.348406470913,5962.711451234278,7612.094637552048,12
80,2.5,even_idm_leader_N80,0.2,margin,0,idm,even,3.7006849269121957,3.63023122327328,3.7500014317384798,17.940824239627887,17.940824239627887,17.940824239627887,0.003083904105760163,0.003025192686061067,0.0031250011931154005,0.30295878801860565,0.30295878801860565,0.30295878801860565,5.0,5.0,5.0,0.3381358768007563,0.3329445331574059,0.3439367909138227,1.0,0.9999999999999999,0.6096569663469354,6,1.9768885814572172,1.964039766067117,2.0142851195948026,0.449999999999978,0.43124999999998703,0.449999999999978,296.05479415297566,290.4184978618624,300.0001145390784,6
40,1.0,even_idm_leader_cmd04,0.4,margin,0,idm,even,3.40743424874311,3.278654455929761,3.466798112445245,21.96675522775942,21.96675522775942,21.96675522775942,0.002839528540619258,0.002732212046608134,0.0028889984270377036,0.1618300440899868,0.1618300440899868,0.1618300440899868,5.0,5.0,5.0,0.4289121016803463,0.4289121016803463,0.4289121016803463,1.0,0.9999999999999999,0.6096569663469354,6,2.2320147507836055,2.1751144709357106,2.3593986107372302,0.4522555485643558,0.4377312020958497,0.45831858146254056,136.29736994972438,131.14617823719044,138.67192449780978,6
40,0.25,middle_idm_leader_d02,0.2,margin,0,idm,middle,0.2514822414657817,0.24942748756613745,0.25711471316615303,23.496776373227476,23.482488402869762,23.499945890668556,0.00020956853455481804,0.0002078562396384479,0.00021426226097179417,0.08080218984714313,0.07913134497617809,0.0869481745321135,5.0,5.0,5.0,0.707338965958679,0.6803881080123256,0.7378187125948253,1.0,1.0,0.7574992425007574,12,0.5032236267725239,0.5000541093314439,0.5175115971302375,0.005500363099571359,0.00449024225671657,0.0057472894752361725,10.059289658631267,9.977099502645498,10.284588526646122,12
40,2.5,middle_idm_leader_d02,0.2,margin,0,idm,middle,193.31517994223947,188.20987929576677,195.1679144011342,-102.52554149474042,-102.72868614941487,-102.33776895219103,0.16109598328519958,0.1568415660798056,0.16263992866761184,6.326277074737021,6.316888447609552,6.336434307470743,5.000000000000004,5.000000000000004,5.000000000000004,5.333333333333333,5.333333333333333,5.333333333333333,0.0,0.2425007574992425,0.0,0,126.60380652753608,126.47341742716603,140.6402868383993,20.0,20.0,20.0,7732.607197689579,7528.395171830669,7806.716576045368,12
40,1.8,even_idm_leader_cmd04,0.4,margin,0,idm,even,5.297303196344753,5.147168597469652,5.383535312116528,19.97482180146011,19.97482180146011,19.97482180146011,0.004414419330287295,0.004289307164558043,0.004486279426763773,0.20125890992699452,0.20125890992699452,0.20125890992699452,5.0,5.0,5.0,0.3597731786581764,0.3597731786581764,0.3597731786581764,1.0,0.9999999999999999,0.6096569663469354,6,2.0407499999898846,2.0407499999898846,2.0407499999898846,0.4749999988895759,0.46444103257959224,0.4810716833992288,211.89212785379016,205.8867438987861,215.3414124846611,6
40,1.7,even_idm_leader_d02,0.2,margin,0,idm,even,5.136393766463252,5.094212453733329,5.222283148390237,20.398261426893157,20.398261426893157,20.398261426893157,0.004280328138719376,0.0042451770447777745,0.004351902623658531,0.1949187838400666,0.1949187838400666,0.1949187838400666,5.0,5.0,5.0,0.32347790797516185,0.32347790797516185,0.3255533276664577,1.0,1.0,0.7574992425007574,12,2.854250000015554,2.854250000015554,2.854250000015554,0.4249999999999865,0.39999999999998437,0.42996433619858987,205.45575065853006,203.76849814933314,208.89132593560947,12
80,1.0,even_idm_leader_N80,0.2,margin,0,idm,even,1.9349998215750777,1.8774285127849584,1.9619853425393525,22.041091224490145,22.041091224490145,22.041091224490145,0.0016124998513125646,0.0015645237606541323,0.0016349877854494605,0.15796767347454377,0.15796767347454377,0.15796767347454377,5.0,5.0,5.0,0.3850567641661016,0.38330523773824393,0.391323204947198,1.0,0.9999999999999999,0.6096569663469354,6,2.3174557421377813,2.308725702868344,2.321088700588149,0.39200537970262417,0.3585026898513286,0.3999999999999915,154.7999857260062,150.1942810227967,156.9588274031482,6
40,1.5,front_idm_leader_d02,0.2,margin,0,idm,front,6.167563524927905,6.075893860035002,6.351376808681266,20.903158065760977,20.903158065760977,20.903158065760977,0.005139636270773254,0.005063244883362502,0.005292814007234388,0.18004402927351704,0.18004402927351704,0.18004402927351704,5.0,5.0,5.0,0.34133460735243504,0.34133460735243504,0.34133460735243504,1.0,1.0,0.7574992425007574,12,2.44602564126194,2.44602564126194,2.44602564126194,0.3855144052471253,0.38374865049453444,0.4033563797685833,246.70254099711622,243.03575440140008,254.05507234725064,12
40,0.25,rear_idm_leader_d02,0.2,margin,0,idm,rear,0.3760328251248195,0.37274853893946625,0.3837537661343947,23.592930630971644,23.590872024838642,23.59782869513661,0.00031336068760401625,0.00031062378244955523,0.00031979480511199555,0.08080218984714313,0.07913134497617809,0.0869481745321135,5.0,5.0,5.0,0.707338965958679,0.6803881080123256,0.7378187125948253,1.0,1.0,0.7574992425007574,12,0.059140731310478145,0.05220155718514263,0.06451008407101,0.029721286307905714,0.027588094013863973,0.033254081130419166,15.04131300499278,14.90994155757865,15.350150645375788,12
40,1.5,even_idm_leader_d02,0.2,predictive,0,idm,even,2.5196907605605188,2.472616017739902,2.6499081648076848,20.59906245446058,20.59906245446058,20.59906245446058,0.002099742300467099,0.002060513348116585,0.0022082568040064044,0.17004687727697104,0.17004687727697104,0.17004687727697104,5.0,5.0,5.0,0.2222220090665543,0.2222220090665543,0.22244873285635847,1.0,1.0,0.7574992425007574,12,1.1593034542221403,1.10167051986123,1.2385525166523763,0.14999999999999858,0.14999999999999858,0.17409292686491185,100.78763042242075,98.90464070959607,105.99632659230741,12
40,2.0,front_idm_leader_d02,0.2,margin,0,idm,front,6.874931627955309,6.765735329542852,7.061027219691918,19.56003271057392,19.56003271057392,19.56003271057392,0.0057291096899627575,0.005638112774619043,0.005884189349743265,0.22199836447130394,0.22199836447130394,0.22199836447130394,5.0,5.0,5.0,0.3165806789364443,0.3165806789364443,0.3165806789364443,1.0,1.0,0.7574992425007574,12,2.402499999994461,2.402499999994461,2.402499999994461,0.42314612501133375,0.41358023910314223,0.42793366420353784,274.99726511821234,270.6294131817141,282.4410887876767,12
20,1.5,even_idm_leader_N20,0.2,predictive,0,idm,even,4.698269318183446,4.68106608353167,4.704372447096187,20.59906245446058,20.59906245446058,20.59906245446058,0.003915224431819539,0.003900888402943059,0.003920310372580156,0.17004687727697104,0.17004687727697104,0.17004687727697104,5.0,5.0,5.0,0.22383927630733622,0.2222240841453266,0.22885182195773784,1.0,0.9999999999999999,0.6096569663469354,6,1.2423263010387586,1.2329385462460323,1.2839947551580053,0.14999999999999858,0.14999999999999858,0.14999999999999858,93.96538636366893,93.62132167063342,94.08744894192374,6
40,1.9,even_idm_leader_cmd04,0.4,margin,0,idm,even,5.506582935334341,5.344371747140765,5.573088547553704,19.72904833201028,19.72904833201028,19.72904833201028,0.004588819112778617,0.004453643122617304,0.004644240456294754,0.2157434402332361,0.2157434402332361,0.2157434402332361,5.0,5.0,5.0,0.35786361025327657,0.35786361025327657,0.35786361025327657,1.0,0.9999999999999999,0.6096569663469354,6,1.2939250093323835,1.2284666729844105,1.4822346439965486,0.47499999943756777,0.4665386823643969,0.4794859893893886,220.26331741337364,213.7748698856306,222.92354190214817,6
80,2.0,even_idm_leader_N80,0.2,predictive,0,idm,even,1.7063792795543167,1.6827019546735282,1.7630536955628382,19.272922396420682,19.272922396420682,19.272922396420682,0.0014219827329619303,0.001402251628894607,0.001469211412969032,0.23635388017896589,0.23635388017896589,0.23635388017896589,5.0,5.0,5.0,0.2521156583568415,0.249984159893175,0.25609341342449543,1.0,0.9999999999999999,0.6096569663469354,6,1.4926103102579873,1.4538601190042613,1.5852118528728454,0.20000000000000995,0.1997800792153681,0.21493704827961313,136.51034236434532,134.61615637388226,141.04429564502706,6
40,2.1,even_idm_leader_d02,0.2,predictive,0,idm,even,4.029608528671993,3.845734715157773,4.181299447565084,18.931757248300926,18.931757248300926,18.931757248300926,0.0033580071072266604,0.0032047789292981447,0.003484416206304236,0.25341213758495373,0.25341213758495373,0.25341213758495373,5.0,5.0,5.0,0.2539482849633405,0.2539482849633405,0.2548801613372295,1.0,1.0,0.7574992425007574,12,1.4083360899381887,1.3249535423335175,1.621423871040264,0.24811330401065668,0.20000000000000995,0.2857875660288922,161.18434114687972,153.82938860631094,167.25197790260333,12
80,1.5,even_idm_leader_N80,0.2,wave,0,idm,even,1.9717505182261497,1.8985597549632276,2.311412892765477,21.546420964520223,21.397205532673258,21.546420964520223,0.0016431254318551248,0.0015821331291360232,0.0019261774106378977,0.6910652464529088,0.6910652464529088,0.6910652464529088,5.0,5.0,5.0,0.7855481259587296,0.7855481259587296,0.8020903580418516,1.0,0.9999999999999999,0.6096569663469354,6,0.7437883864251091,0.5800628149779712,0.9156058385396832,0.4185255283074092,0.3291849899200763,0.5198408582024925,157.74004145809198,151.88478039705822,184.91303142123817,6
40,1.7,even_idm_leader_cmd04,0.4,margin,0,idm,even,4.910975664015302,4.77733193172191,4.99290528276732,20.251777019784384,20.251777019784384,20.251777019784384,0.004092479720012752,0.003981109943101592,0.004160754402306101,0.1949187838400666,0.1949187838400666,0.1949187838400666,5.0,5.0,5.0,0.36167911867200553,0.36167911867200553,0.36167911867200553,1.0,0.9999999999999999,0.6096569663469354,6,2.4867500000168548,2.4867500000168548,2.4867500000168548,0.47499999569770956,0.4569869567642799,0.4818660287101988,196.4390265606121,191.09327726887636,199.7162113106928,6
40,1.5,even_idm_internal8_d02,0.2,margin,8,idm,even,3.714724072641248,3.3678479342514254,3.8623980436291987,20.33855963998744,20.241107848691357,20.955609986286927,0.0030956033938677064,0.002806539945209521,0.003218665036357666,1.0,1.0,1.0000000000000002,5.0,5.0,5.000000000000001,0.8676713786672442,0.8649651606247271,0.8693071195520431,1.0,0.9999999999999999,0.6096569663469354,6,2.445468894931224,2.4041968472037496,2.5792762031082788,0.3828276816239953,0.3263644931689189,0.41832243468082364,148.5889629056499,134.71391737005703,154.49592174516795,6
80,2.0,even_idm_leader_N80,0.2,margin,0,idm,even,2.9286343362996172,2.8672169491537893,2.9680971611560434,19.56003271057392,19.56003271057392,19.56003271057392,0.0024405286135830147,0.0023893474576281576,0.002473414300963369,0.22199836447130394,0.22199836447130394,0.22199836447130394,5.0,5.0,5.0,0.3195272963975425,0.3165806789364443,0.32442433332488907,1.0,0.9999999999999999,0.6096569663469354,6,2.3075000000003456,2.3075000000003456,2.3075000000003456,0.42499999999999005,0.4062499999999911,0.42499999999999005,234.29074690396942,229.37735593230315,237.44777289248344,6
40,2.0,even_idm_leader_cmd04,0.4,margin,0,idm,even,5.702817082862607,5.525278122260518,5.7730193603600215,19.462153868621158,19.462153868621158,19.462153868621158,0.004752347569052172,0.0046043984352170985,0.004810849466966686,0.2268923065689421,0.2268923065689421,0.2268923065689421,5.0,5.0,5.0,0.3616510071143395,0.3616510071143395,0.3616510071143395,1.0,0.9999999999999999,0.6096569663469354,6,1.7236224126802426,1.655356028375877,1.9035099148122185,0.4749999998955037,0.47445888634076283,0.4762680762289895,228.11268331450427,221.01112489042077,230.92077441440088,6
40,2.1,even_idm_leader_d02,0.2,human,0,idm,even,252.1895409330138,243.09779847568535,257.6738186608367,-2.478585715848407,-2.5525337461826467,-2.411312147732925,0.21015795077751148,0.2025814987297378,0.2147281822173639,1.3239292857924205,1.320565607386646,1.3276266873091325,5.000000000000004,5.000000000000004,5.000000000000004,6.349206349206349,6.349206349206349,6.349206349206349,0.0,0.2425007574992425,0.0,0,121.55079674661329,93.1415355070053,130.836517354127,20.0,20.0,20.0,10087.581637320553,9723.911939027414,10306.952746433466,12
80,0.25,even_idm_leader_N80,0.2,predictive,0,idm,even,0.0,0.0,0.0,23.4375,23.4375,23.4375,0.0,0.0,0.0,0.028125,0.028125,0.028125,5.0,5.0,5.0,0.0,0.0,0.0,1.0,0.9999999999999999,0.6096569663469354,6,0.5625,0.5625,0.5625,0.0,0.0,0.0,0.0,0.0,0.0,6
40,1.7,middle_idm_leader_d02,0.2,margin,0,idm,middle,77.58423875352662,58.06354867058296,91.23220023070732,-70.1082711105033,-84.50702379950637,-50.80463656315097,0.06465353229460552,0.048386290558819135,0.07602683352558945,4.705413555525165,3.7402318281575484,5.425351189975318,5.000000000000004,5.000000000000004,5.000000000000004,7.843137254901961,7.544541649171593,7.843137254901961,0.0,0.2425007574992425,0.0,0,102.90892463490556,68.38748672095332,115.13427147709855,20.0,19.23858120538756,20.0,3103.369550141065,2322.5419468233185,3649.288009228293,12
20,1.8,even_idm_leader_N20,0.2,wave,0,idm,even,11.04745598484745,9.981107417980871,11.628350927798323,18.905309970466114,17.809577453299877,20.04520782334141,0.00920621332070621,0.008317589514984059,0.009690292439831936,0.8108967007441591,0.8108967007441591,0.9047878556342643,5.0,5.0,5.0,1.4371600812246377,1.046640871272814,1.7780133662996787,0.8333333333333334,0.9699474141282697,0.43649056343635395,5,0.958467073197653,0.6097642849534566,1.1874838838926678,0.3322718999189256,0.22448314222833776,0.39403811074772754,220.949119696949,199.62214835961743,232.56701855596646,6
80,1.0,even_idm_leader_N80,0.2,wave,0,idm,even,0.968114672794169,0.9399975909252734,1.0112423660979242,22.41719531546063,22.41719531546063,22.41719531546063,0.0008067622273284741,0.0007833313257710611,0.0008427019717482701,0.47616499802648427,0.47616499802648427,0.47616499802648427,5.0,5.0,5.0,0.7636366299609705,0.7636366299609705,0.7636366299609705,1.0,0.9999999999999999,0.6096569663469354,6,0.28218962167777306,0.2339141649754808,0.3108675306426605,0.15261536004496712,0.11988214871632596,0.15743991943050606,77.44917382353351,75.19980727402186,80.89938928783394,6
40,0.25,even_idm_leader_d02,0.2,wave,0,idm,even,0.35684272756858215,0.35387339983230104,0.36187133440740826,23.63545048406307,23.63545048406307,23.63545048406307,0.0002973689396404851,0.00029489449986025093,0.0003015594453395069,0.12363052410794312,0.12363052410794312,0.12363052410794312,5.0,5.0,5.0,0.7078878072353424,0.7078878072353424,0.7078878072353424,1.0,1.0,0.7574992425007574,12,0.046953272597221485,0.0440776396161624,0.04784745533078194,0.01830015912803873,0.016750824488154237,0.020107364730299615,14.273709102743286,14.154935993292042,14.47485337629633,12
80,0.0,even_idm_leader_N80,0.2,predictive,0,idm,even,0.0,0.0,0.0,24.0,24.0,24.0,0.0,0.0,0.0,3.102177080173935e-16,3.090095217198685e-16,5.368249321612628e-16,1.5510885400869676e-15,1.5450476085993421e-15,2.6841246608063143e-15,0.0,0.0,0.0,1.0,0.9999999999999999,0.6096569663469354,6,0.0,0.0,0.0,0.0,0.0,0.0,0.0,0.0,0.0,6
40,1.9,even_idm_internal8_d02,0.2,margin,8,idm,even,5.953638794717222,5.186919062440454,6.382685899662266,16.92181513522481,16.829071648736125,18.388261346166907,0.0049613656622643516,0.0043224325520337115,0.005318904916385221,1.0,1.0,1.0000000000000002,5.0,5.0,5.000000000000001,1.0913832388550524,0.9224318325520677,1.1163023600949153,1.0,0.9999999999999999,0.6096569663469354,6,2.7614847224493246,2.5497469494124516,3.0552543733342645,0.45949150128213745,0.4311922508029813,0.48298628728398096,238.14555178868886,207.47676249761815,255.30743598649062,6
40,1.8,even_ovm_leader_d02,0.2,margin,0,ovm,even,7.826574499997074,7.562314267032342,8.331013193468443,17.207804239131548,16.294157683063574,17.900041572746517,0.006522145416664229,0.006301928555860286,0.006942510994557036,0.33960978804342257,0.3049979213626742,0.38529211584682127,5.0,5.0,5.0,0.7867543703472086,0.6889470777618044,0.9055588888887012,0.0,0.3903430336530645,0.0,0,6.118679203081712,5.729509354981886,7.035841891376123,1.5038947711464985,1.3456653703218393,1.695085947998944,313.06297999988294,302.4925706812937,333.24052773873774,6
40,0.25,even_ovm_leader_d02,0.2,margin,0,ovm,even,0.0,0.0,0.0,23.4375,23.4375,23.4375,0.0,0.0,0.0,0.028125,0.028125,0.028125,5.0,5.0,5.0,0.0,0.0,0.0,1.0,0.9999999999999999,0.6096569663469354,6,0.5625,0.5625,0.5625,0.0,0.0,0.0,0.0,0.0,0.0,6
80,0.0,even_idm_leader_N80,0.2,margin,0,idm,even,0.0,0.0,0.0,24.0,24.0,24.0,0.0,0.0,0.0,3.102177080173935e-16,3.090095217198685e-16,5.368249321612628e-16,1.5510885400869676e-15,1.5450476085993421e-15,2.6841246608063143e-15,0.0,0.0,0.0,1.0,0.9999999999999999,0.6096569663469354,6,0.0,0.0,0.0,0.0,0.0,0.0,0.0,0.0,0.0,6
40,2.5,even_idm_leader_cmd0,0.0,margin,0,idm,even,7.331722325784989,7.142271459794906,7.4712699143088415,17.943901265816777,17.943901265816777,17.943901265816777,0.006109768604820824,0.005951892883162421,0.006226058261924034,0.30280493670916114,0.30280493670916114,0.30280493670916114,5.0,5.0,5.0,0.29333014016283887,0.29333014016283887,0.29333014016283887,1.0,0.9999999999999999,0.6096569663469354,6,2.8599991957310067,2.8599991957310067,2.8599991957310067,0.4357162923404463,0.41840359921267023,0.4506549213571125,293.26889303139956,285.6908583917962,298.8507965723536,6
80,1.8,even_idm_leader_N80,0.2,wave,0,idm,even,3.6498106395618573,3.4291405835303297,23.375401589657557,20.805422124623703,-9.125804050084135,20.903616561730292,0.003041508866301548,0.0028576171529419415,0.019479501324714633,0.8108967007441591,0.8108967007441591,1.8181467601115642,5.0,5.0,5.0000000000000036,0.8295453295540445,0.802032573254265,5.764006026194162,0.3333333333333333,0.7000116786584712,0.09676933255921683,2,1.8375067985052453,1.4970316063010074,37.56689881353663,1.196137306542738,0.9663095287203705,15.30784167987266,291.98485116494857,274.3312466824264,1870.0321271726048,6
20,2.2,even_idm_leader_N20,0.2,wave,0,idm,even,113.56585528148042,103.42344550413557,130.22827292350942,-27.453742802036544,-29.562149112443713,-26.02738354679328,0.09463821273456702,0.08618620458677964,0.10852356076959117,2.572687140101827,2.5013691773396642,2.678107455622186,5.000000000000004,5.000000000000004,5.000000000000004,6.0606060606060606,6.0606060606060606,6.0606060606060606,0.0,0.3903430336530645,0.0,0,104.24317167180547,93.16936592313962,108.91431034831794,6.647689940516381,6.352332183264667,9.612442039742447,2271.3171056296087,2068.4689100827113,2604.5654584701883,6
40,1.5,even_idm_leader_cmd04,0.4,margin,0,idm,even,4.481494763668846,4.337193647206756,4.561058438493145,20.76997882537276,20.76997882537276,20.76997882537276,0.003734578969724038,0.0036143280393389626,0.0038008820320776207,0.18004402927351704,0.18004402927351704,0.18004402927351704,5.0,5.0,5.0,0.3731435285351902,0.3731435285351902,0.3731435285351902,1.0,0.9999999999999999,0.6096569663469354,6,2.5037500000169075,2.5037500000169075,2.5037500000169075,0.4771996326972783,0.45457220470001847,0.48296585646494616,179.25979054675383,173.48774588827024,182.44233753972577,6
40,1.0,even_idm_internal8_d02,0.2,margin,8,idm,even,2.241764356722541,2.093856904963317,2.309118243055864,22.46292225150897,22.3834125635831,22.520206040232356,0.0018681369639354508,0.0017448807541360972,0.0019242652025465536,1.0,1.0,1.0,5.0,5.0,5.0,0.8693653029149099,0.8663033614577978,0.871457120693457,1.0,0.9999999999999999,0.6096569663469354,6,2.2513030664451605,2.1972504392994665,2.288158952230191,0.2555086748604083,0.23868022087472873,0.26027081824365084,89.67057426890165,83.75427619853266,92.36472972223459,6
40,2.0,even_idm_leader_cmd0,0.0,margin,0,idm,even,5.765887220850969,5.6393817585808215,5.852819581661105,19.702188065488627,19.702188065488627,19.702188065488627,0.004804906017375807,0.004699484798817352,0.004877349651384254,0.2157434402332361,0.2157434402332361,0.2157434402332361,5.0,5.0,5.0,0.2916611877818802,0.2916611877818802,0.2916611877818802,1.0,0.9999999999999999,0.6096569663469354,6,2.35124999999357,2.35124999999357,2.35124999999357,0.3643145874899112,0.34994646930818707,0.37423905831605797,230.63548883403874,225.57527034323286,234.1127832664442,6
40,1.7,even_ovm_leader_d02,0.2,margin,0,ovm,even,7.422174079606975,7.200040815272748,7.827590855712259,17.70289487761238,17.050687826752636,18.313761252670062,0.0061851450663391455,0.006000034012727291,0.0065229923797602155,0.31485525611938103,0.2843119373664969,0.34746560866236814,5.0,5.0,5.0,0.767738716223078,0.6787081255518683,0.8531117375661172,0.16666666666666666,0.563509436563646,0.03005258587173032,1,5.714614406071064,5.363415088987196,6.412338120288325,1.403674291392207,1.2702426071816513,1.5169279992913962,296.886963184279,288.00163261090995,313.10363422849036,6
40,2.1,even_ovm_leader_d02,0.2,margin,0,ovm,even,9.164574221113568,8.773860902897983,9.84272110434102,15.26195563271665,13.629342624851773,16.568970242710492,0.007637145184261306,0.007311550752414986,0.00820226758695085,0.43690221836416754,0.3715514878644754,0.5185328687574113,5.0,5.0,5.0,0.8665891634913341,0.7368008078658042,1.0209192852498024,0.0,0.3903430336530645,0.0,0,7.749784926671509,6.899516358719339,9.527263194137959,1.914248656773589,1.6001072119594628,2.1740292950602633,366.58296884454273,350.95443611591935,393.7088441736408,6
20,1.0,even_idm_leader_N20,0.2,wave,0,idm,even,2.7884397229820017,2.77093193003568,2.7918178447845827,22.41719531546063,22.41719531546063,22.41719531546063,0.0023236997691516684,0.0023091099416964,0.002326514870653818,0.47616499802648427,0.47616499802648427,0.47616499802648427,5.0,5.0,5.0,0.7636366299609705,0.7636366299609705,0.7636366299609705,1.0,0.9999999999999999,0.6096569663469354,6,0.08813377563319591,0.08201502805491145,0.09162474834576528,0.02074466389094809,0.019334933979864743,0.02212941269364954,55.76879445964004,55.41863860071361,55.836356895691644,6
40,1.0,even_ovm_leader_d02,0.2,margin,0,ovm,even,5.155714203985733,5.016908360638835,5.289379240733746,20.346115614310662,20.27812862786555,20.618327430257537,0.004296428503321444,0.004180756967199029,0.004407816033944788,0.18269421928446689,0.16908362848712316,0.19098380158682113,5.0,5.0,5.0,0.7853908983701363,0.7206817776631779,0.8325846824064804,0.8333333333333334,0.9699474141282697,0.43649056343635395,5,3.3764911123719514,3.1109913462505574,3.5231933255070516,0.8598082061683954,0.7934294425694768,0.8992083698303919,206.2285681594293,200.67633442555342,211.57516962934983,6
40,1.8,even_idm_leader_d02,0.2,margin,0,idm,even,5.309093405490318,5.2636009613516155,5.417445951373509,20.118271619165995,20.118271619165995,20.118271619165995,0.004424244504575264,0.00438633413445968,0.004514538292811256,0.1949187838400666,0.1949187838400666,0.1949187838400666,5.0,5.0,5.0,0.3239786377755459,0.3239786377755459,0.3257498549571025,1.0,1.0,0.7574992425007574,12,1.9829583795924464,1.9546560363957042,1.9951288294600715,0.4249999999999883,0.3999999999999897,0.4298550234906031,212.3637362196127,210.5440384540646,216.69783805494035,12
20,1.8,even_idm_leader_N20,0.2,predictive,0,idm,even,5.889856250241989,5.868169894276864,5.899842718439426,19.848370192974244,19.848370192974244,19.848370192974244,0.004908213541868324,0.004890141578564053,0.004916535598699521,0.2075814903512878,0.2075814903512878,0.2075814903512878,5.0,5.0,5.0,0.24445353128295905,0.2411857199048602,0.24991939711081018,1.0,0.9999999999999999,0.6096569663469354,6,1.4891349016368736,1.450144452547761,1.5750894813810135,0.17500000000000426,0.17500000000000426,0.17500000000000426,117.79712500483978,117.3633978855373,117.99685436878849,6
40,0.0,even_idm_internal8_d02,0.2,margin,8,idm,even,0.0,0.0,0.0,24.0,24.0,24.0,0.0,0.0,0.0,3.0898324511317082e-16,3.079885610981825e-16,3.0941718029409417e-16,1.544916225565854e-15,1.5399428054909127e-15,1.5470859014704707e-15,0.0,0.0,0.0,1.0,0.9999999999999999,0.6096569663469354,6,0.0,0.0,0.0,0.0,0.0,0.0,0.0,0.0,0.0,6
80,2.5,even_idm_leader_N80,0.2,wave,0,idm,even,100.37389095545868,98.00037934363716,106.25138921248418,-34.376142243818116,-34.44416631534189,-34.261905148037314,0.0836449091295489,0.08166698278636429,0.08854282434373684,2.9188071121909056,2.9130952574018654,2.9222083157670946,5.000000000000004,5.000000000000004,5.000000000000004,5.333333333333333,5.333333333333333,5.333333333333333,0.0,0.3903430336530645,0.0,0,95.02170883155691,89.73903720127174,99.3561050984036,20.0,20.0,20.0,8029.911276436695,7840.030347490972,8500.111136998736,6
40,3.5,even_idm_leader_d02,0.2,predictive,0,idm,even,8.774673407313383,8.663766875620487,8.889658887619923,13.674353219536897,13.674353219536897,13.674353219536897,0.00731222783942782,0.007219805729683739,0.007408049073016601,0.5162823390231551,0.5162823390231551,0.5162823390231551,5.0,5.0,5.0,0.3009379308324002,0.29976503313069713,0.3159493418689954,1.0,1.0,0.7574992425007574,12,3.1508404753412833,3.0582199926936795,3.361548729564589,0.49962593920843723,0.47378330097696697,0.5123502676590856,350.98693629253535,346.5506750248195,355.58635550479687,12
40,3.0,even_ovm_leader_d02,0.2,margin,0,ovm,even,17.018355102680097,15.598845572069484,18.89289991114383,3.0801581612057873,-4.203426656420348,5.113164789322937,0.014181962585566747,0.012999037976724569,0.015744083259286525,1.0674668910653935,1.0,1.4101713328210175,5.0,5.0,5.0,1.7878561923817644,1.4565946556092833,2.0124778100783125,0.0,0.3903430336530645,0.0,0,16.662971502395123,15.285610922229708,26.2335038374555,7.041214760854311,5.920948565435883,8.132666519188636,680.7342041072039,623.9538228827793,755.7159964457533,6
40,3.0,rear_idm_leader_d02,0.2,margin,0,idm,rear,306.5981498377068,306.19745971673143,308.34952476733054,-57.312084273838224,-58.25042750816317,-56.516361970846894,0.255498458198089,0.25516454976394287,0.2569579373061087,4.065604213691911,4.025818098542345,4.112521375408159,5.000000000000004,5.000000000000004,5.000000000000004,4.444444444444445,4.444444444444445,4.444444444444445,0.0,0.3903430336530645,0.0,0,118.66028252339459,106.45524389879,143.18097484455578,20.0,20.0,20.0,12263.92599350827,12247.898388669259,12333.98099069322,6
40,4.0,even_idm_leader_cmd04,0.4,margin,0,idm,even,13.293205611112533,12.942223640692987,13.851317467409807,11.91771903438439,11.91771903438439,11.91771903438439,0.011077671342593777,0.010785186367244157,0.011542764556174838,0.6041140482807805,0.6041140482807805,0.6041140482807805,5.0,5.0,5.0,0.48498158487708753,0.4637079218216365,0.6311790822818523,1.0,0.9999999999999999,0.6096569663469354,6,2.7073158026742874,2.678564969513104,2.8025612008403726,0.7360129874762471,0.6812499999999808,0.8130139718578917,531.7282244445014,517.6889456277195,554.0526986963922,6
40,3.0,even_idm_leader_d02,0.2,predictive,0,idm,even,6.910376123263152,6.803378512606634,6.977594326029825,15.70082118003802,15.70082118003802,15.70082118003802,0.005758646769385959,0.005669482093838862,0.005814661938358188,0.41495894099809905,0.41495894099809905,0.41495894099809905,5.0,5.0,5.0,0.28362421997056153,0.2832591331061486,0.2899144948075093,1.0,1.0,0.7574992425007574,12,2.547714910582272,2.483208458246196,2.607519953789975,0.41569704845511346,0.39440399638459755,0.4279883032589531,276.41504493052605,272.1351405042654,279.10377304119305,12
40,4.0,even_idm_leader_d02,0.2,margin,0,idm,even,13.0731554001338,12.912701802149144,13.193349955507482,12.096727966740218,12.096727966740218,12.096727966740218,0.010894296166778165,0.010760584835124286,0.010994458296256233,0.5951636016629891,0.5951636016629891,0.5951636016629891,5.0,5.0,5.0,0.39246013680384273,0.37068921391872234,0.46322812468753227,1.0,1.0,0.7574992425007574,12,3.1154791455230395,2.992441478622979,3.226836906563193,0.6749999682155128,0.6262542588641349,0.6825137066062092,522.926216005352,516.5080720859658,527.7339982202993,12
80,4.0,even_idm_leader_N80,0.2,predictive,0,idm,even,5.1582774054579215,5.086281693639029,5.304493298928785,11.555740756002223,11.555740756002223,11.555740756002223,0.004298564504548267,0.004238568078032525,0.004420411082440653,0.6222129621998889,0.6222129621998889,0.6222129621998889,5.0,5.0,5.0,0.3188280101007367,0.31289909617699757,0.36303633062417573,1.0,0.9999999999999999,0.6096569663469354,6,3.963579728550542,3.8012697685920926,4.066427726120608,0.5637071679730621,0.5506035839859136,0.5785425085555245,412.6621924366337,406.90253549112236,424.35946391430275,6
20,3.0,even_idm_leader_N20,0.2,margin,0,idm,even,13.609506492495619,13.578908048628486,13.623972395027875,16.115330595552763,16.115330595552763,16.115330595552763,0.011341255410413016,0.011315756707190407,0.011353310329189898,0.3942334702223619,0.3942334702223619,0.3942334702223619,5.0,5.0,5.0,0.33429100094140396,0.3286806852711736,0.34112599190217885,1.0,0.9999999999999999,0.6096569663469354,6,2.1399999999996453,2.1399999999996453,2.1399999999996453,0.325009231061685,0.27260659624813144,0.3625042156363678,272.1901298499124,271.5781609725698,272.4794479005575,6
80,3.5,even_idm_leader_N80,0.2,predictive,0,idm,even,4.244695634338239,4.176423485916398,4.307252669482061,13.674353219536897,13.674353219536897,13.674353219536897,0.003537246361948532,0.003480352904930331,0.003589377224568384,0.5162823390231551,0.5162823390231551,0.5162823390231551,5.0,5.0,5.0,0.30326423336869235,0.29976503313069713,0.3152155665293142,1.0,0.9999999999999999,0.6096569663469354,6,3.6310768653076195,3.5098606879490006,3.636282069429569,0.474901055085045,0.4559629938230394,0.4758230266444823,339.57565074705906,334.1138788733118,344.5802135585649,6
80,4.5,even_idm_leader_N80,0.2,predictive,0,idm,even,6.329112124759008,6.2152349947745105,6.499029580831255,9.234120354019865,9.234120354019865,9.234120354019865,0.0052742601039658405,0.005179362495645426,0.005415857984026045,0.7382939822990068,0.7382939822990068,0.7382939822990068,5.0,5.0,5.0,0.3626574188378052,0.3559560701494284,0.4506673257320724,1.0,0.9999999999999999,0.6096569663469354,6,4.6317636699047,4.429108327955674,4.681648652944844,0.612661448479809,0.6000807242398833,0.6249999999999956,506.3289699807207,497.21879958196087,519.9223664665003,6
40,4.0,even_ovm_leader_d02,0.2,margin,0,ovm,even,40.08853988570617,39.606425561929875,40.79606067969568,-39.18680293283819,-41.948086526483465,-38.32308549794118,0.03340711657142181,0.03300535463494156,0.033996717233079725,3.1593401466419095,3.116154274897059,3.297404326324173,5.0,5.0,5.0,2.64535149345316,2.6133802665805383,2.693790666861298,0.0,0.3903430336530645,0.0,0,63.18680293283819,62.32308549794118,65.94808652648346,11.99035060392647,11.747590536060859,12.321873008143474,1603.5415954282469,1584.257022477195,1631.842427187827,6
40,4.5,even_idm_leader_d02,0.2,margin,0,idm,even,15.895486165783737,15.632952357330248,16.443459317100604,9.80848356489821,9.80848356489821,9.80848356489821,0.013246238471486448,0.013027460297775208,0.013702882764250506,0.7095758217550895,0.7095758217550895,0.7144531078356682,5.0,5.0,5.0,0.5385907571020274,0.4757859735175154,0.6593355841336919,0.9166666666666666,0.9851352905492264,0.6461140782014047,11,3.8628257521614557,3.4528647226131,4.127557345895809,0.812499999999984,0.7749999999996691,0.8738518756083034,635.8194466313495,625.3180942932099,657.7383726840242,12
40,4.0,even_idm_leader_d02,0.2,predictive,0,idm,even,10.811845723407576,10.642260130234531,10.856144770027907,11.555740756002223,11.555740756002223,11.555740756002223,0.009009871436172979,0.008868550108528776,0.00904678730835659,0.6222129621998889,0.6222129621998889,0.6222129621998889,5.0,5.0,5.0,0.3254797145217546,0.31221111491224046,0.35776471692273537,1.0,1.0,0.7574992425007574,12,3.8405967527068583,3.7614719653715554,3.9009592884055735,0.5908427963484364,0.5485743716088667,0.6074095693466957,432.473828936303,425.6904052093813,434.2457908011163,12
20,3.5,even_idm_leader_N20,0.2,margin,0,idm,even,16.74966047310518,16.72363113208737,16.766932128137615,14.20792036867158,14.20792036867158,14.20792036867158,0.013958050394254315,0.013936359276739474,0.013972443440114677,0.489603981566421,0.489603981566421,0.489603981566421,5.0,5.0,5.0,0.36059364585244,0.34337329277648954,0.37211474615768775,1.0,0.9999999999999999,0.6096569663469354,6,1.9075000000002547,1.9075000000002547,1.9075000000002547,0.3778292577623876,0.3562742145112683,0.395153061491329,334.99320946210355,334.4726226417474,335.3386425627523,6
40,4.5,even_idm_leader_d02,0.2,predictive,0,idm,even,13.294159337946088,13.143393015494828,13.526520636875532,9.234120354019865,9.234120354019865,9.234120354019865,0.011078466114955074,0.010952827512912357,0.011272100530729611,0.7382939822990068,0.7382939822990068,0.7382939822990068,5.0,5.0,5.0,0.411764116801763,0.3803479719569238,0.4916200607543756,0.9166666666666666,0.9851352905492264,0.6461140782014047,11,4.610941868752377,4.446566378815632,4.636615756336994,0.6501060497852116,0.629404467912674,0.6544021911620979,531.7663735178435,525.735720619793,541.0608254750214,12
40,4.0,front_idm_leader_d02,0.2,margin,0,idm,front,12.08016512282495,11.63651470940035,12.341245427291561,12.096727966740218,12.096727966740218,12.096727966740218,0.01006680426902079,0.009697095591166958,0.010284371189409633,0.5951636016629891,0.5951636016629891,0.5951636016629891,5.0,5.0,5.0,0.34526586556937505,0.34526586556937505,0.34526586556937505,1.0,0.9999999999999999,0.6096569663469354,6,2.7262500000013006,2.7262500000013006,2.7262500000013006,0.7672404042984589,0.7394674137783976,0.7938535922839032,483.206604912998,465.460588376014,493.6498170916624,6
20,4.5,even_idm_leader_N20,0.2,margin,0,idm,even,33.52153521003292,28.003651238148144,35.809194106933674,-16.98938089130604,-22.0882597954989,-0.0773884968682097,0.027934612675027434,0.023336376031790118,0.029840995089111394,2.049469044565302,1.2312549926641938,2.304412989774945,5.0,5.0,5.0000000000000036,1.8365425491233243,1.4041181701073822,1.9868257435561216,0.16666666666666666,0.563509436563646,0.03005258587173032,1,22.74974164437714,9.158256028995254,33.44099667397546,3.2941042787856283,1.0645226355038675,4.249024494950887,670.4307042006585,560.0730247629629,716.1838821386734,6
20,3.5,even_idm_leader_N20,0.2,predictive,0,idm,even,14.939767885235293,14.907833606520562,14.956492300073819,13.674353219536897,13.674353219536897,13.674353219536897,0.01244980657102941,0.012423194672100468,0.01246374358339485,0.5162823390231551,0.5162823390231551,0.5162823390231551,5.0,5.0,5.0,0.30356178347785856,0.3002774573703905,0.3094949038140278,1.0,0.9999999999999999,0.6096569663469354,6,1.5951457513234573,1.5279147089117942,1.7702301689298565,0.3318893021950764,0.30343306529053216,0.40626619481621074,298.79535770470585,298.15667213041127,299.1298460014764,6
40,4.0,even_idm_internal8_d02,0.2,margin,8,idm,even,171.90095980304397,169.3742212294732,176.02116035691333,-86.30055001482768,-87.34097152899328,-85.56799025934252,0.14325079983586997,0.14114518435789436,0.1466843002974278,5.515027500741383,5.478399512967126,5.567048576449665,5.000000000000004,5.000000000000004,5.000000000000004,3.3333333333333335,3.3333333333333335,3.3333333333333335,0.0,0.3903430336530645,0.0,0,105.14620126727203,104.80324736771747,105.57320552750306,20.0,20.0,20.0,6876.03839212176,6774.9688491789275,7040.846414276533,6
40,3.0,front_idm_leader_d02,0.2,margin,0,idm,front,9.212496730578613,8.861458868638774,9.41636761788163,16.115330595552763,16.115330595552763,16.115330595552763,0.0076770806088155095,0.007384549057198977,0.00784697301490136,0.3942334702223619,0.3942334702223619,0.3942334702223619,5.0,5.0,5.0,0.32756199473345443,0.32756199473345443,0.32756199473345443,1.0,0.9999999999999999,0.6096569663469354,6,2.302500000000464,2.302500000000464,2.302500000000464,0.5839161210816215,0.5673126157422832,0.5960783162445447,368.4998692231445,354.45835474555093,376.65470471526527,6
40,3.5,even_ovm_leader_d02,0.2,margin,0,ovm,even,23.691082536073047,21.70973738513587,33.30456844224015,-14.255496868992822,-31.946129962125852,-9.161267255016995,0.019742568780060872,0.018091447820946557,0.02775380703520012,1.912774843449641,1.6580633627508499,2.7973064981062925,5.0,5.0,5.000000000000002,2.120645720587242,1.9026912867944055,2.7055336926146207,0.0,0.3903430336530645,0.0,0,37.88780311769446,32.75786249951396,55.80294236826947,8.301024835060884,7.3944062779876125,10.836518140085557,947.6433014429219,868.3894954054348,1332.1827376896058,6
40,3.5,middle_idm_leader_d02,0.2,margin,0,idm,middle,230.70307496591255,223.0906284655352,230.87085490781104,-103.37247460536099,-103.38717346148485,-103.34885788798093,0.19225256247159378,0.18590885705461266,0.19239237908984252,6.36862373026805,6.367442894399046,6.369358673074243,5.000000000000004,5.000000000000004,5.000000000000004,3.8095238095238093,3.8095238095238093,3.8095238095238093,0.0,0.3903430336530645,0.0,0,127.38329402476717,127.37094433237561,148.7615775298218,20.0,20.0,20.0,9228.122998636502,8923.625138621408,9234.834196312442,6
40,3.5,even_idm_leader_d02,0.2,margin,0,idm,even,10.840189263892324,10.734358719019784,10.960468597665672,14.20792036867158,14.20792036867158,14.20792036867158,0.009033491053243602,0.008945298932516485,0.00913372383138806,0.489603981566421,0.489603981566421,0.489603981566421,5.0,5.0,5.0,0.348860235298889,0.3376129673180792,0.3731779516773851,1.0,1.0,0.7574992425007574,12,2.5687760920741596,2.166481773273361,2.7012382529077854,0.5729596749897627,0.5496990557620105,0.5891746665496624,433.607570555693,429.3743487607913,438.41874390662696,12
40,4.0,even_idm_leader_cmd0,0.0,margin,0,idm,even,12.909376631070764,12.568265683333827,12.996491939093222,12.173968247974898,12.173968247974898,12.173968247974898,0.010757813859225637,0.010473554736111524,0.010830409949244352,0.5913015876012551,0.5913015876012551,0.5913015876012551,5.0,5.0,5.0,0.328971595970654,0.328971595970654,0.36468834037777026,1.0,0.9999999999999999,0.6096569663469354,6,3.152962381790786,2.999009875353579,3.3337177600521954,0.6592900532721409,0.6448625913650519,0.6937214643377185,516.3750652428305,502.73062733335314,519.8596775637288,6
80,3.5,even_idm_leader_N80,0.2,margin,0,idm,even,5.315265514561402,5.216228385085358,5.414927970054208,14.20792036867158,14.20792036867158,14.20792036867158,0.004429387928801168,0.004346856987571132,0.004512439975045172,0.489603981566421,0.489603981566421,0.489603981566421,5.0,5.0,5.0,0.3451491145503085,0.3382688415373282,0.3850958825746096,1.0,0.9999999999999999,0.6096569663469354,6,2.6147038984390463,2.4774348535515855,2.7988515130602423,0.5315043018208705,0.5107264406200827,0.6062499998722846,425.22124116491216,417.29827080682867,433.1942376043366,6
80,4.5,even_idm_leader_N80,0.2,margin,0,idm,even,7.59793553156162,7.436435089636042,7.830137288572152,9.80848356489821,9.80848356489821,9.80848356489821,0.0063316129429680165,0.006197029241363367,0.006525114407143459,0.7095758217550895,0.7095758217550895,0.7095758217550895,5.0,5.0,5.0,0.4394152845659276,0.42950668677211334,0.5620636270498484,1.0,0.9999999999999999,0.6096569663469354,6,3.3734245672474685,3.21636551973684,3.446148444878432,0.7999999999999776,0.762499999999994,0.8374999999999932,607.8348425249296,594.9148071708833,626.4109830857722,6
40,3.5,rear_idm_leader_d02,0.2,margin,0,idm,rear,320.3115091199862,319.86015379183203,322.03233118885566,-57.667101375630665,-58.58149431371826,-56.855048654727135,0.26692625759998856,0.26655012815986,0.26836027599071305,4.083355068781533,4.042752432736357,4.129074715685913,5.000000000000004,5.000000000000004,5.000000000000004,3.8095238095238093,3.8095238095238093,3.8095238095238093,0.0,0.3903430336530645,0.0,0,119.50463425182062,101.15985243381715,146.7958860443079,20.0,20.0,20.0,12812.460364799452,12794.40615167328,12881.293247554226,6
40,4.5,even_idm_leader_cmd04,0.4,margin,0,idm,even,19.5167371090413,17.399780202014764,72.82567188468661,7.83037286837515,-61.61297679040964,9.803562163295283,0.01626394759086775,0.014499816835012301,0.06068805990390553,0.962815696066275,0.8146163093482655,4.303863634188669,5.0,5.0,5.0000000000000036,0.9135209127644172,0.7442028957432034,2.4832099228121884,0.16666666666666666,0.563509436563646,0.03005258587173032,1,4.479619452959838,4.01126477470099,82.11168918928955,2.087245635896144,1.1815546121615954,15.67730054154555,780.669484361652,695.9912080805905,2913.026875387465,6
40,4.5,front_idm_leader_d02,0.2,margin,0,idm,front,13.734788522458143,13.238610874904687,14.028589631038708,9.80848356489821,9.80848356489821,9.80848356489821,0.011445657102048453,0.01103217572908724,0.011690491359198923,0.7095758217550895,0.7095758217550895,0.7095758217550895,5.0,5.0,5.0,0.3585290750924407,0.3585290750924407,0.3585290750924407,1.0,0.9999999999999999,0.6096569663469354,6,2.6424917373906283,2.6424917373906283,2.6424917373906283,0.8751771021839598,0.841913189163332,0.9094965073060495,549.3915408983257,529.5444349961875,561.1435852415483,6
20,4.0,even_idm_leader_N20,0.2,predictive,0,idm,even,18.12330373837361,18.091209778847187,18.13920654228238,11.555740756002223,11.555740756002223,11.555740756002223,0.015102753115311344,0.01507600814903932,0.015116005451901983,0.6222129621998889,0.6222129621998889,0.6222129621998889,5.0,5.0,5.0,0.3529815178714397,0.32594111378836804,0.37940221348677544,1.0,0.9999999999999999,0.6096569663469354,6,1.6846167904520257,1.4624463551746203,1.8857829167297098,0.3448846513523609,0.30901599361082965,0.36849472186358767,362.46607476747226,361.8241955769437,362.7841308456476,6
40,3.5,even_idm_internal8_d02,0.2,margin,8,idm,even,162.1324391809241,158.11433232052127,163.43073164418942,-85.3069020545181,-85.37598143734286,-84.66073933454476,0.13511036598410342,0.1317619436004344,0.13619227637015785,5.465345102725905,5.433036966727238,5.468799071867142,5.000000000000004,5.000000000000004,5.000000000000004,3.8095238095238093,3.8095238095238093,3.8095238095238093,0.0,0.3903430336530645,0.0,0,105.05583521093564,104.80272243759784,105.52889863781094,20.0,20.0,20.0,6485.297567236963,6324.573292820851,6537.229265767577,6
40,3.0,even_idm_leader_cmd0,0.0,margin,0,idm,even,8.91316816909664,8.675746049920937,9.0202281917093,16.244003254589472,16.244003254589472,16.244003254589472,0.0074276401409138675,0.007229788374934115,0.007516856826424417,0.38779983727052636,0.38779983727052636,0.38779983727052636,5.0,5.0,5.0,0.30553636645261484,0.30553636645261484,0.31249159537325455,1.0,0.9999999999999999,0.6096569663469354,6,2.637499999999818,2.637499999999818,2.637499999999818,0.5166848162457818,0.49270103346246774,0.5332723958419354,356.52672676386567,347.02984199683755,360.809127668372,6
40,3.5,even_idm_leader_cmd0,0.0,margin,0,idm,even,10.702065977528722,10.420343819505593,10.805600507938331,14.229133774006897,14.229133774006897,14.229133774006897,0.008918388314607268,0.008683619849587996,0.009004667089948612,0.48854331129965517,0.48854331129965517,0.48854331129965517,5.0,5.0,5.0,0.31422773181852615,0.31422773181852615,0.33236620161902874,1.0,0.9999999999999999,0.6096569663469354,6,2.488845868365786,2.4862499999976535,2.58332486674783,0.5864371873645311,0.5746877611811643,0.6206869124233538,428.08263910114886,416.8137527802237,432.22402031753325,6
40,3.0,middle_idm_leader_d02,0.2,margin,0,idm,middle,216.6748271412403,215.8166088174474,217.00147581996498,-103.33408208088534,-103.36054786637533,-103.32277753094567,0.1805623559510336,0.17984717401453948,0.18083456318330413,6.366704104044267,6.366138876547284,6.368027393318766,5.000000000000004,5.000000000000004,5.000000000000004,4.444444444444445,4.444444444444445,4.444444444444445,0.0,0.3903430336530645,0.0,0,127.3533449437308,127.32423296009462,144.9377987866907,20.0,20.0,20.0,8666.993085649614,8632.664352697895,8680.0590327986,6
40,4.0,rear_idm_leader_d02,0.2,margin,0,idm,rear,325.8516572704075,325.28010846034834,326.4139614027722,-57.781897169632565,-58.67020103968989,-56.95303232705095,0.27154304772533955,0.2710667570502903,0.27201163450231014,4.089094858481628,4.047651616352548,4.133510051984494,5.000000000000004,5.000000000000004,5.000000000000004,3.3333333333333335,3.3333333333333335,3.3333333333333335,0.0,0.3903430336530645,0.0,0,118.19378631370904,103.98640373476118,144.95553835858348,20.0,20.0,20.0,13034.0662908163,13011.204338413936,13056.558456110886,6
80,3.0,even_idm_leader_N80,0.2,margin,0,idm,even,4.396623818041161,4.334717798472779,4.467806054689406,16.115330595552763,16.115330595552763,16.115330595552763,0.0036638531817009675,0.003612264832060649,0.0037231717122411714,0.3942334702223619,0.3942334702223619,0.3942334702223619,5.0,5.0,5.0,0.33273012972017646,0.32756199473345443,0.34427091070278765,1.0,0.9999999999999999,0.6096569663469354,6,2.1399999999996453,2.1399999999996453,2.1399999999996453,0.465045446076191,0.4512727230380831,0.47499999999998366,351.72990544329286,346.77742387782234,357.4244843751525,6
40,4.5,rear_idm_leader_d02,0.2,margin,0,idm,rear,333.00611281183524,331.4933531282473,335.448501210004,-57.78550287487735,-58.71415513764115,-57.00001038782236,0.27750509400986273,0.27624446094020605,0.2795404176750033,4.089275143743867,4.0500005193911175,4.1357077568820575,5.000000000000004,5.000000000000004,5.000000000000004,2.962962962962963,2.962962962962963,2.962962962962963,0.0,0.3903430336530645,0.0,0,117.82997321271881,115.01662228374133,140.4326217374143,20.0,20.0,20.0,13320.244512473411,13259.734125129891,13417.94004840016,6
40,3.5,even_idm_leader_cmd04,0.4,margin,0,idm,even,11.144983675148161,10.827737384856219,11.239971714606884,14.05906780402114,14.05906780402114,14.05906780402114,0.0092874863959568,0.009023114487380182,0.009366643095505736,0.497046609798943,0.497046609798943,0.497046609798943,5.0,5.0,5.0,0.37823783563259944,0.3730429987993027,0.44292056250758605,1.0,0.9999999999999999,0.6096569663469354,6,1.8265400229693682,1.5939864086662823,2.0670343384327055,0.6001708778054287,0.5749999999999922,0.6438354389027019,445.7993470059264,433.1094953942488,449.59886858427535,6
80,4.0,even_idm_leader_N80,0.2,margin,0,idm,even,6.3588341801920425,6.229660343583497,6.482553413511414,12.096727966740218,12.096727966740218,12.096727966740218,0.0052990284834933685,0.005191383619652915,0.005402127844592844,0.5951636016629891,0.5951636016629891,0.5951636016629891,5.0,5.0,5.0,0.3627658618172636,0.35649269999161587,0.44136479206786366,1.0,0.9999999999999999,0.6096569663469354,6,2.8750583133916052,2.6653028454693555,2.9366405440855914,0.6999999999689823,0.6562499999999929,0.7249999999844876,508.70673441536337,498.3728274866798,518.6042730809131,6
40,3.0,even_idm_leader_d02,0.2,margin,0,idm,even,8.900209613866902,8.797446090872741,9.008527364852618,16.115330595552763,16.115330595552763,16.115330595552763,0.007416841344889085,0.007331205075727284,0.007507106137377181,0.3942334702223619,0.3942334702223619,0.3942334702223619,5.0,5.0,5.0,0.3303277261302454,0.32756199473345443,0.34378329728027385,1.0,1.0,0.7574992425007574,12,2.1399999999996453,2.1399999999996453,2.1399999999996453,0.49739037200635217,0.47261913957720125,0.514361207371623,356.008384554676,351.89784363490963,360.3410945941047,12
80,3.0,even_idm_leader_N80,0.2,predictive,0,idm,even,3.3429387181371997,3.291096627657264,3.3952581356460403,15.70082118003802,15.70082118003802,15.70082118003802,0.002785782265114333,0.00274258052304772,0.002829381779705034,0.41495894099809905,0.41495894099809905,0.41495894099809905,5.0,5.0,5.0,0.2872480504009738,0.2832591331061486,0.29176598369124424,1.0,0.9999999999999999,0.6096569663469354,6,2.996709195654006,2.7985831587845382,3.1329849048744336,0.3826945374137143,0.3824964047812536,0.40169036993398155,267.43509745097595,263.2877302125811,271.62065085168325,6
40,3.5,front_idm_leader_d02,0.2,margin,0,idm,front,10.608623986887075,10.211572561023731,10.83946727127195,14.20792036867158,14.20792036867158,14.20792036867158,0.008840519989072562,0.008509643800853109,0.009032889392726626,0.489603981566421,0.489603981566421,0.489603981566421,5.0,5.0,5.0,0.3376129673180792,0.3376129673180792,0.3376129673180792,1.0,0.9999999999999999,0.6096569663469354,6,2.9722802255048464,2.9722802255048464,2.9722802255048464,0.6833746472443263,0.6508199843676188,0.7133149135351147,424.34495947548294,408.4629024409492,433.578690850878,6
20,4.5,even_idm_leader_N20,0.2,predictive,0,idm,even,22.11336385083255,21.880592164032397,22.706680090344154,9.234120354019865,6.130379430012056,9.234120354019865,0.018427803209027125,0.01823382680336033,0.01892223340862013,0.8928015999323464,0.7577675866916083,0.9923536999988201,5.0,5.0,5.0,0.750894400032206,0.5928772896029242,0.9783136794466296,0.8333333333333334,0.9699474141282697,0.43649056343635395,5,1.5480790618180436,0.5837543950988788,2.0062805479661847,0.21381163178783957,0.16597733448949548,0.39440581771959415,442.267277016651,437.6118432806479,454.1336018068831,6
20,3.0,even_idm_leader_N20,0.2,predictive,0,idm,even,11.852851028080622,11.818015479283606,11.865862850250572,15.70082118003802,15.70082118003802,15.70082118003802,0.009877375856733851,0.009848346232736336,0.009888219041875475,0.41495894099809905,0.41495894099809905,0.41495894099809905,5.0,5.0,5.0,0.2885091437951929,0.28409281331398223,0.2944580822588932,1.0,0.9999999999999999,0.6096569663469354,6,1.4585474138350492,1.374545043376628,1.5384123105620802,0.30000005281948816,0.2840044330077429,0.32189953613882594,237.05702056161243,236.3603095856721,237.3172570050114,6
40,4.5,even_ovm_leader_d02,0.2,margin,0,ovm,even,45.67880249402148,43.299614875863725,48.640909705675554,-41.63397372017175,-44.57958506927494,-39.23643467234264,0.0380656687450179,0.0360830123965531,0.0405340914213963,3.2816986860085873,3.1618217336171317,3.428979253463747,5.0,5.0,5.0,2.387852969805194,2.356318887822031,2.42411892808424,0.0,0.3903430336530645,0.0,0,65.63397372017175,63.23643467234264,68.57958506927494,12.21628334331558,11.709254994230587,12.524039445415859,1827.152099760859,1731.984595034549,1945.6363882270223,6
20,4.0,even_idm_leader_N20,0.2,margin,0,idm,even,20.12711861775068,20.093976082794914,20.1664694483442,12.096727966740218,12.096727966740218,12.096727966740218,0.016772598848125566,0.01674498006899576,0.0168053912069535,0.5951636016629891,0.5951636016629891,0.5961327791082427,5.0,5.0,5.0,0.533761169741382,0.45676387847088906,0.6321915190712207,0.8333333333333334,0.9699474141282697,0.43649056343635395,5,1.9775000000004184,1.9775000000004184,1.9775000000004184,0.3375008000848361,0.3069093236394851,0.4250004150280384,402.5423723550136,401.8795216558982,403.329388966884,6
40,4.5,even_idm_internal8_d02,0.2,margin,8,idm,even,179.38982919974035,176.45893577598167,181.49690951606755,-86.64464447500568,-87.3370916440749,-86.28871275379083,0.14949152433311697,0.1470491131466514,0.151247424596723,5.532232223750285,5.514435637689541,5.566854582203746,5.000000000000004,5.000000000000004,5.000000000000004,2.962962962962963,2.962962962962963,2.962962962962963,0.0,0.3903430336530645,0.0,0,105.14630865185345,104.92941142086016,105.62751002601794,20.0,20.0,20.0,7175.593167989614,7058.357431039267,7259.876380642703,6
40,3.0,even_idm_leader_cmd04,0.4,margin,0,idm,even,9.015153207034556,8.748847787854409,9.055280191326935,15.979445394536441,15.979445394536441,15.979445394536441,0.007512627672528797,0.007290706489878674,0.007546066826105778,0.40102773027317795,0.40102773027317795,0.40102773027317795,5.0,5.0,5.0,0.3643409132088327,0.3643409132088327,0.39348393075172616,1.0,0.9999999999999999,0.6096569663469354,6,2.3662500000145883,2.3662500000145883,2.3662500000145883,0.549999999999983,0.5312499999999973,0.5683259595678196,360.60612828138227,349.9539115141763,362.2112076530774,6
40,3.0,even_idm_internal8_d02,0.2,margin,8,idm,even,138.79329400920224,137.84134169885357,143.00679547236092,-80.95156613039447,-81.71059966378189,-80.39822788695716,0.11566107834100187,0.11486778474904463,0.11917232956030077,5.247578306519722,5.219911394347858,5.285529983189095,5.000000000000004,5.000000000000004,5.000000000000004,4.444444444444445,4.444444444444445,4.444444444444445,0.0,0.3903430336530645,0.0,0,104.73402545379739,104.39822788695716,105.27758189895182,20.0,20.0,20.0,5551.731760368089,5513.653667954143,5720.271818894436,6
40,4.0,middle_idm_leader_d02,0.2,margin,0,idm,middle,235.01194372475683,228.72101418152943,235.54764429399393,-103.32748226984148,-103.35313348424535,-103.32184702079994,0.19584328643729737,0.19060084515127448,0.19628970357832828,6.366374113492073,6.366092351039997,6.3676566742122676,5.000000000000004,5.000000000000004,5.000000000000004,3.3333333333333335,3.3333333333333335,3.3333333333333335,0.0,0.3903430336530645,0.0,0,127.39175678021218,127.32228175139106,147.24971527202723,20.0,20.0,20.0,9400.477748990274,9148.840567261175,9421.905771759757,6
40,4.5,even_idm_leader_cmd0,0.0,margin,0,idm,even,15.382282257256417,14.945000482614246,15.464790675413447,9.934305214609594,9.934305214609594,9.934305214609594,0.01281856854771368,0.012454167068845206,0.01288732556284454,0.7032847392695203,0.7032847392695203,0.7032847392695203,5.0,5.0,5.0,0.3939818126175212,0.3862598516193487,0.4730052065579622,1.0,0.9999999999999999,0.6096569663469354,6,3.8673123456549376,3.6203255553252376,4.011449023128947,0.7537608791677961,0.7302939302391547,0.7653378710745313,615.2912902902567,597.8000193045699,618.5916270165379,6
40,4.5,middle_idm_leader_d02,0.2,margin,0,idm,middle,230.57883781801314,229.82959462341404,242.83295064622217,-103.37084809521669,-103.37871836346218,-103.34244694127393,0.19214903151501095,0.19152466218617836,0.2023607922051851,6.368542404760834,6.367122347063698,6.368935918173109,5.000000000000004,5.000000000000004,5.000000000000004,2.962962962962963,2.962962962962963,2.962962962962963,0.0,0.3903430336530645,0.0,0,127.39589944748741,127.36899132788481,142.54003094441163,20.0,20.0,20.0,9223.153512720524,9193.183784936562,9713.318025848886,6
